[html.awaikenthemes.com/luxine/index.html]
[backblue.gif]
[fade.gif]
[index.html]
[html.awaikenthemes.com/luxine/images/favicon.png]
[html.awaikenthemes.com/luxine/css/bootstrap.min.css]
[fonts.googleapis.com/index.html]
[html.awaikenthemes.com/luxine/css/slicknav.min.css]
[html.awaikenthemes.com/luxine/css/swiper-bundle.min.css]
[html.awaikenthemes.com/luxine/css/all.min.css]
[html.awaikenthemes.com/luxine/css/animate.css]
[html.awaikenthemes.com/luxine/css/magnific-popup.css]
[html.awaikenthemes.com/luxine/css/mousecursor.css]
[html.awaikenthemes.com/luxine/css/custom.css]
[html.awaikenthemes.com/luxine/images/loader.svg]
[html.awaikenthemes.com/luxine/images/icon-phone-white.svg]
[html.awaikenthemes.com/luxine/images/icon-mail-white.svg]
[html.awaikenthemes.com/luxine/images/logo.svg]
[html.awaikenthemes.com/luxine/index-2.html]
[html.awaikenthemes.com/luxine/index-3.html]
[html.awaikenthemes.com/luxine/index-4.html]
[html.awaikenthemes.com/luxine/about.html]
[html.awaikenthemes.com/luxine/services.html]
[html.awaikenthemes.com/luxine/blog.html]
[html.awaikenthemes.com/luxine/service-single.html]
[html.awaikenthemes.com/luxine/blog-single.html]
[html.awaikenthemes.com/luxine/projects.html]
[html.awaikenthemes.com/luxine/project-single.html]
[html.awaikenthemes.com/luxine/team.html]
[html.awaikenthemes.com/luxine/team-single.html]
[html.awaikenthemes.com/luxine/pricing.html]
[html.awaikenthemes.com/luxine/testimonials.html]
[html.awaikenthemes.com/luxine/image-gallery.html]
[html.awaikenthemes.com/luxine/video-gallery.html]
[html.awaikenthemes.com/luxine/faqs.html]
[html.awaikenthemes.com/luxine/404.html]
[html.awaikenthemes.com/luxine/contact.html]
[html.awaikenthemes.com/luxine/images/icon-asterisk-white.svg]
[html.awaikenthemes.com/luxine/images/about-us-image-1.jpg]
[www.youtube.com/watch60d8.html]
[html.awaikenthemes.com/luxine/images/about-us-image-2.jpg]
[html.awaikenthemes.com/luxine/images/icon-about-item-1.svg]
[html.awaikenthemes.com/luxine/images/icon-about-item-2.svg]
[html.awaikenthemes.com/luxine/images/author-1.jpg]
[html.awaikenthemes.com/luxine/images/service-1.jpg]
[html.awaikenthemes.com/luxine/images/icon-service-item-1.svg]
[html.awaikenthemes.com/luxine/images/arrow-primary.svg]
[html.awaikenthemes.com/luxine/images/icon-service-item-2.svg]
[html.awaikenthemes.com/luxine/images/icon-service-item-3.svg]
[html.awaikenthemes.com/luxine/images/icon-service-item-4.svg]
[html.awaikenthemes.com/luxine/images/icon-why-choose-us-item.svg]
[html.awaikenthemes.com/luxine/images/contact-us-circle.svg]
[html.awaikenthemes.com/luxine/images/why-choose-image-1.jpg]
[html.awaikenthemes.com/luxine/images/why-choose-image-2.jpg]
[html.awaikenthemes.com/luxine/images/intro-video-image.jpg]
[html.awaikenthemes.com/luxine/images/icon-how-works-item-1.svg]
[html.awaikenthemes.com/luxine/images/icon-how-works-item-2.svg]
[html.awaikenthemes.com/luxine/images/icon-how-works-item-3.svg]
[html.awaikenthemes.com/luxine/images/icon-how-works-item-4.svg]
[html.awaikenthemes.com/luxine/images/our-project-image-1.jpg]
[html.awaikenthemes.com/luxine/images/our-project-image-2.jpg]
[html.awaikenthemes.com/luxine/images/our-project-image-3.jpg]
[html.awaikenthemes.com/luxine/images/our-project-image-4.jpg]
[html.awaikenthemes.com/luxine/images/our-project-image-5.jpg]
[html.awaikenthemes.com/luxine/images/our-project-image-6.jpg]
[html.awaikenthemes.com/luxine/images/company-slider-logo-1.svg]
[html.awaikenthemes.com/luxine/images/company-slider-logo-2.svg]
[html.awaikenthemes.com/luxine/images/company-slider-logo-3.svg]
[html.awaikenthemes.com/luxine/images/company-slider-logo-4.svg]
[html.awaikenthemes.com/luxine/images/company-slider-logo-5.svg]
[html.awaikenthemes.com/luxine/images/our-awards-image.jpg]
[html.awaikenthemes.com/luxine/images/our-award-item-image-1.png]
[html.awaikenthemes.com/luxine/images/our-award-item-image-2.png]
[html.awaikenthemes.com/luxine/images/our-award-item-image-3.png]
[html.awaikenthemes.com/luxine/images/our-award-item-image-4.png]
[html.awaikenthemes.com/luxine/images/icon-pricing-1.svg]
[html.awaikenthemes.com/luxine/images/icon-pricing-2.svg]
[html.awaikenthemes.com/luxine/images/icon-pricing-3.svg]
[html.awaikenthemes.com/luxine/images/icon-pricing-benefit-1.svg]
[html.awaikenthemes.com/luxine/images/icon-pricing-benefit-2.svg]
[html.awaikenthemes.com/luxine/images/icon-pricing-benefit-3.svg]
[html.awaikenthemes.com/luxine/images/our-testimonial-image.jpg]
[html.awaikenthemes.com/luxine/images/author-2.jpg]
[html.awaikenthemes.com/luxine/images/author-3.jpg]
[html.awaikenthemes.com/luxine/images/author-4.jpg]
[html.awaikenthemes.com/luxine/images/testimonial-company-logo-1.svg]
[html.awaikenthemes.com/luxine/images/testimonial-item-quote.svg]
[html.awaikenthemes.com/luxine/images/testimonial-company-logo-2.svg]
[html.awaikenthemes.com/luxine/images/testimonial-company-logo-3.svg]
[html.awaikenthemes.com/luxine/images/post-1.jpg]
[html.awaikenthemes.com/luxine/images/post-2.jpg]
[html.awaikenthemes.com/luxine/images/post-3.jpg]
[html.awaikenthemes.com/luxine/images/arrow-white.svg]
[html.awaikenthemes.com/luxine/js/jquery-3.7.1.min.js]
[html.awaikenthemes.com/luxine/js/bootstrap.min.js]
[html.awaikenthemes.com/luxine/js/validator.min.js]
[html.awaikenthemes.com/luxine/js/jquery.slicknav.js]
[html.awaikenthemes.com/luxine/js/swiper-bundle.min.js]
[html.awaikenthemes.com/luxine/js/jquery.waypoints.min.js]
[html.awaikenthemes.com/luxine/js/jquery.counterup.min.js]
[html.awaikenthemes.com/luxine/js/jquery.magnific-popup.min.js]
[html.awaikenthemes.com/luxine/js/SmoothScroll.js]
[html.awaikenthemes.com/luxine/js/parallaxie.js]
[html.awaikenthemes.com/luxine/js/gsap.min.js]
[html.awaikenthemes.com/luxine/js/magiccursor.js]
[html.awaikenthemes.com/luxine/js/SplitText.min.js]
[html.awaikenthemes.com/luxine/js/ScrollTrigger.min.js]
[html.awaikenthemes.com/luxine/js/jquery.mb.YTPlayer.min.js]
[html.awaikenthemes.com/luxine/js/wow.min.js]
[html.awaikenthemes.com/luxine/index.html]
[html.awaikenthemes.com/luxine/js/function.js]
[fonts.googleapis.com/index.html]
[fonts.gstatic.com/index.html]
[fonts.gstatic.com/s/dmsans/v17/rP2rp2ywxg089UriCZaSExd86J3t9jz86Mvy4qCRAL19DksVat-JDG3z.ttf]
[fonts.gstatic.com/s/dmsans/v17/rP2rp2ywxg089UriCZaSExd86J3t9jz86Mvy4qCRAL19DksVat8JDW3z.ttf]
[fonts.gstatic.com/s/dmsans/v17/rP2rp2ywxg089UriCZaSExd86J3t9jz86Mvy4qCRAL19DksVat_XDW3z.ttf]
[fonts.gstatic.com/s/dmsans/v17/rP2rp2ywxg089UriCZaSExd86J3t9jz86Mvy4qCRAL19DksVat-JDW3z.ttf]
[fonts.gstatic.com/s/dmsans/v17/rP2rp2ywxg089UriCZaSExd86J3t9jz86Mvy4qCRAL19DksVat-7DW3z.ttf]
[fonts.gstatic.com/s/dmsans/v17/rP2rp2ywxg089UriCZaSExd86J3t9jz86Mvy4qCRAL19DksVat9XCm3z.ttf]
[fonts.gstatic.com/s/dmsans/v17/rP2rp2ywxg089UriCZaSExd86J3t9jz86Mvy4qCRAL19DksVat9uCm3z.ttf]
[fonts.gstatic.com/s/dmsans/v17/rP2rp2ywxg089UriCZaSExd86J3t9jz86Mvy4qCRAL19DksVat8JCm3z.ttf]
[fonts.gstatic.com/s/dmsans/v17/rP2rp2ywxg089UriCZaSExd86J3t9jz86Mvy4qCRAL19DksVat8gCm3z.ttf]
[fonts.gstatic.com/s/dmsans/v17/rP2tp2ywxg089UriI5-g4vlH9VoD8CmcqZG40F9JadbnoEwAop1hTg.ttf]
[fonts.gstatic.com/s/dmsans/v17/rP2tp2ywxg089UriI5-g4vlH9VoD8CmcqZG40F9JadbnoEwAIpxhTg.ttf]
[fonts.gstatic.com/s/dmsans/v17/rP2tp2ywxg089UriI5-g4vlH9VoD8CmcqZG40F9JadbnoEwA_JxhTg.ttf]
[fonts.gstatic.com/s/dmsans/v17/rP2tp2ywxg089UriI5-g4vlH9VoD8CmcqZG40F9JadbnoEwAopxhTg.ttf]
[fonts.gstatic.com/s/dmsans/v17/rP2tp2ywxg089UriI5-g4vlH9VoD8CmcqZG40F9JadbnoEwAkJxhTg.ttf]
[fonts.gstatic.com/s/dmsans/v17/rP2tp2ywxg089UriI5-g4vlH9VoD8CmcqZG40F9JadbnoEwAfJthTg.ttf]
[fonts.gstatic.com/s/dmsans/v17/rP2tp2ywxg089UriI5-g4vlH9VoD8CmcqZG40F9JadbnoEwARZthTg.ttf]
[fonts.gstatic.com/s/dmsans/v17/rP2tp2ywxg089UriI5-g4vlH9VoD8CmcqZG40F9JadbnoEwAIpthTg.ttf]
[fonts.gstatic.com/s/dmsans/v17/rP2tp2ywxg089UriI5-g4vlH9VoD8CmcqZG40F9JadbnoEwAC5thTg.ttf]
[fonts.gstatic.com/s/spacegrotesk/v22/V8mQoQDjQSkFtoMM3T6r8E7mF71Q-gOoraIAEj62UUsj.ttf]
[fonts.gstatic.com/s/spacegrotesk/v22/V8mQoQDjQSkFtoMM3T6r8E7mF71Q-gOoraIAEj7oUUsj.ttf]
[fonts.gstatic.com/s/spacegrotesk/v22/V8mQoQDjQSkFtoMM3T6r8E7mF71Q-gOoraIAEj7aUUsj.ttf]
[fonts.gstatic.com/s/spacegrotesk/v22/V8mQoQDjQSkFtoMM3T6r8E7mF71Q-gOoraIAEj42Vksj.ttf]
[fonts.googleapis.com/css2e86a.css]
[html.awaikenthemes.com/luxine/css/bootstrap.min.css]
[html.awaikenthemes.com/luxine/css/slicknav.min.css]
[html.awaikenthemes.com/luxine/css/swiper-bundle.min.css]
[html.awaikenthemes.com/luxine/css/all.min.css]
[html.awaikenthemes.com/luxine/css/animate.css]
[html.awaikenthemes.com/luxine/css/magnific-popup.css]
[html.awaikenthemes.com/luxine/css/mousecursor.css]
[fonts.gstatic.com/s/spacegrotesk/v22/V8mQoQDjQSkFtoMM3T6r8E7mF71Q-gOoraIAEj4PVksj.ttf]
[html.awaikenthemes.com/luxine/images/dark-section-bg-shape.png]
[html.awaikenthemes.com/luxine/images/icon-sub-heading.svg]
[html.awaikenthemes.com/luxine/images/hero-bg.jpg]
[html.awaikenthemes.com/luxine/images/.about-us-image-bg.png]
[html.awaikenthemes.com/luxine/images/section-bg-shape-1.png]
[html.awaikenthemes.com/luxine/images/section-bg-shape-2.png]
[html.awaikenthemes.com/luxine/images/section-bg-shape-3.png]
[html.awaikenthemes.com/luxine/images/section-bg-shape-4.png]
[html.awaikenthemes.com/luxine/images/icon-asterisk.svg]
[html.awaikenthemes.com/luxine/images/page-header-bg.jpg]
[html.awaikenthemes.com/luxine/images/cta-bg.jpg]
[html.awaikenthemes.com/luxine/images/sidebar-cta-bg.jpg]
[html.awaikenthemes.com/luxine/images/icon-blockquote.svg]
[html.awaikenthemes.com/luxine/images/hero-bg-image-metal.jpg]
[html.awaikenthemes.com/luxine/images/about-us-images-bg-metal.png]
[html.awaikenthemes.com/luxine/images/about-us-image-1-bg-metal.png]
[html.awaikenthemes.com/luxine/images/hero-bg-elite.jpg]
[html.awaikenthemes.com/luxine/css/custom.css]
[html.awaikenthemes.com/luxine/images/loader.svg]
[html.awaikenthemes.com/luxine/images/icon-phone-white.svg]
[html.awaikenthemes.com/luxine/images/icon-mail-white.svg]
[html.awaikenthemes.com/luxine/images/logo.svg]
[html.awaikenthemes.com/luxine/index-2.html]
[html.awaikenthemes.com/luxine/images/image-corner-bg-shape-elite.svg]
[html.awaikenthemes.com/luxine/images/icon-hero-body-item-1-metal.svg]
[html.awaikenthemes.com/luxine/images/icon-hero-body-item-2-metal.svg]
[html.awaikenthemes.com/luxine/images/hero-image-metal.png]
[html.awaikenthemes.com/luxine/images/get-in-touch-circle-metal.svg]
[html.awaikenthemes.com/luxine/images/about-us-image-1-metal.jpg]
[html.awaikenthemes.com/luxine/images/about-us-image-2-metal.jpg]
[html.awaikenthemes.com/luxine/images/about-achievement-image-metal.png]
[html.awaikenthemes.com/luxine/images/author-5.jpg]
[html.awaikenthemes.com/luxine/images/icon-service-item-1-metal.svg]
[html.awaikenthemes.com/luxine/images/icon-service-item-2-metal.svg]
[html.awaikenthemes.com/luxine/images/icon-service-item-3-metal.svg]
[html.awaikenthemes.com/luxine/images/icon-service-item-4-metal.svg]
[html.awaikenthemes.com/luxine/images/why-choose-image-1-metal.png]
[html.awaikenthemes.com/luxine/images/get-in-touch-circle-accent-metal.svg]
[html.awaikenthemes.com/luxine/images/why-choose-image-2-metal.jpg]
[html.awaikenthemes.com/luxine/images/icon-why-choose-item-1-metal.svg]
[html.awaikenthemes.com/luxine/images/what-we-do-image-metal.jpg]
[html.awaikenthemes.com/luxine/images/what-we-item-1-metal.png]
[html.awaikenthemes.com/luxine/images/what-we-item-2-metal.png]
[html.awaikenthemes.com/luxine/images/icon-what-we-counter-item-1-metal.svg]
[html.awaikenthemes.com/luxine/images/icon-what-we-counter-item-2-metal.svg]
[html.awaikenthemes.com/luxine/images/icon-what-we-counter-item-3-metal.svg]
[html.awaikenthemes.com/luxine/images/icon-what-we-counter-item-4-metal.svg]
[html.awaikenthemes.com/luxine/images/our-benefits-image-1-metal.jpg]
[html.awaikenthemes.com/luxine/images/our-benefits-image-2-metal.png]
[html.awaikenthemes.com/luxine/images/our-benefits-image-3-metal.jpg]
[html.awaikenthemes.com/luxine/images/our-benefits-body-image-metal.jpg]
[html.awaikenthemes.com/luxine/images/icon-pricing-item-1-metal.svg]
[html.awaikenthemes.com/luxine/images/icon-pricing-item-2-metal.svg]
[html.awaikenthemes.com/luxine/index-3.html]
[html.awaikenthemes.com/luxine/images/icon-pricing-item-3-metal.svg]
[html.awaikenthemes.com/luxine/images/about-us-image-elite.jpg]
[html.awaikenthemes.com/luxine/images/get-in-touch-circle-elite.svg]
[html.awaikenthemes.com/luxine/images/icon-about-achievement-elite.svg]
[html.awaikenthemes.com/luxine/images/about-achievement-image-elite.png]
[html.awaikenthemes.com/luxine/images/icon-about-1-elite.svg]
[html.awaikenthemes.com/luxine/images/icon-about-2-elite.svg]
[html.awaikenthemes.com/luxine/images/icon-about-counter-box.svg]
[html.awaikenthemes.com/luxine/images/service-1-elite.jpg]
[html.awaikenthemes.com/luxine/images/icon-service-item-1-elite.svg]
[html.awaikenthemes.com/luxine/images/service-2-elite.jpg]
[html.awaikenthemes.com/luxine/images/icon-service-item-2-elite.svg]
[html.awaikenthemes.com/luxine/images/service-3-elite.jpg]
[html.awaikenthemes.com/luxine/images/icon-service-item-3-elite.svg]
[html.awaikenthemes.com/luxine/images/service-4-elite.jpg]
[html.awaikenthemes.com/luxine/images/icon-service-item-4-elite.svg]
[html.awaikenthemes.com/luxine/images/icon-why-choose-client-box-elite.svg]
[html.awaikenthemes.com/luxine/images/why-choose-image-1-elite.jpg]
[html.awaikenthemes.com/luxine/images/why-choose-image-2-elite.jpg]
[html.awaikenthemes.com/luxine/images/icon-why-choose-item-1-elite.svg]
[html.awaikenthemes.com/luxine/images/icon-why-choose-item-2-elite.svg]
[html.awaikenthemes.com/luxine/images/icon-why-choose-item-3-elite.svg]
[html.awaikenthemes.com/luxine/images/icon-why-choose-item-4-elite.svg]
[html.awaikenthemes.com/luxine/images/icon-how-it-work-1-elite.svg]
[html.awaikenthemes.com/luxine/images/how-work-image-1-elite.jpg]
[html.awaikenthemes.com/luxine/images/icon-how-it-work-2-elite.svg]
[html.awaikenthemes.com/luxine/images/how-work-image-2-elite.jpg]
[html.awaikenthemes.com/luxine/images/icon-how-it-work-3-elite.svg]
[html.awaikenthemes.com/luxine/images/how-work-image-3-elite.jpg]
[html.awaikenthemes.com/luxine/images/icon-how-it-work-4-elite.svg]
[html.awaikenthemes.com/luxine/images/how-work-image-4-elite.jpg]
[html.awaikenthemes.com/luxine/images/icon-how-it-work-5-elite.svg]
[html.awaikenthemes.com/luxine/images/how-work-image-5-elite.jpg]
[html.awaikenthemes.com/luxine/images/icon-pricing-1-elite.svg]
[html.awaikenthemes.com/luxine/images/icon-pricing-2-elite.svg]
[html.awaikenthemes.com/luxine/images/icon-pricing-3-elite.svg]
[html.awaikenthemes.com/luxine/images/faqs-image-elite.jpg]
[html.awaikenthemes.com/luxine/images/faqs-award-image-elite.png]
[html.awaikenthemes.com/luxine/index-4.html]
[html.awaikenthemes.com/luxine/images/icon-what-we-do-1.svg]
[html.awaikenthemes.com/luxine/images/icon-what-we-do-2.svg]
[html.awaikenthemes.com/luxine/images/what-we-do-image-1.jpg]
[html.awaikenthemes.com/luxine/images/what-we-do-image-2.jpg]
[html.awaikenthemes.com/luxine/images/icon-what-we-do-3.svg]
[html.awaikenthemes.com/luxine/images/icon-what-we-do-4.svg]
[html.awaikenthemes.com/luxine/images/our-features-image.jpg]
[html.awaikenthemes.com/luxine/images/watch-our-video-circle.svg]
[html.awaikenthemes.com/luxine/images/icon-our-features-1.svg]
[html.awaikenthemes.com/luxine/images/icon-our-features-2.svg]
[html.awaikenthemes.com/luxine/images/icon-cta-1.svg]
[html.awaikenthemes.com/luxine/images/icon-cta-2.svg]
[html.awaikenthemes.com/luxine/images/icon-cta-3.svg]
[html.awaikenthemes.com/luxine/images/team-1.jpg]
[html.awaikenthemes.com/luxine/images/team-2.jpg]
[html.awaikenthemes.com/luxine/images/team-3.jpg]
[html.awaikenthemes.com/luxine/images/team-4.jpg]
[html.awaikenthemes.com/luxine/about.html]
[html.awaikenthemes.com/luxine/images/icon-service-item-5.svg]
[html.awaikenthemes.com/luxine/images/icon-service-item-6.svg]
[html.awaikenthemes.com/luxine/images/icon-service-item-7.svg]
[html.awaikenthemes.com/luxine/services.html]
[html.awaikenthemes.com/luxine/images/icon-service-item-8.svg]
[html.awaikenthemes.com/luxine/images/post-4.jpg]
[html.awaikenthemes.com/luxine/images/post-5.jpg]
[html.awaikenthemes.com/luxine/images/post-6.jpg]
[html.awaikenthemes.com/luxine/blog.html]
[html.awaikenthemes.com/luxine/images/icon-service-why-choose-1.svg]
[html.awaikenthemes.com/luxine/images/icon-service-why-choose-2.svg]
[html.awaikenthemes.com/luxine/images/icon-service-why-choose-3.svg]
[html.awaikenthemes.com/luxine/images/icon-service-why-choose-4.svg]
[html.awaikenthemes.com/luxine/images/icon-service-process-1.svg]
[html.awaikenthemes.com/luxine/images/icon-service-process-2.svg]
[html.awaikenthemes.com/luxine/service-single.html]
[html.awaikenthemes.com/luxine/blog-single.html]
[html.awaikenthemes.com/luxine/projects.html]
[html.awaikenthemes.com/luxine/images/icon-service-process-3.svg]
[html.awaikenthemes.com/luxine/images/project-overview-image.jpg]
[html.awaikenthemes.com/luxine/images/icon-project-overview-1.svg]
[html.awaikenthemes.com/luxine/images/icon-project-solution-item-1.svg]
[html.awaikenthemes.com/luxine/images/icon-project-solution-item-2.svg]
[html.awaikenthemes.com/luxine/project-single.html]
[html.awaikenthemes.com/luxine/images/icon-project-solution-item-3.svg]
[html.awaikenthemes.com/luxine/images/team-5.jpg]
[html.awaikenthemes.com/luxine/images/team-6.jpg]
[html.awaikenthemes.com/luxine/images/team-7.jpg]
[html.awaikenthemes.com/luxine/images/team-8.jpg]
[html.awaikenthemes.com/luxine/team.html]
[html.awaikenthemes.com/luxine/images/icon-location-white.svg]
[html.awaikenthemes.com/luxine/team-single.html]
[html.awaikenthemes.com/luxine/pricing.html]
[html.awaikenthemes.com/luxine/testimonials.html]
[html.awaikenthemes.com/luxine/images/icon-clock.svg]
[html.awaikenthemes.com/luxine/images/gallery-1.jpg]
[html.awaikenthemes.com/luxine/images/gallery-2.jpg]
[html.awaikenthemes.com/luxine/images/gallery-3.jpg]
[html.awaikenthemes.com/luxine/images/gallery-4.jpg]
[html.awaikenthemes.com/luxine/images/gallery-5.jpg]
[html.awaikenthemes.com/luxine/images/gallery-6.jpg]
[html.awaikenthemes.com/luxine/images/gallery-7.jpg]
[html.awaikenthemes.com/luxine/images/gallery-8.jpg]
[html.awaikenthemes.com/luxine/images/gallery-9.jpg]
[html.awaikenthemes.com/luxine/image-gallery.html]
[html.awaikenthemes.com/luxine/video-gallery.html]
[html.awaikenthemes.com/luxine/faqs.html]
[html.awaikenthemes.com/luxine/images/404-error-img.png]
[html.awaikenthemes.com/luxine/404.html]
[html.awaikenthemes.com/luxine/images/icon-phone-accent.svg]
[html.awaikenthemes.com/luxine/images/icon-mail-accent.svg]
[html.awaikenthemes.com/luxine/contact.html]
[html.awaikenthemes.com/luxine/images/icon-location-accent.svg]
[www.youtube.com/s/desktop/14cba078/img/favicon.ico]
[www.youtube.com/s/desktop/14cba078/img/favicon_32x32.png]
[www.youtube.com/s/desktop/14cba078/img/favicon_48x48.png]
[www.youtube.com/s/desktop/14cba078/img/favicon_96x96.png]
[www.youtube.com/s/desktop/14cba078/img/favicon_144x144.png]
[www.youtube.com/s/desktop/14cba078/jsbin/web-animations-next-lite.min.vflset/web-animations-next-lite.min.js]
[www.youtube.com/s/desktop/14cba078/jsbin/webcomponents-all-noPatch.vflset/webcomponents-all-noPatch.js]
[www.youtube.com/s/desktop/14cba078/jsbin/fetch-polyfill.vflset/fetch-polyfill.js]
[www.youtube.com/s/desktop/14cba078/jsbin/intersection-observer.min.vflset/intersection-observer.min.js]
[www.youtube.com/s/desktop/14cba078/jsbin/scheduler.vflset/scheduler.js]
[www.youtube.com/s/desktop/14cba078/jsbin/www-i18n-constants-en_US.vflset/www-i18n-constants.js]
[www.youtube.com/opensearch97fa]
[www.youtube.com/manifest.webmanifest]
[www.youtube.com/android-app_/com.google.android.youtube/http/www.youtube.com/watch60d8.html]
[www.youtube.com/ios-app_/544007664/vnd.youtube/www.youtube.com/watch.12460d8.delayed]
[www.youtube.com/oembed87e9.json]
[www.youtube.com/oembed3d55]
[i.ytimg.com/vi/Y-x0efG1seA/maxresdefault75cd.jpg]
[www.youtube.com/@LeighonYouTube.html]
[www.youtube.com/embed/Y-x0efG1seA.html]
[i.ytimg.com/vi/Y-x0efG1seA/hqdefault.jpg]
[www.youtube.com/s/player/8fb635c2/player_ias.vflset/en_US/base.js]
[www.youtube.com/s/desktop/14cba078/jsbin/spf.vflset/spf.js]
[www.youtube.com/s/desktop/14cba078/jsbin/network.vflset/network.js]
[www.youtube.com/t/terms.html]
[www.youtube.com/index.html]
[www.youtube.com/t/contact_us/index.html]
[www.youtube.com/ads/index.html]
[www.youtube.com/creators/index.html]
[www.youtube.com/howyoutubeworks/indexd320.html]
[www.youtube.com/new.html]
[www.youtube.com/async_attach_app_loader.134.delayed]
[www.youtube.com/watch60d8.html]
[html.awaikenthemes.com/luxine/images/icon-asterisk-white.svg]
[html.awaikenthemes.com/luxine/images/icon-about-item-1.svg]
[html.awaikenthemes.com/luxine/images/icon-about-item-2.svg]
[html.awaikenthemes.com/luxine/images/icon-service-item-1.svg]
[html.awaikenthemes.com/luxine/images/arrow-primary.svg]
[html.awaikenthemes.com/luxine/images/icon-service-item-2.svg]
[html.awaikenthemes.com/luxine/images/icon-service-item-3.svg]
[html.awaikenthemes.com/luxine/images/icon-service-item-4.svg]
[html.awaikenthemes.com/luxine/images/icon-why-choose-us-item.svg]
[html.awaikenthemes.com/luxine/images/contact-us-circle.svg]
[html.awaikenthemes.com/luxine/images/icon-how-works-item-1.svg]
[html.awaikenthemes.com/luxine/images/icon-how-works-item-2.svg]
[html.awaikenthemes.com/luxine/images/icon-how-works-item-3.svg]
[html.awaikenthemes.com/luxine/images/icon-how-works-item-4.svg]
[html.awaikenthemes.com/luxine/images/company-slider-logo-1.svg]
[html.awaikenthemes.com/luxine/images/company-slider-logo-2.svg]
[html.awaikenthemes.com/luxine/images/company-slider-logo-3.svg]
[html.awaikenthemes.com/luxine/images/company-slider-logo-4.svg]
[html.awaikenthemes.com/luxine/images/company-slider-logo-5.svg]
[html.awaikenthemes.com/luxine/images/icon-pricing-1.svg]
[html.awaikenthemes.com/luxine/images/icon-pricing-2.svg]
[html.awaikenthemes.com/luxine/images/icon-pricing-3.svg]
[html.awaikenthemes.com/luxine/images/icon-pricing-benefit-1.svg]
[html.awaikenthemes.com/luxine/images/icon-pricing-benefit-2.svg]
[html.awaikenthemes.com/luxine/images/icon-pricing-benefit-3.svg]
[html.awaikenthemes.com/luxine/images/testimonial-company-logo-1.svg]
[html.awaikenthemes.com/luxine/images/testimonial-item-quote.svg]
[html.awaikenthemes.com/luxine/images/testimonial-company-logo-2.svg]
[html.awaikenthemes.com/luxine/images/testimonial-company-logo-3.svg]
[html.awaikenthemes.com/luxine/images/arrow-white.svg]
[html.awaikenthemes.com/luxine/images/icon-sub-heading.svg]
[html.awaikenthemes.com/luxine/images/icon-asterisk.svg]
[html.awaikenthemes.com/luxine/images/icon-blockquote.svg]
[html.awaikenthemes.com/luxine/images/image-corner-bg-shape-elite.svg]
[html.awaikenthemes.com/luxine/images/icon-hero-body-item-1-metal.svg]
[html.awaikenthemes.com/luxine/images/icon-hero-body-item-2-metal.svg]
[html.awaikenthemes.com/luxine/images/get-in-touch-circle-metal.svg]
[html.awaikenthemes.com/luxine/images/icon-service-item-1-metal.svg]
[html.awaikenthemes.com/luxine/images/icon-service-item-2-metal.svg]
[html.awaikenthemes.com/luxine/images/icon-service-item-3-metal.svg]
[html.awaikenthemes.com/luxine/images/icon-service-item-4-metal.svg]
[html.awaikenthemes.com/luxine/images/get-in-touch-circle-accent-metal.svg]
[html.awaikenthemes.com/luxine/images/icon-why-choose-item-1-metal.svg]
[html.awaikenthemes.com/luxine/images/icon-what-we-counter-item-1-metal.svg]
[html.awaikenthemes.com/luxine/images/icon-what-we-counter-item-2-metal.svg]
[html.awaikenthemes.com/luxine/images/icon-what-we-counter-item-3-metal.svg]
[html.awaikenthemes.com/luxine/images/icon-what-we-counter-item-4-metal.svg]
[html.awaikenthemes.com/luxine/images/icon-pricing-item-1-metal.svg]
[html.awaikenthemes.com/luxine/images/icon-pricing-item-2-metal.svg]
[html.awaikenthemes.com/luxine/images/icon-pricing-item-3-metal.svg]
[html.awaikenthemes.com/luxine/images/get-in-touch-circle-elite.svg]
[html.awaikenthemes.com/luxine/images/icon-about-achievement-elite.svg]
[html.awaikenthemes.com/luxine/images/icon-about-1-elite.svg]
[html.awaikenthemes.com/luxine/images/icon-about-2-elite.svg]
[html.awaikenthemes.com/luxine/images/icon-about-counter-box.svg]
[html.awaikenthemes.com/luxine/images/icon-service-item-1-elite.svg]
[html.awaikenthemes.com/luxine/images/icon-service-item-2-elite.svg]
[html.awaikenthemes.com/luxine/images/icon-service-item-3-elite.svg]
[html.awaikenthemes.com/luxine/images/icon-service-item-4-elite.svg]
[html.awaikenthemes.com/luxine/images/icon-why-choose-client-box-elite.svg]
[html.awaikenthemes.com/luxine/images/icon-why-choose-item-1-elite.svg]
[html.awaikenthemes.com/luxine/images/icon-why-choose-item-2-elite.svg]
[html.awaikenthemes.com/luxine/images/icon-why-choose-item-3-elite.svg]
[html.awaikenthemes.com/luxine/images/icon-why-choose-item-4-elite.svg]
[html.awaikenthemes.com/luxine/images/icon-how-it-work-1-elite.svg]
[html.awaikenthemes.com/luxine/images/icon-how-it-work-2-elite.svg]
[html.awaikenthemes.com/luxine/images/icon-how-it-work-3-elite.svg]
[html.awaikenthemes.com/luxine/images/icon-how-it-work-4-elite.svg]
[html.awaikenthemes.com/luxine/images/icon-how-it-work-5-elite.svg]
[html.awaikenthemes.com/luxine/images/icon-pricing-1-elite.svg]
[html.awaikenthemes.com/luxine/images/icon-pricing-2-elite.svg]
[html.awaikenthemes.com/luxine/images/icon-pricing-3-elite.svg]
[html.awaikenthemes.com/luxine/images/icon-what-we-do-1.svg]
[html.awaikenthemes.com/luxine/images/icon-what-we-do-2.svg]
[html.awaikenthemes.com/luxine/images/icon-what-we-do-3.svg]
[html.awaikenthemes.com/luxine/images/icon-what-we-do-4.svg]
[html.awaikenthemes.com/luxine/images/watch-our-video-circle.svg]
[html.awaikenthemes.com/luxine/images/icon-our-features-1.svg]
[html.awaikenthemes.com/luxine/images/icon-our-features-2.svg]
[html.awaikenthemes.com/luxine/images/icon-cta-1.svg]
[html.awaikenthemes.com/luxine/images/icon-cta-2.svg]
[html.awaikenthemes.com/luxine/images/icon-cta-3.svg]
[html.awaikenthemes.com/luxine/images/icon-service-item-5.svg]
[html.awaikenthemes.com/luxine/images/icon-service-item-6.svg]
[html.awaikenthemes.com/luxine/images/icon-service-item-7.svg]
[html.awaikenthemes.com/luxine/images/icon-service-item-8.svg]
[html.awaikenthemes.com/luxine/images/icon-service-why-choose-1.svg]
[html.awaikenthemes.com/luxine/images/icon-service-why-choose-2.svg]
[html.awaikenthemes.com/luxine/images/icon-service-why-choose-3.svg]
[html.awaikenthemes.com/luxine/images/icon-service-why-choose-4.svg]
[html.awaikenthemes.com/luxine/images/icon-service-process-1.svg]
[html.awaikenthemes.com/luxine/images/icon-service-process-2.svg]
[html.awaikenthemes.com/luxine/images/icon-service-process-3.svg]
[html.awaikenthemes.com/luxine/images/icon-project-overview-1.svg]
[html.awaikenthemes.com/luxine/images/icon-project-solution-item-1.svg]
[html.awaikenthemes.com/luxine/images/icon-project-solution-item-2.svg]
[html.awaikenthemes.com/luxine/images/icon-project-solution-item-3.svg]
[html.awaikenthemes.com/luxine/images/icon-location-white.svg]
[html.awaikenthemes.com/luxine/images/icon-clock.svg]
[html.awaikenthemes.com/luxine/images/icon-phone-accent.svg]
[html.awaikenthemes.com/luxine/images/icon-mail-accent.svg]
[html.awaikenthemes.com/luxine/images/icon-location-accent.svg]
[www.youtube.com/error_2049a45.html]
[www.youtube.com/s/_/ytmainappweb/_/js/k=ytmainappweb.kevlar_base.en_US.H6w3EUqm5ak.es/am=AAAAAAQAEEg/d=1/rs=AGKMywGx0EEYb-z2zFSI_LLv-TP6U_sZ_g/m=kevlar_base_module,kevlar_main_module,kevlar_base_sync_mod_chunk.133]
[fonts.gstatic.com/s/roboto/v51/KFOMCnqEu92Fr1ME7kSn66aGLdTylUAMQXC89YmC2DPNWuaabWmT.ttf]
[fonts.gstatic.com/s/roboto/v51/KFOMCnqEu92Fr1ME7kSn66aGLdTylUAMQXC89YmC2DPNWubEbWmT.ttf]
[fonts.gstatic.com/s/roboto/v51/KFOMCnqEu92Fr1ME7kSn66aGLdTylUAMQXC89YmC2DPNWub2bWmT.ttf]
[fonts.gstatic.com/s/roboto/v51/KFOMCnqEu92Fr1ME7kSn66aGLdTylUAMQXC89YmC2DPNWuYjammT.ttf]
[fonts.gstatic.com/s/youtubesans/v32/Qw3hZQNGEDjaO2m6tqIqX5E-AVS5_rSejo46_PCTRspJ0OosolrBEJL3HMXfxQASluL2m_dAWVaAAQ.ttf]
[fonts.gstatic.com/s/youtubesans/v32/Qw3hZQNGEDjaO2m6tqIqX5E-AVS5_rSejo46_PCTRspJ0OosolrBEJL3HMXfxQASluL2m_dAB1aAAQ.ttf]
[fonts.gstatic.com/s/youtubesans/v32/Qw3hZQNGEDjaO2m6tqIqX5E-AVS5_rSejo46_PCTRspJ0OosolrBEJL3HMXfxQASluL2m_dANVaAAQ.ttf]
[fonts.gstatic.com/s/youtubesans/v32/Qw3hZQNGEDjaO2m6tqIqX5E-AVS5_rSejo46_PCTRspJ0OosolrBEJL3HMXfxQASluL2m_dA2VGAAQ.ttf]
[fonts.gstatic.com/s/youtubesans/v32/Qw3hZQNGEDjaO2m6tqIqX5E-AVS5_rSejo46_PCTRspJ0OosolrBEJL3HMXfxQASluL2m_dA4FGAAQ.ttf]
[fonts.googleapis.com/css2aa78.css]
[www.youtube.com/s/player/8fb635c2/www-player.css]
[www.youtube.com/s/desktop/14cba078/cssbin/www-main-desktop-watch-page-skeleton.css]
[www.youtube.com/s/desktop/14cba078/cssbin/www-main-desktop-player-skeleton.css]
[www.youtube.com/s/desktop/14cba078/cssbin/www-onepick.css]
[www.youtube.com/s/_/ytmainappweb/_/ss/k=ytmainappweb.kevlar_base.fVGwGQtxJKc.L.X.O/am=AAAAAAQgEEw/d=0/rs=AGKMywFhJ_ReeGsxR1LUNtCMMh7aEW36eQ.css]
[fonts.gstatic.com/s/youtubesans/v32/Qw3hZQNGEDjaO2m6tqIqX5E-AVS5_rSejo46_PCTRspJ0OosolrBEJL3HMXfxQASluL2m_dAh1GAAQ.ttf]
[www.youtube.com/feeds/videos12ed.xml]
[fonts.gstatic.com/s/youtubesans/v32/Qw3hZQNGEDjaO2m6tqIqX5E-AVS5_rSejo46_PCTRspJ0OosolrBEJL3HMXfxQASluL2m_dArlGAAQ.ttf]
[www.youtube.com/channel/UCjaFblyfqwCBM1-_t2Q9jlQ.html]
[www.youtube.com/android-app_/com.google.android.youtube/http/www.youtube.com/android-app_/com.google.android.youtube/http/www.youtube.com/channel/UCjaFblyfqwCBM1-_t2Q9jlQ.html]
[www.youtube.com/android-app_/com.google.android.youtube/http/www.youtube.com/watch60d8.html]
[www.youtube.com/ios-app_/544007664/vnd.youtube/www.youtube.com/watch60d8.html]
[www.youtube.com/android-app_/com.google.android.youtube/http/www.youtube.com/ios-app_/544007664/vnd.youtube/www.youtube.com/channel/UCjaFblyfqwCBM1-_t2Q9jlQ.html]
[www.youtube.com/channel/UCe4bQBIKRLKAk-yn5GuOk5w.html]
[www.youtube.com/feeds/videosa234.xml]
[www.youtube.com/android-app_/com.google.android.youtube/http/www.youtube.com/channel/UCe4bQBIKRLKAk-yn5GuOk5w.html]
[www.youtube.com/ios-app_/544007664/vnd.youtube/www.youtube.com/channel/UCe4bQBIKRLKAk-yn5GuOk5w.14c.delayed]
[www.youtube.com/@LeighonYouTube.html]
[fonts.gstatic.com/s/roboto/v48/KFOMCnqEu92Fr1ME7kSn66aGLdTylUAMQXC89YmC2DPNWubEbVmUiA8.ttf]
[www.youtube.com/img/meh7.150.delayed]
[www.youtube.com/s/_/ytembeds/_/js/k=ytembeds.base.en_US.xzcSOk8ggsw.es5.O/am=AAAAIA/d=1/rs=AGKMywEaKh3Q5GyN5lNq6twnMKS0l-BYvg/m=root,base]
[www.youtube.com/s/player/8fb635c2/player_embed.vflset/en_US/base.js]
[www.youtube.com/embed/Y-x0efG1seA.html]
[www.youtube.com/index.html]
[www.youtube.com/about/index.html]
[www.youtube.com/about/press/index.html]
[www.youtube.com/about/copyright/index.html]
[www.youtube.com/img/favicon.ico]
[www.youtube.com/img/favicon_32.png]
[www.youtube.com/img/favicon_48.png]
[www.youtube.com/img/favicon_96.png]
[www.youtube.com/img/favicon_144.png]
[www.youtube.com/img/desktop/supported_browsers/yt_logo_rgb_light.png]
[www.youtube.com/jobs/index.html]
[www.youtube.com/t/contact_us/index.html]
[www.google-analytics.com/analytics.js]
[www.youtube.com/intl/en_in/creators/index.html]
[www.youtube.com/creators/static/compiled/index.min.js]
[www.youtube.com/yts/img/favicon-vfl8qSV2F.ico]
[www.youtube.com/yts/img/favicon_32-vflOogEID.png]
[www.youtube.com/yts/img/favicon_48-vflVjB_Qk.png]
[www.youtube.com/yts/img/favicon_96-vflW9Ec0w.png]
[www.youtube.com/yts/img/favicon_144-vfliLAfaB.png]
[www.youtube.com/intl/en_in/creators/welcome-creators/index.html]
[www.youtube.com/intl/en_in/creators/how-things-work/getting-started/index.html]
[www.youtube.com/intl/en_in/creators/partner-program/index.html]
[www.youtube.com/intl/en_in/creators/how-things-work/building-community/index.html]
[www.youtube.com/feed/trending.html]
[www.youtube.com/intl/en_in/creators/how-things-work/content-creation-strategy/index.html]
[www.youtube.com/intl/en_in/creators/how-things-work/policies-guidelines/index.html]
[www.youtube.com/intl/en_in/creators/how-things-work/video-monetization/index.html]
[www.youtube.com/intl/en_in/creators/how-things-work/get-involved/index.html]
[www.youtube.com/intl/en_in/creators/top-questions/index.html]
[www.youtube.com/c/YouTubeCreatorsIndia.html]
[www.gstatic.com/feedback/js/help/prod/service/lazy.min.js]
[www.youtube.com/creators/index.html]
[www.youtube.com/ads/index.html]
[www.youtube.com/channel/UCGg-UqjRgzhYDPJMr-9HXCg.html]
[www.youtube.com/t/terms_paidservice.html]
[www.youtube.com/t/usage_paycontent.html]
[www.youtube.com/t/terms5df5.html]
[www.youtube.com/t/terms1a89.html]
[www.youtube.com/t/terms85ca.html]
[www.youtube.com/t/termsce3d.html]
[www.youtube.com/t/terms926b.html]
[www.youtube.com/t/termseded.html]
[www.youtube.com/t/terms2eba.html]
[www.youtube.com/t/termsc1ce.html]
[www.youtube.com/t/terms9ed6.html]
[www.youtube.com/t/terms6ca0.html]
[www.youtube.com/t/termsc638.html]
[www.youtube.com/t/terms_dataprocessing.html]
[www.youtube.com/t/terms.html]
[www.youtube.com/about/policies/index.html]
[www.youtube.com/t/terms9940.html]
[www.youtube.com/intl/ALL_in/howyoutubeworks/index.html]
[www.gstatic.com/external_hosted/hammerjs/v2_0_2/hammer.min.js]
[www.youtube.com/howyoutubeworks/static/compiled/shared.index.minbfe4.js]
[www.youtube.com/howyoutubeworks/static/compiled/main.index.mindd67.js]
[www.gstatic.com/glue/cookienotificationbar/cookienotificationbar.min.js]
[www.youtube.com/howyoutubeworks/indexd320.html]
[www.youtube.com/intl/ALL_in/howyoutubeworks/ai/index.html]
[www.youtube.com/intl/ALL_in/howyoutubeworks/copyright/index.html]
[www.youtube.com/intl/ALL_in/howyoutubeworks/kids-and-teens/index.html]
[www.youtube.com/new.html]
[www.youtube.com/intl/ALL_in/howyoutubeworks/elections/index.html]
[www.youtube.com/intl/ALL_in/howyoutubeworks/creator-economy/index.html]
[www.youtube.com/async_attach_app_loader.html]
[www.youtube.com/intl/ALL_in/howyoutubeworks/news/index.html]
[www.youtube.com/intl/ALL_in/howyoutubeworks/learning/index.html]
[www.youtube.com/intl/ALL_in/howyoutubeworks/privacy/index.html]
[www.youtube.com/intl/ALL_in/howyoutubeworks/our-policies/index.html]
[www.youtube.com/intl/ALL_in/howyoutubeworks/recommendations/index.html]
[www.youtube.com/intl/ALL_in/howyoutubeworks/youtubes-impact/index.html]
[www.youtube.com/channel/android-app_/com.google.android.youtube/http/www.youtube.com/channel/UCjaFblyfqwCBM1-_t2Q9jlQ.196.delayed]
[www.youtube.com/channel/ios-app_/544007664/vnd.youtube/www.youtube.com/channel/UCjaFblyfqwCBM1-_t2Q9jlQ.198.delayed]
[www.youtube.com/channel/UCjaFblyfqwCBM1-_t2Q9jlQ.html]
[www.youtube.com/android-app_/com.google.android.youtube/http/www.youtube.com/android-app_/com.google.android.youtube/http/www.youtube.com/channel/UCjaFblyfqwCBM1-_t2Q9jlQ.html]
[www.youtube.com/android-app_/com.google.android.youtube/http/www.youtube.com/ios-app_/544007664/vnd.youtube/www.youtube.com/channel/UCjaFblyfqwCBM1-_t2Q9jlQ.html]
[www.youtube.com/channel/android-app_/com.google.android.youtube/http/www.youtube.com/channel/UCe4bQBIKRLKAk-yn5GuOk5w.1a1.delayed]
[www.youtube.com/channel/ios-app_/544007664/vnd.youtube/www.youtube.com/channel/UCe4bQBIKRLKAk-yn5GuOk5w.1a3.delayed]
[www.youtube.com/channel/UCe4bQBIKRLKAk-yn5GuOk5w.html]
[www.youtube.com/android-app_/com.google.android.youtube/http/www.youtube.com/channel/android-app_/com.google.android.youtube/http/www.youtube.com/channel/UCjaFblyfqwCBM1-_t2Q9jlQ.html]
[www.youtube.com/android-app_/com.google.android.youtube/http/www.youtube.com/channel/UCe4bQBIKRLKAk-yn5GuOk5w.html]
[www.youtube.com/ios-app_/544007664/vnd.youtube/www.youtube.com/channel/UCe4bQBIKRLKAk-yn5GuOk5w.html]
[www.youtube.com/s/_/ytembeds/_/ss/k=ytembeds.base.i-sC42taVNk.L.X.O/am=AAAAIA/d=0/rs=AGKMywEbOV25ThGI4bfsD39MiNPjT1fXTw.css]
[www.youtube.com/img/meh7.html]
[www.youtube.com/android-app_/com.google.android.youtube/http/www.youtube.com/channel/ios-app_/544007664/vnd.youtube/www.youtube.com/channel/UCjaFblyfqwCBM1-_t2Q9jlQ.html]
[www.youtube.com/android-app_/com.google.android.youtube/http/www.youtube.com/index.html]
[www.youtube.com/android-app_/com.google.android.youtube/http/www.youtube.html]
[www.youtube.com/ios-app_/544007664/vnd.youtube/www.youtube.1ab.delayed]
[www.youtube.com/ios-app_/544007664/vnd.youtube/www.youtube.com/index.html]
[www.youtube.com/s/desktop/14cba078/cssbin/www-main-desktop-home-page-skeleton.css]
[www.youtube.com/howyoutubeworks/policies/copyright/index.html]
[fonts.googleapis.com/css7f8d.css]
[fonts.gstatic.com/s/youtubesans/v32/Qw3hZQNGEDjaO2m6tqIqX5E-AVS5_rSejo46_PCTRspJ0OosolrBEJL3HMXfxQASluL2m_dA2VGwBpSG.ttf]
[www.youtube.com/howyoutubeworks/copyright/index.html]
[fonts.gstatic.com/s/roboto/v51/KFOMCnqEu92Fr1ME7kSn66aGLdTylUAMQXC89YmC2DPNWubEbVmUiA8.ttf]
[fonts.googleapis.com/css0981.css]
[www.youtube.com/howyoutubeworks/policies/community-guidelines/index.html]
[fonts.gstatic.com/s/roboto/v51/KFOMCnqEu92Fr1ME7kSn66aGLdTylUAMQXC89YmC2DPNWub2bVmUiA8.ttf]
[www.youtube.com/howyoutubeworks/our-policies/index.html]
[www.youtube.com/jobs/engineering/index.html]
[www.youtube.com/jobs/business-and-operations/index.html]
[www.youtube.com/jobs/product-and-design/index.html]
[fonts.gstatic.com/s/i/googlematerialicons/navigate_before/v10/24px.svg]
[www.youtube.com/jobs/trust-and-safety/index.html]
[fonts.gstatic.com/s/i/googlematerialicons/navigate_next/v10/24px.svg]
[www.youtube.com/howyoutubeworks/index.html]
[www.youtube.com/trends/index.html]
[www.youtube.com/kids/index.html]
[www.youtube.com/musicpremium.html]
[www.youtube.com/channel/UCqVDpXKLmKeBU_yyt_QkItQ.html]
[www.gstatic.com/external_hosted/modernizr/v2_8_3/modernizr.js]
[www.youtube.com/premium/index.html]
[www.gstatic.com/external_hosted/waypoints/waypoints.min.js]
[www.gstatic.com/external_hosted/greensock3/dist/gsap.min.js]
[ajax.googleapis.com/ajax/libs/hammerjs/2.0.8/hammer.min.js]
[www.youtube.com/jobs/static/compiled/index.minc1be.js]
[www.youtube.com/jobs/index.html]
[www.youtube.com/intl/en/yt/about/press/index.html]
[www.youtube.com/creators/benefits/index.html]
[www.youtube.com/yt/advertise/index.html]
[www.googletagmanager.com/gtm5445.html]
[www.youtube.com/intl/en_in/creators/index.html]
[fonts.gstatic.com/s/roboto/v51/KFOMCnqEu92Fr1ME7kSn66aGLdTylUAMQXC89YmC2DPNWuaabVmUiA8.ttf]
[fonts.googleapis.com/cssd7cb.css]
[fonts.gstatic.com/s/roboto/v51/KFOMCnqEu92Fr1ME7kSn66aGLdTylUAMQXC89YmC2DPNWuYjalmUiA8.ttf]
[fonts.gstatic.com/s/youtubesans/v32/Qw3hZQNGEDjaO2m6tqIqX5E-AVS5_rSejo46_PCTRspJ0OosolrBEJL3HMXfxQASluL2m_dAWVawBpSG.ttf]
[fonts.gstatic.com/s/youtubesans/v32/Qw3hZQNGEDjaO2m6tqIqX5E-AVS5_rSejo46_PCTRspJ0OosolrBEJL3HMXfxQASluL2m_dAB1awBpSG.ttf]
[fonts.gstatic.com/s/youtubesans/v32/Qw3hZQNGEDjaO2m6tqIqX5E-AVS5_rSejo46_PCTRspJ0OosolrBEJL3HMXfxQASluL2m_dANVawBpSG.ttf]
[fonts.gstatic.com/s/youtubesans/v32/Qw3hZQNGEDjaO2m6tqIqX5E-AVS5_rSejo46_PCTRspJ0OosolrBEJL3HMXfxQASluL2m_dA4FGwBpSG.ttf]
[fonts.googleapis.com/css4f05.css]
[www.youtube.com/creators/static/compiled/index.min.css]
[www.gstatic.com/glue/cookienotificationbar/cookienotificationbar.min.css]
[fonts.gstatic.com/s/youtubesans/v32/Qw3hZQNGEDjaO2m6tqIqX5E-AVS5_rSejo46_PCTRspJ0OosolrBEJL3HMXfxQASluL2m_dArlGwBpSG.ttf]
[www.youtube.com/c/SandySahaRocks.html]
[www.youtube.com/channel/UCEkEWLr6Msc311z29MV5Ayg.html]
[www.youtube.com/channel/UCwA3yPBSbZpwse6Q0aA2LPg.html]
[www.youtube.com/c/TechBar.html]
[www.youtube.com/channel/UCi7lxgkjW0ilcJDl5XGHr3Q.html]
[www.youtube.com/c/shalinimandal07.html]
[www.youtube.com/creators/how-things-work/policies-guidelines/index.html]
[www.youtube.com/c/SamayRainaOfficial.html]
[www.youtube.com/creators/how-things-work/content-creation-strategy/index.html]
[www.youtube.com/creators/how-things-work/building-community/index.html]
[www.youtube.com/creators/how-things-work/get-involved/index.html]
[www.youtube.com/intl/en_in/creators/welcome-creators/index.html]
[img.youtube.com/vi/93z9DqfE_ek/maxresdefault.jpg]
[img.youtube.com/vi/6YpeNBACYbQ/maxresdefault.jpg]
[www.youtube.com/@jarvis.html]
[www.youtube.com/@misterwootube.html]
[img.youtube.com/vi/Vw12gaBqFxQ/maxresdefault.jpg]
[www.youtube.com/join/index.html]
[www.youtube.com/watch0032.html]
[www.youtube.com/premiumc75c.html]
[www.youtube.com/watchdf40.html]
[www.youtube.com/intl/en_in/creators/partner-program/index.html]
[www.youtube.com/watchff4e.html]
[www.youtube.com/creators/shorts/index.html]
[www.youtube.com/watch0e2f.html]
[www.youtube.com/watch9815.html]
[www.youtube.com/watch86cc.html]
[www.youtube.com/watch6721.html]
[www.youtube.com/user/dancinruks.html]
[www.youtube.com/playlist8fea.html]
[www.youtube.com/intl/en_in/creators/how-things-work/getting-started/index.html]
[www.youtube.com/watchdfe4.html]
[www.youtube.com/intl/en_in/creators/how-things-work/building-community/index.html]
[www.youtube.com/watchc377.html]
[www.youtube.com/watchb281.html]
[img.youtube.com/vi/om2WiDsHLso/maxresdefault.jpg]
[www.youtube.com/intl/en_in/creators/how-things-work/video-monetization/index.html]
[www.youtube.com/watch6d54.html]
[www.youtube.com/channel/UCOxGzd-Wfd6BiP6_YXbDnLA.html]
[www.youtube.com/watchc0b2.html]
[www.youtube.com/playlistc604.html]
[www.youtube.com/watchc121.html]
[www.youtube.com/watch13cd.html]
[www.youtube.com/watchf25a.html]
[www.youtube.com/creators/live-streaming-on-youtube/index.html]
[www.youtube.com/watch898b.html]
[www.youtube.com/watch7541.html]
[www.youtube.com/watche58e.html]
[www.youtube.com/intl/en_in/creators/how-things-work/content-creation-strategy/index.html]
[www.youtube.com/intl/en_in/creators/shorts/index.html]
[www.youtube.com/watcha3d1.html]
[www.youtube.com/channel/UC2MRRqb_L2E53UmTaywdhkA.html]
[www.youtube.com/intl/en_in/creators/how-things-work/policies-guidelines/index.html]
[www.youtube.com/watchfab1.html]
[www.youtube.com/kids/index47ed.html]
[www.youtube.com/intl/en_in/creators/research/index.html]
[www.youtube.com/intl/en_in/creators/how-things-work/get-involved/awards/index.html]
[www.youtube.com/intl/en_in/creators/how-things-work/get-involved/index.html]
[www.youtube.com/watche42f.html]
[www.youtube.com/user/Ytfanfest.html]
[www.youtube.com/intl/en_in/creators/top-questions/index.html]
[www.youtube.com/feed/trending.html]
[www.youtube.com/creators/how-things-work/video-monetization/index.html]
[www.youtube.com/channel/UC_0MucSdwSqy8rJkSZpQ1kw.html]
[www.youtube.com/feeds/videos2631.xml]
[www.youtube.com/c/android-app_/com.google.android.youtube/http/www.youtube.com/channel/UC_0MucSdwSqy8rJkSZpQ1kw.html]
[www.youtube.com/c/ios-app_/544007664/vnd.youtube/www.youtube.com/channel/UC_0MucSdwSqy8rJkSZpQ1kw.1f8.delayed]
[www.youtube.com/c/YouTubeCreatorsIndia.html]
[www.youtube.com/feeds/videos3810.xml]
[www.youtube.com/channel/android-app_/com.google.android.youtube/http/www.youtube.com/channel/UCGg-UqjRgzhYDPJMr-9HXCg.1fc.delayed]
[www.youtube.com/channel/ios-app_/544007664/vnd.youtube/www.youtube.com/channel/UCGg-UqjRgzhYDPJMr-9HXCg.1fe.delayed]
[www.youtube.com/channel/UCGg-UqjRgzhYDPJMr-9HXCg.html]
[www.youtube.com/t/terms_paidserviced431.html]
[www.youtube.com/t/terms_paidservice5df5.html]
[www.youtube.com/t/terms_paidservice1a89.html]
[www.youtube.com/t/terms_paidservice85ca.html]
[www.youtube.com/t/terms_paidservicece3d.html]
[www.youtube.com/t/terms_paidservice926b.html]
[www.youtube.com/t/terms_paidserviceeded.html]
[www.youtube.com/t/terms_paidservice2eba.html]
[www.youtube.com/t/terms_paidservicec1ce.html]
[www.youtube.com/t/terms_paidservice9ed6.html]
[www.youtube.com/t/terms_paidservice6ca0.html]
[www.youtube.com/t/terms_paidservicec638.html]
[www.youtube.com/t/terms_paidservice.html]
[www.youtube.com/t/usage_paycontent.html]
[www.youtube.com/t/terms5df5.html]
[www.youtube.com/t/terms1a89.html]
[www.youtube.com/t/terms85ca.html]
[www.youtube.com/t/termsce3d.html]
[www.youtube.com/t/terms926b.html]
[www.youtube.com/t/termseded.html]
[www.youtube.com/t/terms2eba.html]
[www.youtube.com/t/termsc1ce.html]
[www.youtube.com/t/terms9ed6.html]
[www.youtube.com/t/terms6ca0.html]
[www.youtube.com/t/termsc638.html]
[www.youtube.com/t/terms_dataprocessing.html]
[www.youtube.com/yt/copyright/index.html]
[www.youtube.com/t/terms_dataprocessing8990.html]
[www.youtube.com/t/terms08a4.html]
[www.youtube.com/t/terms9940.html]
[www.youtube.com/intl/ALL_in/howyoutubeworks/index.html]
[www.youtube.com/t/terms540c.html]
[fonts.googleapis.com/css223d.css]
[www.youtube.com/howyoutubeworks/static/compiled/css/shared.index.mine907.css]
[www.youtube.com/howyoutubeworks/static/compiled/css/main.index.mine907.css]
[fonts.gstatic.com/s/roboto/v51/KFOMCnqEu92Fr1ME7kSn66aGLdTylUAMQXC89YmC2DPNWuYaalmUiA8.ttf]
[www.youtube.com/howyoutubeworks/static/compiled/ai.index.min72c6.js]
[www.youtube.com/howyoutubeworks/static/images/arrow_drop_dow_black.svg]
[www.youtube.com/intl/ALL_in/howyoutubeworks/ai/empowering-creators/index.html]
[www.youtube.com/intl/ALL_in/howyoutubeworks/ai/index.html]
[www.youtube.com/JadeBeason.html]
[www.youtube.com/howyoutubeworks/static/compiled/copyright.index.mindf10.js]
[www.youtube.com/intl/ALL_in/howyoutubeworks/copyright/index.html]
[www.youtube.com/howyoutubeworks/static/compiled/creator-economy.index.min3ebd.js]
[www.youtube.com/howyoutubeworks/youtubes-impact/index.html]
[i3.ytimg.com/vi/UMsTIv6NwK4/maxresdefault.jpg]
[i3.ytimg.com/vi/uzjggV2PyiQ/maxresdefault.jpg]
[www.youtube.com/c/ThinkSchool.html]
[i3.ytimg.com/vi/66eJDzVOp4Y/maxresdefault.jpg]
[i3.ytimg.com/vi/6JbzGSFRJJ8/maxresdefault.jpg]
[www.youtube.com/@DharMann.html]
[www.youtube.com/@melrobbins.html]
[i3.ytimg.com/vi/hSKcGIGYkCY/maxresdefault.jpg]
[www.youtube.com/@heyBrandonB.html]
[i3.ytimg.com/vi/E6TwPCvu6Hc/maxresdefault.jpg]
[www.youtube.com/@Sidemen.html]
[i3.ytimg.com/vi/jHxTXG0CP8A/maxresdefault.jpg]
[i3.ytimg.com/vi/Lqj9oIGHv9g/maxresdefault.jpg]
[i3.ytimg.com/vi/xa1QK00yFxA/maxresdefault.jpg]
[www.youtube.com/@metrotvnews.html]
[www.youtube.com/aqmvideo.html]
[i3.ytimg.com/vi/1OOURX416j0/maxresdefault.jpg]
[www.youtube.com/@DiaTV.html]
[i3.ytimg.com/vi/TV4A2nhGzlc/maxresdefault.jpg]
[www.youtube.com/c/flowpodcast.html]
[www.youtube.com/@inpowerpodcast.html]
[i3.ytimg.com/vi/ulnpAdUfnDc/maxresdefault.jpg]
[www.youtube.com/@GaspardG.html]
[www.youtube.com/intl/ALL_in/howyoutubeworks/creator-economy/index.html]
[www.youtube.com/playlist62a7.html]
[www.youtube.com/howyoutubeworks/static/compiled/elections.index.min61a5.js]
[www.youtube.com/intl/ALL_in/howyoutubeworks/elections/index.html]
[www.youtube.com/howyoutubeworks/static/compiled/shared.index.minbc1c.js]
[www.youtube.com/howyoutubeworks/static/compiled/youth.index.min219b.js]
[www.youtube.com/intl/ALL_in/howyoutubeworks/kids-and-teens/index.html]
[www.youtube.com/intl/ALL_in/howyoutubeworks/kids-and-teens/youth-principles/index.html]
[www.youtube.com/howyoutubeworks/kids-and-teens/advisory-committee/index.html]
[www.youtube.com/intl/ALL_in/howyoutubeworks/kids-and-teens/advisory-committee/index.html]
[www.youtube.com/howyoutubeworks/static/compiled/learning.index.minee0e.js]
[www.youtube.com/@AmoebaSisters.html]
[www.youtube.com/@KokBisa.html]
[www.youtube.com/@MCGrammarTV.html]
[www.youtube.com/intl/ALL_in/howyoutubeworks/learning/index.html]
[www.youtube.com/@nehamamsarmy.html]
[www.youtube.com/@ProfessorNoslen.html]
[www.youtube.com/howyoutubeworks/static/compiled/news.index.min4c74.js]
[www.youtube.com/intl/ALL_in/howyoutubeworks/news/index.html]
[www.youtube.com/howyoutubeworks/static/compiled/privacy.index.min1484.js]
[www.youtube.com/intl/ALL_in/howyoutubeworks/privacy/index.html]
[www.youtube.com/howyoutubeworks/static/compiled/recommendations.index.min9920.js]
[www.youtube.com/intl/ALL_in/howyoutubeworks/recommendations/index.html]
[www.youtube.com/howyoutubeworks/static/compiled/policies.index.min077c.js]
[www.youtube.com/intl/ALL_in/howyoutubeworks/our-policies/index.html]
[www.youtube.com/howyoutubeworks/static/compiled/progress-impact.index.minbbda.js]
[www.youtube.com/howyoutubeworks/ai/index.html]
[www.youtube.com/howyoutubeworks/elections/index.html]
[www.youtube.com/howyoutubeworks/creator-economy/index.html]
[www.youtube.com/@AnitaBokepalli.html]
[www.youtube.com/howyoutubeworks/learning/index.html]
[www.youtube.com/howyoutubeworks/kids-and-teens/index.html]
[www.youtube.com/howyoutubeworks/news/index.html]
[www.youtube.com/howyoutubeworks/static/images/mobile-after.svg]
[www.youtube.com/howyoutubeworks/recommendations/index.html]
[www.youtube.com/howyoutubeworks/privacy/index.html]
[www.youtube.com/@LabourLawAdvisor.html]
[www.youtube.com/@Hanumankind.html]
[www.youtube.com/@FitTuber.html]
[www.youtube.com/@CrazyXYZ.html]
[www.youtube.com/intl/ALL_in/howyoutubeworks/youtubes-impact/index.html]
[www.youtube.com/channel/android-app_/com.google.android.youtube/http/www.youtube.com/channel/UCjaFblyfqwCBM1-_t2Q9jlQ.html]
[www.youtube.com/channel/ios-app_/544007664/vnd.youtube/www.youtube.com/channel/UCjaFblyfqwCBM1-_t2Q9jlQ.html]
[www.youtube.com/android-app_/com.google.android.youtube/http/www.youtube.com/android-app_/com.google.android.youtube/http/www.youtube.com/channel/android-app_/com.google.android.youtube/http/UCjaFblyfqwCBM1-_t2Q9jl]
[www.youtube.com/intl/ALL_au/howyoutubeworks/youtubes-impact/index.html]
[www.youtube.com/android-app_/com.google.android.youtube/http/www.youtube.com/android-app_/com.google.android.youtube/http/www.youtube.com/channel/ios-app_/544007664/vnd.youtube/www.youtube.c/UCjaFblyfqwCBM1-_t2Q9jl]
[www.youtube.com/@shreemanitripathi.html]
[www.youtube.com/android-app_/com.google.android.youtube/http/www.youtube.com/ios-app_/544007664/vnd.youtube/www.youtube.com/channel/android-app_/com.google.android.youtube/http/www.youtube.c/UCjaFblyfqwCBM1-_t2Q9jl]
[www.youtube.com/android-app_/com.google.android.youtube/http/www.youtube.com/ios-app_/544007664/vnd.youtube/www.youtube.com/channel/ios-app_/544007664/vnd.youtube/www.youtube.com/channel/UCjaFblyfqwCBM1-_t2Q9jlQ.19]
[www.youtube.com/channel/android-app_/com.google.android.youtube/http/www.youtube.com/channel/UCe4bQBIKRLKAk-yn5GuOk5w.html]
[www.youtube.com/channel/ios-app_/544007664/vnd.youtube/www.youtube.com/channel/UCe4bQBIKRLKAk-yn5GuOk5w.html]
[www.youtube.com/intl/ALL_id/howyoutubeworks/youtubes-impact/index.html]
[www.youtube.com/android-app_/com.google.android.youtube/http/www.youtube.com/channel/android-app_/com.google.android.youtube/http/www.youtube.com/channel/UCjaFblyfqwCBM1-_t2Q9jlQ.html]
[www.youtube.com/android-app_/com.google.android.youtube/http/www.youtube.com/channel/ios-app_/544007664/vnd.youtube/www.youtube.com/channel/UCjaFblyfqwCBM1-_t2Q9jlQ.html]
[www.youtube.com/intl/en_us/howyoutubeworks/youtubes-impact/index.html]
[www.youtube.com/android-app_/com.google.android.youtube/http/android-app_/com.google.android.youtube/http/www.youtube.com/channel/UCjaFblyfqwCBM1-_t2Q9jlQ.html]
[www.youtube.com/android-app_/com.google.android.youtube/http/www.youtube.html]
[www.youtube.com/ios-app_/544007664/vnd.youtube/www.youtube.html]
[www.youtube.com/howyoutubeworks/copyright/index.html]
[www.youtube.com/howyoutubeworks/our-policies/index.html]
[fonts.googleapis.com/icone91f.css]
[fonts.googleapis.com/cssd653.css]
[www.youtube.com/jobs/static/media/images/home/white-hero-arrow-desktop.svg]
[www.youtube.com/jobs/static/media/images/home/white-hero-arrow-mobile.svg]
[fonts.gstatic.com/s/materialicons/v145/flUhRq6tzZclQEJ-Vdg-IuiaDsNZ.ttf]
[www.youtube.com/static/media/images/home/mobile-hero/mobile-top-1.html]
[www.youtube.com/static/media/images/home/mobile-hero/mobile-top-2.html]
[www.youtube.com/android-app_/com.google.android.youtube/http/ios-app_/544007664/vnd.youtube/www.youtube.com/channel/UCjaFblyfqwCBM1-_t2Q9jlQ.html]
[www.youtube.com/static/media/images/home/mobile-hero/mobile-top-3.html]
[www.youtube.com/static/media/images/home/mobile-hero/mobile-bottom-1.html]
[www.youtube.com/static/media/images/home/mobile-hero/mobile-bottom-2.html]
[www.youtube.com/static/media/images/home/mobile-hero/mobile-bottom-3.html]
[www.youtube.com/jobs/static/media/images/icons/headphones.svg]
[www.youtube.com/jobs/static/media/images/home/wave_retina.gif]
[www.youtube.com/jobs/static/compiled/index.min207f.css]
[www.youtube.com/jobs/engineering/index.html]
[www.youtube.com/jobs/product-and-design/index.html]
[www.youtube.com/jobs/business-and-operations/index.html]
[www.youtube.com/jobs/trust-and-safety/index.html]
[fonts.gstatic.com/s/i/googlematerialicons/navigate_before/v10/24px.svg]
[fonts.gstatic.com/s/i/googlematerialicons/navigate_next/v10/24px.svg]
[www.youtube.com/howyoutubeworks/index.html]
[www.youtube.com/iframe_api]
[www.youtube.com/trends/report/index.html]
[www.youtube.com/trends/discover/index.html]
[www.youtube.com/trends/records/index.html]
[www.youtube.com/trends/news/index.html]
[www.youtube.com/trends/static/compiled/index.minb979.js]
[www.youtube.com/trends/index.html]
[www.youtube.com/trends/report/tr26-animation-trends-report/index.html]
[www.youtube.com/trends/report/tr25-global-trends-report/index.html]
[www.youtube.com/trends/about/index.html]
[www.youtube.com/trends/articles/skibidi-toilet-4-m/index.html]
[www.youtube.com/trends/articles/2025-kings-league-mx/index.html]
[www.youtube.com/trends/articles/wnba-annual-viewership/index.html]
[www.youtube.com/trends/articles/speedrunning-community-top-games-treemap/index.html]
[www.youtube.com/trends/report/tr25-youtube-shopping/index.html]
[www.youtube.com/trends/articles/tier-list-billion/index.html]
[www.youtube.com/kids/static/compiled/detect.minb151.js]
[www.youtube.com/trends/articles/jess-no-limit-50-million/index.html]
[www.youtube.com/trends/report/tr25-next-generation/index.html]
[www.youtube.com/trends/records/index6a4c.html]
[www.youtube.com/trends/records/indexdd87.html]
[www.gstatic.com/external_hosted/animejs/anime.min.js]
[www.youtube.com/trends/records/index0553.html]
[www.youtube.com/trends/records/index9c53.html]
[www.youtube.com/kids/static/compiled/index.min6e37.js]
[www.youtube.com/kids/index.html]
[www.youtube.com/ads/how-it-works/set-up-a-campaign/youtube-select/index.html]
[www.youtube.com/creators/podcasts/index.html]
[www.youtube.com/kids/familyfriendly-videos/index.html]
[www.youtube.com/musicpremium.html]
[www.youtube.com/kids/safer-experience/index.html]
[www.youtube.com/intl/ALL_in/kids/index.html]
[www.youtube.com/kids/parent-resources/index.html]
[www.youtube.com/kids/fun-everyscreen/index.html]
[www.youtube.com/feeds/videos3f6a.xml]
[www.youtube.com/channel/android-app_/com.google.android.youtube/http/www.youtube.com/channel/UCqVDpXKLmKeBU_yyt_QkItQ.2a9.delayed]
[www.youtube.com/channel/ios-app_/544007664/vnd.youtube/www.youtube.com/channel/UCqVDpXKLmKeBU_yyt_QkItQ.2ab.delayed]
[www.youtube.com/channel/UCqVDpXKLmKeBU_yyt_QkItQ.html]
[www.youtube.com/premium/index.html]
[www.youtube.com/ads/youtube-select/index.html]
[www.youtube.com/yt/family/index.html]
[www.youtube.com/creatorresearch/index.html]
[www.youtube.com/nextup/index.html]
[www.youtube.com/creators-for-change/index.html]
[www.youtube.com/csai-match/index.html]
[www.youtube.com/about/brand-resources/index.html]
[www.youtube.com/intl/en/about/press/index.html]
[www.youtube.com/premium.html]
[www.youtube.com/creators/awards/index.html]
[www.youtube.com/creators/research/index.html]
[www.youtube.com/creators/how-things-work/get-involved/awards/index.html]
[www.youtube.com/channel/UCD-VoLB79s68ZRcbnz7BHbQ.html]
[www.youtube.com/feeds/videosb5d1.xml]
[www.youtube.com/c/android-app_/com.google.android.youtube/http/www.youtube.com/channel/UCD-VoLB79s68ZRcbnz7BHbQ.html]
[www.youtube.com/c/ios-app_/544007664/vnd.youtube/www.youtube.com/channel/UCD-VoLB79s68ZRcbnz7BHbQ.2b5.delayed]
[www.youtube.com/c/SandySahaRocks.html]
[www.youtube.com/feeds/videos3374.xml]
[www.youtube.com/channel/android-app_/com.google.android.youtube/http/www.youtube.com/channel/UCEkEWLr6Msc311z29MV5Ayg.2b9.delayed]
[www.youtube.com/channel/ios-app_/544007664/vnd.youtube/www.youtube.com/channel/UCEkEWLr6Msc311z29MV5Ayg.2bb.delayed]
[www.youtube.com/channel/UCEkEWLr6Msc311z29MV5Ayg.html]
[www.youtube.com/feeds/videos0523.xml]
[www.youtube.com/channel/android-app_/com.google.android.youtube/http/www.youtube.com/channel/UCwA3yPBSbZpwse6Q0aA2LPg.2bf.delayed]
[www.youtube.com/channel/ios-app_/544007664/vnd.youtube/www.youtube.com/channel/UCwA3yPBSbZpwse6Q0aA2LPg.2c1.delayed]
[www.youtube.com/channel/UCwA3yPBSbZpwse6Q0aA2LPg.html]
[www.youtube.com/feeds/videosddcc.xml]
[www.youtube.com/channel/UCdoDYkupTElV62K7ttA_E4w.html]
[www.youtube.com/c/android-app_/com.google.android.youtube/http/www.youtube.com/channel/UCdoDYkupTElV62K7ttA_E4w.html]
[www.youtube.com/c/ios-app_/544007664/vnd.youtube/www.youtube.com/channel/UCdoDYkupTElV62K7ttA_E4w.2c8.delayed]
[www.youtube.com/c/TechBar.html]
[www.youtube.com/feeds/videos3c7e.xml]
[www.youtube.com/channel/android-app_/com.google.android.youtube/http/www.youtube.com/channel/UCi7lxgkjW0ilcJDl5XGHr3Q.2cc.delayed]
[www.youtube.com/channel/ios-app_/544007664/vnd.youtube/www.youtube.com/channel/UCi7lxgkjW0ilcJDl5XGHr3Q.2ce.delayed]
[www.youtube.com/channel/UCi7lxgkjW0ilcJDl5XGHr3Q.html]
[www.youtube.com/channel/UCGiTQEPFMB1RVOwbziMhFgA.html]
[www.youtube.com/feeds/videos5abd.xml]
[www.youtube.com/c/android-app_/com.google.android.youtube/http/www.youtube.com/channel/UCGiTQEPFMB1RVOwbziMhFgA.html]
[www.youtube.com/c/ios-app_/544007664/vnd.youtube/www.youtube.com/channel/UCGiTQEPFMB1RVOwbziMhFgA.2d5.delayed]
[www.youtube.com/c/shalinimandal07.html]
[www.youtube.com/intl/en_in/creators/why-be-a-creator/index.html]
[www.youtube.com/creators/how-things-work/policies-guidelines/index.html]
[www.youtube.com/feeds/videos9eb0.xml]
[www.youtube.com/channel/UCAov2BBv1ZJav0c_yHEciAw.html]
[www.youtube.com/c/android-app_/com.google.android.youtube/http/www.youtube.com/channel/UCAov2BBv1ZJav0c_yHEciAw.html]
[www.youtube.com/c/ios-app_/544007664/vnd.youtube/www.youtube.com/channel/UCAov2BBv1ZJav0c_yHEciAw.2dc.delayed]
[www.youtube.com/c/SamayRainaOfficial.html]
[www.youtube.com/creators/how-things-work/content-creation-strategy/index.html]
[www.youtube.com/creators/how-things-work/building-community/index.html]
[www.youtube.com/creators/how-things-work/get-involved/index.html]
[www.youtube.com/channel/UCoLUji8TYrgDy74_iiazvYA.html]
[www.youtube.com/feeds/videos087e.xml]
[www.youtube.com/android-app_/com.google.android.youtube/http/www.youtube.com/channel/UCoLUji8TYrgDy74_iiazvYA.html]
[www.youtube.com/ios-app_/544007664/vnd.youtube/www.youtube.com/channel/UCoLUji8TYrgDy74_iiazvYA.2e3.delayed]
[www.youtube.com/@jarvis.html]
[www.youtube.com/channel/UCq0EGvLTyy-LLT1oUSO_0FQ.html]
[www.youtube.com/feeds/videos9d88.xml]
[www.youtube.com/android-app_/com.google.android.youtube/http/www.youtube.com/channel/UCq0EGvLTyy-LLT1oUSO_0FQ.html]
[www.youtube.com/ios-app_/544007664/vnd.youtube/www.youtube.com/channel/UCq0EGvLTyy-LLT1oUSO_0FQ.2ea.delayed]
[www.youtube.com/@misterwootube.html]
[www.youtube.com/android-app_/com.google.android.youtube/http/www.youtube.com/watch0032.html]
[www.youtube.com/ios-app_/544007664/vnd.youtube/www.youtube.com/watch.2ef0032.delayed]
[www.youtube.com/oembed1324.json]
[www.youtube.com/oembeda2da]
[i.ytimg.com/vi/93z9DqfE_ek/maxresdefault.jpg]
[www.youtube.com/ytcreators.html]
[www.youtube.com/embed/93z9DqfE_ek.html]
[i.ytimg.com/vi/93z9DqfE_ek/hqdefault.jpg]
[www.youtube.com/watch0032.html]
[www.youtube.com/premiumc75c.html]
[www.gstatic.com/external_hosted/lottie/lottie.js]
[fonts.gstatic.com/s/i/short-term/release/googlesymbols/chevron_right/default/24px.svg]
[fonts.gstatic.com/s/i/short-term/release/googlesymbols/settings/default/24px.svg]
[www.youtube.com/join/static/compiled/index.min169f.js]
[www.youtube.com/join/index.html]
[www.youtube.com/watchf878.html]
[www.youtube.com/ios-app_/544007664/vnd.youtube/www.youtube.com/watch.306df40.delayed]
[www.youtube.com/oembed78c8.json]
[www.youtube.com/oembed2698]
[i.ytimg.com/vi/o4pVILIsMHM/hqdefault.jpg]
[www.youtube.com/watchdf40.html]
[www.youtube.com/embed/o4pVILIsMHM77ba.html]
[www.youtube.com/android-app_/com.google.android.youtube/http/www.youtube.com/watchff4e.html]
[www.youtube.com/ios-app_/544007664/vnd.youtube/www.youtube.com/watch.30fff4e.delayed]
[www.youtube.com/oembed47ab.json]
[www.youtube.com/oembed0c45]
[i.ytimg.com/vi/6YpeNBACYbQ/maxresdefault.jpg]
[www.youtube.com/embed/6YpeNBACYbQ.html]
[i.ytimg.com/vi/6YpeNBACYbQ/hqdefault.jpg]
[www.youtube.com/watchff4e.html]
[www.youtube.com/channel/UCzsNLZ9GrGXRjt0QmvWFm2Q.html]
[www.youtube.com/creators/shorts/index.html]
[www.youtube.com/channel/UC6ERimtc5zFrn7x6Bk3HaHA.html]
[www.youtube.com/watch83b1.html]
[www.youtube.com/android-app_/com.google.android.youtube/http/www.youtube.com/watch0e2f.html]
[www.youtube.com/ios-app_/544007664/vnd.youtube/www.youtube.com/watch.31c0e2f.delayed]
[www.youtube.com/oembed58b5.json]
[www.youtube.com/oembed8390]
[i.ytimg.com/vi/aKydtOXW8mI/maxresdefault.jpg]
[www.youtube.com/embed/aKydtOXW8mI.html]
[i.ytimg.com/vi/aKydtOXW8mI/hqdefault.jpg]
[www.youtube.com/watch0e2f.html]
[www.youtube.com/android-app_/com.google.android.youtube/http/www.youtube.com/watch9815.html]
[www.youtube.com/ios-app_/544007664/vnd.youtube/www.youtube.com/watch.3269815.delayed]
[www.youtube.com/oembed639c.json]
[www.youtube.com/oembed7030]
[i.ytimg.com/vi/ob-LwY5fF7A/maxresdefault.jpg]
[www.youtube.com/embed/ob-LwY5fF7A.html]
[i.ytimg.com/vi/ob-LwY5fF7A/hqdefault.jpg]
[www.youtube.com/watch9815.html]
[www.youtube.com/android-app_/com.google.android.youtube/http/www.youtube.com/watch86cc.html]
[www.youtube.com/ios-app_/544007664/vnd.youtube/www.youtube.com/watch.33086cc.delayed]
[www.youtube.com/oembede467.json]
[www.youtube.com/oembedab79]
[i.ytimg.com/vi/s4sE7NyTvzs/maxresdefault.jpg]
[www.youtube.com/embed/s4sE7NyTvzs.html]
[i.ytimg.com/vi/s4sE7NyTvzs/hqdefault.jpg]
[www.youtube.com/watch86cc.html]
[www.youtube.com/android-app_/com.google.android.youtube/http/www.youtube.com/watch6721.html]
[www.youtube.com/ios-app_/544007664/vnd.youtube/www.youtube.com/watch.33a6721.delayed]
[www.youtube.com/oembed7f51.json]
[www.youtube.com/oembede882]
[i.ytimg.com/vi/y41nwoG8em8/maxresdefault.jpg]
[www.youtube.com/embed/y41nwoG8em8.html]
[i.ytimg.com/vi/y41nwoG8em8/hqdefault.jpg]
[www.youtube.com/watch6721.html]
[www.youtube.com/channel/UChQunfhkwe9KimRejCpj5mg.html]
[www.youtube.com/feeds/videos0c60.xml]
[www.youtube.com/user/android-app_/com.google.android.youtube/http/www.youtube.com/channel/UChQunfhkwe9KimRejCpj5mg.344.delayed]
[www.youtube.com/user/ios-app_/544007664/vnd.youtube/www.youtube.com/channel/UChQunfhkwe9KimRejCpj5mg.346.delayed]
[www.youtube.com/user/dancinruks.html]
[www.youtube.com/android-app_/com.google.android.youtube/http/youtube.comhttp_/www.youtube.com/playlist8fea.html]
[www.youtube.com/ios-app_/544007664/http/youtube.comhttp_/www.youtube.com/playlist.34b8fea.delayed]
[www.youtube.com/playlist8fea.html]
[www.youtube.com/android-app_/com.google.android.youtube/http/www.youtube.com/watchdfe4.html]
[www.youtube.com/shorts/5opGptBHhWU.html]
[www.youtube.com/ios-app_/544007664/vnd.youtube/www.youtube.com/watch.351dfe4.delayed]
[www.youtube.com/oembed7ec5.json]
[www.youtube.com/oembed6c04]
[i.ytimg.com/vi/5opGptBHhWU/hq247ed.jpg]
[www.youtube.com/embed/5opGptBHhWU4695.html]
[www.youtube.com/@YouTubeCreatorsIndia.html]
[i.ytimg.com/vi/5opGptBHhWU/hqdefault.jpg]
[www.youtube.com/watchdfe4.html]
[www.youtube.com/android-app_/com.google.android.youtube/http/www.youtube.com/watch6d54.html]
[www.youtube.com/ios-app_/544007664/vnd.youtube/www.youtube.com/watch.35d6d54.delayed]
[www.youtube.com/oembed5aa3.json]
[www.youtube.com/oembed301a]
[i.ytimg.com/vi/zBWGznmxwTg/hqdefault.jpg]
[www.youtube.com/watch6d54.html]
[www.youtube.com/embed/zBWGznmxwTg.html]
[www.youtube.com/android-app_/com.google.android.youtube/http/www.youtube.com/watchc377.html]
[www.youtube.com/ios-app_/544007664/vnd.youtube/www.youtube.com/watch.366c377.delayed]
[www.youtube.com/oembed13ec.json]
[www.youtube.com/oembedba9c]
[i.ytimg.com/vi/LpUk_Ms1EVw/maxresdefault.jpg]
[www.youtube.com/embed/LpUk_Ms1EVw.html]
[i.ytimg.com/vi/LpUk_Ms1EVw/hqdefault.jpg]
[www.youtube.com/watchc377.html]
[www.youtube.com/android-app_/com.google.android.youtube/http/www.youtube.com/watchb281.html]
[www.youtube.com/ios-app_/544007664/vnd.youtube/www.youtube.com/watch.370b281.delayed]
[www.youtube.com/oembed594f.json]
[www.youtube.com/oembed280c]
[i.ytimg.com/vi/rB9ql0L0cUQ/maxresdefault.jpg]
[www.youtube.com/embed/rB9ql0L0cUQ.html]
[i.ytimg.com/vi/rB9ql0L0cUQ/hqdefault.jpg]
[www.youtube.com/watchb281.html]
[www.youtube.com/feeds/videos7f2c.xml]
[www.youtube.com/channel/android-app_/com.google.android.youtube/http/www.youtube.com/channel/UCOxGzd-Wfd6BiP6_YXbDnLA.379.delayed]
[www.youtube.com/channel/ios-app_/544007664/vnd.youtube/www.youtube.com/channel/UCOxGzd-Wfd6BiP6_YXbDnLA.37b.delayed]
[www.youtube.com/channel/UCOxGzd-Wfd6BiP6_YXbDnLA.html]
[www.youtube.com/android-app_/com.google.android.youtube/http/www.youtube.com/watchc0b2.html]
[www.youtube.com/ios-app_/544007664/vnd.youtube/www.youtube.com/watch.380c0b2.delayed]
[www.youtube.com/oembedcaa6.json]
[www.youtube.com/oembedbada]
[i.ytimg.com/vi/E6pC6iql5xM/maxresdefault.jpg]
[www.youtube.com/embed/E6pC6iql5xM.html]
[i.ytimg.com/vi/E6pC6iql5xM/hqdefault.jpg]
[www.youtube.com/watchc0b2.html]
[www.youtube.com/android-app_/com.google.android.youtube/http/youtube.comhttp_/www.youtube.com/playlistc604.html]
[www.youtube.com/ios-app_/544007664/http/youtube.comhttp_/www.youtube.com/playlist.38ac604.delayed]
[www.youtube.com/playlistc604.html]
[www.youtube.com/android-app_/com.google.android.youtube/http/www.youtube.com/watchc121.html]
[www.youtube.com/ios-app_/544007664/vnd.youtube/www.youtube.com/watch.38fc121.delayed]
[www.youtube.com/oembedcbfa.json]
[www.youtube.com/oembed3dcb]
[i.ytimg.com/vi/yyRdoYbBUyI/maxresdefault.jpg]
[www.youtube.com/embed/yyRdoYbBUyI.html]
[i.ytimg.com/vi/yyRdoYbBUyI/hqdefault.jpg]
[www.youtube.com/watchc121.html]
[www.youtube.com/android-app_/com.google.android.youtube/http/www.youtube.com/watch13cd.html]
[www.youtube.com/shorts/iPlNwnJkZFc.html]
[www.youtube.com/ios-app_/544007664/vnd.youtube/www.youtube.com/watch.39a13cd.delayed]
[www.youtube.com/oembed7ab7.json]
[www.youtube.com/oembed55b4]
[i.ytimg.com/vi/iPlNwnJkZFc/maxres2b707.jpg]
[www.youtube.com/embed/iPlNwnJkZFc4695.html]
[i.ytimg.com/vi/iPlNwnJkZFc/hqdefault.jpg]
[www.youtube.com/watch13cd.html]
[www.youtube.com/android-app_/com.google.android.youtube/http/www.youtube.com/watchf25a.html]
[www.youtube.com/ios-app_/544007664/vnd.youtube/www.youtube.com/watch.3a5f25a.delayed]
[www.youtube.com/watchf25a.html]
[www.youtube.com/android-app_/com.google.android.youtube/http/www.youtube.com/watch898b.html]
[www.youtube.com/ios-app_/544007664/vnd.youtube/www.youtube.com/watch.3ab898b.delayed]
[www.youtube.com/oembed7c5b.json]
[www.youtube.com/oembedd013]
[i.ytimg.com/vi/dAtGDfq2xjE/maxresdefault.jpg]
[www.youtube.com/embed/dAtGDfq2xjE.html]
[i.ytimg.com/vi/dAtGDfq2xjE/hqdefault.jpg]
[www.youtube.com/watch898b.html]
[www.youtube.com/intl/en_in/creators/live-streaming-on-youtube/index.html]
[www.youtube.com/channel/UCvjgXvBlbQiydffZU7m1_aw.html]
[www.youtube.com/c/cbgray.html]
[www.youtube.com/user/DjMaRiiO.html]
[www.youtube.com/watch4d4a.html]
[www.youtube.com/watch2567.html]
[www.youtube.com/intl/en_us/creators/how-things-work/video-monetization/index.html]
[www.youtube.com/watch3088.html]
[www.youtube.com/watcha7fb.html]
[www.youtube.com/c/JazzyGuns.html]
[www.youtube.com/creators/live-streaming-on-youtube/index.html]
[www.youtube.com/creators/safety/index.html]
[www.youtube.com/channel/UC1NJu6ecBwCYWIOJbARYnIA.html]
[www.youtube.com/android-app_/com.google.android.youtube/http/www.youtube.com/watch7541.html]
[www.youtube.com/ios-app_/544007664/vnd.youtube/www.youtube.com/watch.3be7541.delayed]
[www.youtube.com/oembedc8f2.json]
[www.youtube.com/oembed2ff2]
[i.ytimg.com/vi/CnGQnzWSZNA/maxresdefault.jpg]
[www.youtube.com/embed/CnGQnzWSZNA.html]
[i.ytimg.com/vi/CnGQnzWSZNA/hqdefault.jpg]
[www.youtube.com/watch7541.html]
[www.youtube.com/android-app_/com.google.android.youtube/http/www.youtube.com/watche58e.html]
[www.youtube.com/ios-app_/544007664/vnd.youtube/www.youtube.com/watch.3c8e58e.delayed]
[www.youtube.com/oembeda97e.json]
[www.youtube.com/oembedb2b9]
[i.ytimg.com/vi/Up8jSMBvdGg/maxresdefault.jpg]
[www.youtube.com/embed/Up8jSMBvdGg.html]
[i.ytimg.com/vi/Up8jSMBvdGg/hqdefault.jpg]
[www.youtube.com/watche58e.html]
[www.youtube.com/android-app_/com.google.android.youtube/http/www.youtube.com/watcha3d1.html]
[www.youtube.com/ios-app_/544007664/vnd.youtube/www.youtube.com/watch.3d2a3d1.delayed]
[www.youtube.com/oembed2e13.json]
[www.youtube.com/oembedf09b]
[i.ytimg.com/vi/_fGDV-W___E/maxresdefault.jpg]
[www.youtube.com/embed/_fGDV-W___E5049.html]
[i.ytimg.com/vi/_fGDV-W___E/hqdefault.jpg]
[www.youtube.com/watcha3d1.html]
[www.youtube.com/intl/en_in/creators/shorts/index.html]
[www.youtube.com/feeds/videosc936.xml]
[www.youtube.com/channel/android-app_/com.google.android.youtube/http/www.youtube.com/channel/UC2MRRqb_L2E53UmTaywdhkA.3db.delayed]
[www.youtube.com/channel/ios-app_/544007664/vnd.youtube/www.youtube.com/channel/UC2MRRqb_L2E53UmTaywdhkA.3dd.delayed]
[www.youtube.com/channel/UC2MRRqb_L2E53UmTaywdhkA.html]
[www.youtube.com/android-app_/com.google.android.youtube/http/www.youtube.com/watchfab1.html]
[www.youtube.com/ios-app_/544007664/vnd.youtube/www.youtube.com/watch.3e2fab1.delayed]
[www.youtube.com/oembedbfc5.json]
[www.youtube.com/oembed74a3]
[i.ytimg.com/vi/1PvjRIkwIl8/maxresdefault.jpg]
[www.youtube.com/embed/1PvjRIkwIl8.html]
[i.ytimg.com/vi/1PvjRIkwIl8/hqdefault.jpg]
[www.youtube.com/watchfab1.html]
[www.youtube.com/kids/index47ed.html]
[www.youtube.com/android-app_/com.google.android.youtube/http/www.youtube.com/watche42f.html]
[www.youtube.com/ios-app_/544007664/vnd.youtube/www.youtube.com/watch.3ece42f.delayed]
[www.youtube.com/oembed4613.json]
[www.youtube.com/oembed5a8d]
[i.ytimg.com/vi/O5PuFu3_iy0/maxresdefaulte9b6.jpg]
[www.youtube.com/@YouTube.html]
[www.youtube.com/embed/O5PuFu3_iy0.html]
[i.ytimg.com/vi/O5PuFu3_iy0/hqdefault.jpg]
[www.youtube.com/watche42f.html]
[www.youtube.com/intl/en_in/creators/how-things-work/get-involved/awards/index.html]
[www.youtube.com/intl/en_in/creators/research/index.html]
[www.youtube.com/channel/UChIGU8b4l5cj6i5D9REsqdg.html]
[www.youtube.com/feeds/videos4493.xml]
[www.youtube.com/user/android-app_/com.google.android.youtube/http/www.youtube.com/channel/UChIGU8b4l5cj6i5D9REsqdg.3f8.delayed]
[www.youtube.com/user/ios-app_/544007664/vnd.youtube/www.youtube.com/channel/UChIGU8b4l5cj6i5D9REsqdg.3fa.delayed]
[www.youtube.com/user/Ytfanfest.html]
[www.youtube.com/creators/how-things-work/video-monetization/index.html]
[www.youtube.com/feed/android-app_/com.google.android.youtube/http/www.youtube.com/index.html]
[www.youtube.com/feed/android-app_/com.google.android.youtube/http/www.youtube.html]
[www.youtube.com/feed/ios-app_/544007664/vnd.youtube/www.youtube.com/index.html]
[www.youtube.com/feed/ios-app_/544007664/vnd.youtube/www.youtube.html]
[www.youtube.com/channel/android-app_/com.google.android.youtube/http/www.youtube.com/channel/UC_0MucSdwSqy8rJkSZpQ1kw.3ff.delayed]
[www.youtube.com/channel/ios-app_/544007664/vnd.youtube/www.youtube.com/channel/UC_0MucSdwSqy8rJkSZpQ1kw.401.delayed]
[www.youtube.com/channel/UC_0MucSdwSqy8rJkSZpQ1kw.html]
[www.youtube.com/c/android-app_/com.google.android.youtube/http/www.youtube.com/channel/android-app_/com.google.android.youtube/http/www.youtube.com/channel/UCjaFblyfqwCBM1-_t2Q9jlQ.html]
[www.youtube.com/c/android-app_/com.google.android.youtube/http/www.youtube.com/channel/UC_0MucSdwSqy8rJkSZpQ1kw.html]
[www.youtube.com/c/ios-app_/544007664/vnd.youtube/www.youtube.com/channel/UC_0MucSdwSqy8rJkSZpQ1kw.html]
[www.youtube.com/channel/android-app_/com.google.android.youtube/http/www.youtube.com/channel/UCGg-UqjRgzhYDPJMr-9HXCg.html]
[www.youtube.com/channel/ios-app_/544007664/vnd.youtube/www.youtube.com/channel/UCGg-UqjRgzhYDPJMr-9HXCg.html]
[www.youtube.com/c/android-app_/com.google.android.youtube/http/www.youtube.com/channel/ios-app_/544007664/vnd.youtube/www.youtube.com/channel/UCjaFblyfqwCBM1-_t2Q9jlQ.html]
[www.youtube.com/t/terms_paidserviced431.html]
[www.youtube.com/t/terms_paidservice5df5.html]
[www.youtube.com/t/terms_paidservicea132.html]
[www.youtube.com/t/terms_paidservice4401.html]
[www.youtube.com/t/terms_paidservice1a89.html]
[www.youtube.com/t/terms_paidservice61d8.html]
[www.youtube.com/t/terms_paidservice85ca.html]
[www.youtube.com/t/terms_paidservicebee9.html]
[www.youtube.com/t/terms_paidservicece3d.html]
[www.youtube.com/t/terms_paidservice1080.html]
[www.youtube.com/t/terms_paidservice926b.html]
[www.youtube.com/t/terms_paidserviceeded.html]
[www.youtube.com/t/terms_paidservice0cac.html]
[www.youtube.com/t/terms_paidservice63fc.html]
[www.youtube.com/t/terms_paidservice2eba.html]
[www.youtube.com/t/terms_paidservicec1ce.html]
[www.youtube.com/t/terms_paidservicebc22.html]
[www.youtube.com/t/terms_paidservice6131.html]
[www.youtube.com/t/terms_paidservice9ed6.html]
[www.youtube.com/t/terms_paidservice6ca0.html]
[www.youtube.com/t/terms_paidservicebcfb.html]
[www.youtube.com/t/terms_paidservice3da9.html]
[www.youtube.com/t/terms_paidservicec638.html]
[www.youtube.com/t/terms_dataprocessing8990.html]
[www.youtube.com/yt/about/copyright/index.html]
[www.youtube.com/t/terms08a4.html]
[www.youtube.com/t/terms_dataprocessingda97.html]
[www.youtube.com/t/terms540c.html]
[www.youtube.com/howyoutubeworks/static/compiled/css/ai.index.min457f.css]
[www.youtube.com/howyoutubeworks/static/images/arrow_drop_dow_black.svg]
[www.youtube.com/t/terms2357.html]
[www.youtube.com/howyoutubeworks/static/compiled/ai-and-creators.index.min5776.js]
[www.youtube.com/intl/ALL_in/howyoutubeworks/ai/empowering-creators/index.html]
[www.youtube.com/channel/UCLMtjmKyB2ORHx2A06crsmQ.html]
[www.youtube.com/feeds/videos9c19.xml]
[www.youtube.com/android-app_/com.google.android.youtube/http/www.youtube.com/channel/UCLMtjmKyB2ORHx2A06crsmQ.html]
[www.youtube.com/ios-app_/544007664/vnd.youtube/www.youtube.com/channel/UCLMtjmKyB2ORHx2A06crsmQ.461.delayed]
[www.youtube.com/JadeBeason.html]
[www.youtube.com/howyoutubeworks/static/compiled/css/copyright.index.minfd34.css]
[www.youtube.com/howyoutubeworks/static/compiled/css/creator-economy.index.min592a.css]
[www.youtube.com/howyoutubeworks/youtubes-impact/index.html]
[www.youtube.com/feeds/videos3088.xml]
[www.youtube.com/channel/UCKZozRVHRYsYHGEyNKuhhdA.html]
[www.youtube.com/c/android-app_/com.google.android.youtube/http/www.youtube.com/channel/UCKZozRVHRYsYHGEyNKuhhdA.html]
[www.youtube.com/c/ios-app_/544007664/vnd.youtube/www.youtube.com/channel/UCKZozRVHRYsYHGEyNKuhhdA.468.delayed]
[www.youtube.com/c/ThinkSchool.html]
[www.youtube.com/channel/UC_hK9fOxyy_TM8FJGXIyG8Q.html]
[www.youtube.com/feeds/videos0c7c.xml]
[www.youtube.com/android-app_/com.google.android.youtube/http/www.youtube.com/channel/UC_hK9fOxyy_TM8FJGXIyG8Q.html]
[www.youtube.com/ios-app_/544007664/vnd.youtube/www.youtube.com/channel/UC_hK9fOxyy_TM8FJGXIyG8Q.46f.delayed]
[www.youtube.com/@DharMann.html]
[www.youtube.com/channel/UCk2U-Oqn7RXf-ydPqfSxG5g.html]
[www.youtube.com/feeds/videos04c7.xml]
[www.youtube.com/android-app_/com.google.android.youtube/http/www.youtube.com/channel/UCk2U-Oqn7RXf-ydPqfSxG5g.html]
[www.youtube.com/ios-app_/544007664/vnd.youtube/www.youtube.com/channel/UCk2U-Oqn7RXf-ydPqfSxG5g.476.delayed]
[www.youtube.com/@melrobbins.html]
[www.youtube.com/channel/UCUnmH8N8k4E7y3dKfCzDKKg.html]
[www.youtube.com/feeds/videosbb26.xml]
[www.youtube.com/android-app_/com.google.android.youtube/http/www.youtube.com/channel/UCUnmH8N8k4E7y3dKfCzDKKg.html]
[www.youtube.com/ios-app_/544007664/vnd.youtube/www.youtube.com/channel/UCUnmH8N8k4E7y3dKfCzDKKg.47d.delayed]
[www.youtube.com/@heyBrandonB.html]
[www.youtube.com/channel/UCDogdKl7t7NHzQ95aEwkdMw.html]
[www.youtube.com/feeds/videos059e.xml]
[www.youtube.com/android-app_/com.google.android.youtube/http/www.youtube.com/channel/UCDogdKl7t7NHzQ95aEwkdMw.html]
[www.youtube.com/ios-app_/544007664/vnd.youtube/www.youtube.com/channel/UCDogdKl7t7NHzQ95aEwkdMw.484.delayed]
[www.youtube.com/@Sidemen.html]
[www.youtube.com/feeds/videosa295.xml]
[www.youtube.com/channel/UCzl0OrB3-ehunyotIQvK77A.html]
[www.youtube.com/android-app_/com.google.android.youtube/http/www.youtube.com/channel/UCzl0OrB3-ehunyotIQvK77A.html]
[www.youtube.com/ios-app_/544007664/vnd.youtube/www.youtube.com/channel/UCzl0OrB3-ehunyotIQvK77A.48b.delayed]
[www.youtube.com/@metrotvnews.html]
[www.youtube.com/channel/UCpJRmMTfdv0iPbnjo6qBw_g.html]
[www.youtube.com/feeds/videosf820.xml]
[www.youtube.com/android-app_/com.google.android.youtube/http/www.youtube.com/channel/UCpJRmMTfdv0iPbnjo6qBw_g.html]
[www.youtube.com/ios-app_/544007664/vnd.youtube/www.youtube.com/channel/UCpJRmMTfdv0iPbnjo6qBw_g.492.delayed]
[www.youtube.com/aqmvideo.html]
[www.youtube.com/feeds/videosd664.xml]
[www.youtube.com/channel/UCKnMcgDLxDeq9HqUgLhtYbQ.html]
[www.youtube.com/android-app_/com.google.android.youtube/http/www.youtube.com/channel/UCKnMcgDLxDeq9HqUgLhtYbQ.html]
[www.youtube.com/ios-app_/544007664/vnd.youtube/www.youtube.com/channel/UCKnMcgDLxDeq9HqUgLhtYbQ.499.delayed]
[www.youtube.com/@DiaTV.html]
[www.youtube.com/channel/UC4ncvgh5hFr5O83MH7-jRJg.html]
[www.youtube.com/feeds/videos46ea.xml]
[www.youtube.com/c/android-app_/com.google.android.youtube/http/www.youtube.com/channel/UC4ncvgh5hFr5O83MH7-jRJg.html]
[www.youtube.com/c/ios-app_/544007664/vnd.youtube/www.youtube.com/channel/UC4ncvgh5hFr5O83MH7-jRJg.4a0.delayed]
[www.youtube.com/c/flowpodcast.html]
[www.youtube.com/channel/UChG8nxeVTk6jQJyH-_TG7xw.html]
[www.youtube.com/feeds/videos990d.xml]
[www.youtube.com/android-app_/com.google.android.youtube/http/www.youtube.com/channel/UChG8nxeVTk6jQJyH-_TG7xw.html]
[www.youtube.com/ios-app_/544007664/vnd.youtube/www.youtube.com/channel/UChG8nxeVTk6jQJyH-_TG7xw.4a7.delayed]
[www.youtube.com/@inpowerpodcast.html]
[www.youtube.com/feeds/videos28ee.xml]
[www.youtube.com/channel/UCI-8QMy9n3I5Pv6mTmXoAXA.html]
[www.youtube.com/android-app_/com.google.android.youtube/http/www.youtube.com/channel/UCI-8QMy9n3I5Pv6mTmXoAXA.html]
[www.youtube.com/ios-app_/544007664/vnd.youtube/www.youtube.com/channel/UCI-8QMy9n3I5Pv6mTmXoAXA.4ae.delayed]
[www.youtube.com/@GaspardG.html]
[www.youtube.com/android-app_/com.google.android.youtube/http/youtube.comhttp_/www.youtube.com/playlist62a7.html]
[www.youtube.com/ios-app_/544007664/http/youtube.comhttp_/www.youtube.com/playlist.4b362a7.delayed]
[www.youtube.com/playlist62a7.html]
[www.youtube.com/howyoutubeworks/static/compiled/css/elections.index.mine907.css]
[www.youtube.com/howyoutubeworks/static/compiled/css/youth.index.mine907.css]
[www.youtube.com/howyoutubeworks/static/compiled/youth-principles.index.minc686.js]
[www.youtube.com/intl/ALL_in/howyoutubeworks/kids-and-teens/youth-principles/index.html]
[www.youtube.com/howyoutubeworks/static/compiled/advisory-committee.index.mina085.js]
[www.youtube.com/howyoutubeworks/kids-and-teens/advisory-committee/index.html]
[www.youtube.com/howyoutubeworks/our-commitments/fostering-child-safety/advisory-committee/index.html]
[www.youtube.com/intl/ALL_in/howyoutubeworks/kids-and-teens/advisory-committee/index.html]
[www.youtube.com/howyoutubeworks/static/compiled/css/learning.index.min9047.css]
[www.youtube.com/channel/UCb2GCoLSBXjmI_Qj1vk-44g.html]
[www.youtube.com/feeds/videosa9d0.xml]
[www.youtube.com/android-app_/com.google.android.youtube/http/www.youtube.com/channel/UCb2GCoLSBXjmI_Qj1vk-44g.html]
[www.youtube.com/ios-app_/544007664/vnd.youtube/www.youtube.com/channel/UCb2GCoLSBXjmI_Qj1vk-44g.4be.delayed]
[www.youtube.com/@AmoebaSisters.html]
[www.youtube.com/channel/UCu0yQD7NFMyLu_-TmKa4Hqg.html]
[www.youtube.com/feeds/videoscb9c.xml]
[www.youtube.com/android-app_/com.google.android.youtube/http/www.youtube.com/channel/UCu0yQD7NFMyLu_-TmKa4Hqg.html]
[www.youtube.com/ios-app_/544007664/vnd.youtube/www.youtube.com/channel/UCu0yQD7NFMyLu_-TmKa4Hqg.4c5.delayed]
[www.youtube.com/@KokBisa.html]
[www.youtube.com/channel/UCP4cc9slwfk7942HXYlSKPg.html]
[www.youtube.com/feeds/videos6719.xml]
[www.youtube.com/android-app_/com.google.android.youtube/http/www.youtube.com/channel/UCP4cc9slwfk7942HXYlSKPg.html]
[www.youtube.com/ios-app_/544007664/vnd.youtube/www.youtube.com/channel/UCP4cc9slwfk7942HXYlSKPg.4cc.delayed]
[www.youtube.com/@MCGrammarTV.html]
[www.youtube.com/feeds/videosfdda.xml]
[www.youtube.com/channel/UCwSxSJqGpSRpEsq5-YUbM8g.html]
[www.youtube.com/android-app_/com.google.android.youtube/http/www.youtube.com/channel/UCwSxSJqGpSRpEsq5-YUbM8g.html]
[www.youtube.com/ios-app_/544007664/vnd.youtube/www.youtube.com/channel/UCwSxSJqGpSRpEsq5-YUbM8g.4d3.delayed]
[www.youtube.com/@ProfessorNoslen.html]
[www.youtube.com/feeds/videos45c2.xml]
[www.youtube.com/channel/UCfSUSGxsZBBE3o8bCQpqYgw.html]
[www.youtube.com/android-app_/com.google.android.youtube/http/www.youtube.com/channel/UCfSUSGxsZBBE3o8bCQpqYgw.html]
[www.youtube.com/ios-app_/544007664/vnd.youtube/www.youtube.com/channel/UCfSUSGxsZBBE3o8bCQpqYgw.4da.delayed]
[www.youtube.com/@nehamamsarmy.html]
[www.youtube.com/howyoutubeworks/static/compiled/css/news.index.min592a.css]
[www.youtube.com/howyoutubeworks/static/compiled/css/privacy.index.mine907.css]
[www.youtube.com/howyoutubeworks/static/compiled/css/recommendations.index.mine907.css]
[www.youtube.com/howyoutubeworks/static/compiled/css/policies.index.mine907.css]
[www.youtube.com/howyoutubeworks/static/compiled/css/progress-impact.index.mine907.css]
[www.youtube.com/howyoutubeworks/ai/index.html]
[www.youtube.com/howyoutubeworks/creator-economy/index.html]
[www.youtube.com/howyoutubeworks/elections/index.html]
[www.youtube.com/howyoutubeworks/kids-and-teens/index.html]
[www.youtube.com/howyoutubeworks/learning/index.html]
[www.youtube.com/howyoutubeworks/news/index.html]
[www.youtube.com/howyoutubeworks/privacy/index.html]
[www.youtube.com/howyoutubeworks/recommendations/index.html]
[www.youtube.com/channel/UC5H_lY2y5X3zhjy5KTez-vQ.html]
[www.youtube.com/feeds/videos1eec.xml]
[www.youtube.com/android-app_/com.google.android.youtube/http/www.youtube.com/channel/UC5H_lY2y5X3zhjy5KTez-vQ.html]
[www.youtube.com/ios-app_/544007664/vnd.youtube/www.youtube.com/channel/UC5H_lY2y5X3zhjy5KTez-vQ.4e1.delayed]
[www.youtube.com/@AnitaBokepalli.html]
[www.youtube.com/feeds/videosfd8b.xml]
[www.youtube.com/channel/UCVOTBwF0vnSxMRIbfSE_K_g.html]
[www.youtube.com/android-app_/com.google.android.youtube/http/www.youtube.com/channel/UCVOTBwF0vnSxMRIbfSE_K_g.html]
[www.youtube.com/ios-app_/544007664/vnd.youtube/www.youtube.com/channel/UCVOTBwF0vnSxMRIbfSE_K_g.4e8.delayed]
[www.youtube.com/@LabourLawAdvisor.html]
[www.youtube.com/howyoutubeworks/static/images/mobile-after.svg]
[www.youtube.com/channel/UCa4FC6a-6g7i0arN__K1W6A.html]
[www.youtube.com/feeds/videos97ea.xml]
[www.youtube.com/android-app_/com.google.android.youtube/http/www.youtube.com/channel/UCa4FC6a-6g7i0arN__K1W6A.html]
[www.youtube.com/ios-app_/544007664/vnd.youtube/www.youtube.com/channel/UCa4FC6a-6g7i0arN__K1W6A.4ef.delayed]
[www.youtube.com/@Hanumankind.html]
[www.youtube.com/feeds/videos75f9.xml]
[www.youtube.com/channel/UCYC6Vcczj8v-Y5OgpEJTFBw.html]
[www.youtube.com/android-app_/com.google.android.youtube/http/www.youtube.com/channel/UCYC6Vcczj8v-Y5OgpEJTFBw.html]
[www.youtube.com/ios-app_/544007664/vnd.youtube/www.youtube.com/channel/UCYC6Vcczj8v-Y5OgpEJTFBw.4f6.delayed]
[www.youtube.com/@FitTuber.html]
[www.youtube.com/feeds/videos5db7.xml]
[www.youtube.com/channel/UCebC4x5l2-PQxg46Ucv9CsA.html]
[www.youtube.com/android-app_/com.google.android.youtube/http/www.youtube.com/channel/UCebC4x5l2-PQxg46Ucv9CsA.html]
[www.youtube.com/ios-app_/544007664/vnd.youtube/www.youtube.com/channel/UCebC4x5l2-PQxg46Ucv9CsA.4fd.delayed]
[www.youtube.com/@CrazyXYZ.html]
[www.youtube.com/channel/UCcl4x-1l61b4mI3HnnmoxOg.html]
[www.youtube.com/feeds/videosa31c.xml]
[www.youtube.com/android-app_/com.google.android.youtube/http/www.youtube.com/channel/UCcl4x-1l61b4mI3HnnmoxOg.html]
[www.youtube.com/ios-app_/544007664/vnd.youtube/www.youtube.com/channel/UCcl4x-1l61b4mI3HnnmoxOg.504.delayed]
[www.youtube.com/@shreemanitripathi.html]
[www.youtube.com/intl/ALL_in/howyoutubeworks/progress-impact/impact/index.html]
[www.youtube.com/intl/ALL_au/howyoutubeworks/index.html]
[www.youtube.com/intl/ALL_au/howyoutubeworks/copyright/index.html]
[www.youtube.com/intl/ALL_au/howyoutubeworks/ai/index.html]
[www.youtube.com/intl/ALL_au/howyoutubeworks/creator-economy/index.html]
[www.youtube.com/intl/ALL_au/howyoutubeworks/elections/index.html]
[www.youtube.com/@SarahRenaeClark.html]
[www.youtube.com/intl/ALL_au/howyoutubeworks/kids-and-teens/index.html]
[www.youtube.com/intl/ALL_au/howyoutubeworks/learning/index.html]
[www.youtube.com/@EmmaMemma-Auslan.html]
[www.youtube.com/intl/ALL_au/howyoutubeworks/recommendations/index.html]
[www.youtube.com/intl/ALL_au/howyoutubeworks/privacy/index.html]
[www.youtube.com/intl/ALL_au/howyoutubeworks/news/index.html]
[www.youtube.com/@6NewsAU.html]
[www.youtube.com/intl/ALL_au/howyoutubeworks/our-policies/index.html]
[www.youtube.com/creators/partner-program/index.html]
[www.youtube.com/@ugottabwise.html]
[www.youtube.com/@GLITCH.html]
[www.youtube.com/intl/ALL_au/howyoutubeworks/youtubes-impact/index.html]
[www.youtube.com/@JessicaMauboyOfficial.html]
[www.youtube.com/intl/ALL_br/howyoutubeworks/progress-impact/impact/index.html]
[www.youtube.com/intl/ALL_ca/howyoutubeworks/youtubes-impact/index.html]
[www.youtube.com/intl/fr_ca/howyoutubeworks/youtubes-impact/index.html]
[www.youtube.com/intl/ALL_ca/howyoutubeworks/progress-impact/impact/index.html]
[www.youtube.com/@samjtodd.html]
[www.youtube.com/intl/en_be/howyoutubeworks/youtubes-impact/index.html]
[www.youtube.com/intl/fr_ca/howyoutubeworks/progress-impact/impact/index.html]
[www.youtube.com/intl/ALL_de/howyoutubeworks/youtubes-impact/index.html]
[www.youtube.com/intl/ALL_kr/howyoutubeworks/youtubes-impact/index.html]
[www.youtube.com/intl/en_be/howyoutubeworks/progress-impact/impact/index.html]
[www.youtube.com/intl/ALL_fr/howyoutubeworks/progress-impact/impact/index.html]
[www.youtube.com/intl/ALL_uk/howyoutubeworks/youtubes-impact/index.html]
[www.youtube.com/intl/ALL_de/howyoutubeworks/progress-impact/impact/index.html]
[www.youtube.com/intl/hi_in/howyoutubeworks/progress-impact/impact/index.html]
[www.youtube.com/intl/ALL_jp/howyoutubeworks/youtubes-impact/index.html]
[www.youtube.com/intl/ALL_fr/howyoutubeworks/youtubes-impact/index.html]
[www.youtube.com/intl/hi_in/howyoutubeworks/youtubes-impact/index.html]
[www.youtube.com/intl/ALL_br/howyoutubeworks/youtubes-impact/index.html]
[www.youtube.com/@radityadika.html]
[www.youtube.com/@bernadyaribka.html]
[www.youtube.com/@dikdasmenRI.html]
[www.youtube.com/@disabilitaspunyacara.html]
[www.youtube.com/@set1awanade.html]
[www.youtube.com/intl/ALL_id/howyoutubeworks/youtubes-impact/index.html]
[www.youtube.com/intl/ALL_jp/howyoutubeworks/progress-impact/impact/index.html]
[www.youtube.com/intl/ALL_kr/howyoutubeworks/progress-impact/impact/index.html]
[www.youtube.com/intl/ALL_uk/howyoutubeworks/progress-impact/impact/index.html]
[www.youtube.com/@MarinaTasha.html]
[www.youtube.com/@PerkinsBuilderBrothers.html]
[www.youtube.com/@HowFarmsWork.html]
[www.youtube.com/@AmoebaSIsters-2.html]
[www.youtube.com/@CowboyKentRollins.html]
[www.youtube.com/howyoutubeworks/nd.51c.delayed]
[www.youtube.com/@blogilates.html]
[www.youtube.com/@viallfiles.html]
[www.youtube.com/intl/en_us/howyoutubeworks/youtubes-impact/index.html]
[www.youtube.com/android-app_/com.google.android.youtube/http/www.youtube.com/channel/android-app_/com.google.android.youtube/http/www.youtube.com/channel/android-app_/com.google.android.yout/UCjaFblyfqwCBM1-_t2Q9jl]
[www.youtube.com/android-app_/com.google.android.youtube/http/www.youtube.com/channel/android-app_/com.google.android.youtube/http/www.youtube.com/channel/ios-app_/544007664/vnd.youtube/www.y/UCjaFblyfqwCBM1-_t2Q9jl]
[www.youtube.com/android-app_/com.google.android.youtube/http/www.youtube.com/channel/ios-app_/544007664/vnd.youtube/www.youtube.com/channel/android-app_/com.google.android.youtube/http/www.y/UCjaFblyfqwCBM1-_t2Q9jl]
[www.youtube.com/android-app_/com.google.android.youtube/http/www.youtube.com/channel/ios-app_/544007664/vnd.youtube/www.youtube.com/channel/ios-app_/544007664/vnd.youtube/www.youtube.com/cha/UCjaFblyfqwCBM1-_t2Q9jl]
[www.youtube.com/playlist002c.html]
[www.youtube.com/android-app_/com.google.android.youtube/http/android-app_/com.google.android.youtube/http/www.youtube.com/channel/UCjaFblyfqwCBM1-_t2Q9jlQ.html]
[www.youtube.com/@FirstWeFeast.html]
[www.youtube.com/android-app_/com.google.android.youtube/http/ios-app_/544007664/vnd.youtube/www.youtube.com/channel/UCjaFblyfqwCBM1-_t2Q9jlQ.html]
[www.youtube.com/jobs/static/media/images/home/white-hero-arrow-desktop.svg]
[www.youtube.com/jobs/static/media/images/home/white-hero-arrow-mobile.svg]
[www.youtube.com/android-app_/com.google.android.youtube/http/ios-app_/544007664/vnd.youtube/www.youtube.com/channel/ios-app_/544007664/vnd.youtube/www.youtube.com/channel/UCjaFblyfqwCBM1-_t2Q9jlQ.html]
[www.youtube.com/channel/UCt7PIwo9G4g-K-Ji5B1Jc5g.html]
[www.youtube.com/feeds/videos41b9.xml]
[www.youtube.com/static/media/images/home/mobile-hero/android-app_/com.google.android.youtube/http/www.youtube.com/channel/UCt7PIwo9G4g-K-Ji5B1Jc5g.html]
[www.youtube.com/static/media/images/home/mobile-hero/mobile-top-1.html]
[www.youtube.com/static/media/images/home/mobile-hero/ios-app_/544007664/vnd.youtube/www.youtube.com/channel/UCt7PIwo9G4g-K-Ji5B1Jc5g.html]
[www.youtube.com/static/media/images/home/mobile-hero/mobile-top-2.html]
[www.youtube.com/static/media/images/home/mobile-hero/mobile-top-3.html]
[www.youtube.com/static/media/images/home/mobile-hero/mobile-bottom-1.html]
[www.youtube.com/static/media/images/home/mobile-hero/mobile-bottom-2.html]
[www.youtube.com/static/media/images/home/mobile-hero/mobile-bottom-3.html]
[www.youtube.com/jobs/static/media/images/icons/headphones.svg]
[fonts.gstatic.com/s/roboto/v51/KFOKCnqEu92Fr1Mu53ZEC9_Vu3r1gIhOszmOClHrs6ljXfMMLoHRuAj-lg.ttf]
[fonts.googleapis.com/css5930.css]
[fonts.gstatic.com/s/roboto/v51/KFOKCnqEu92Fr1Mu53ZEC9_Vu3r1gIhOszmOClHrs6ljXfMMLt_QuAj-lg.ttf]
[fonts.gstatic.com/s/roboto/v51/KFOKCnqEu92Fr1Mu53ZEC9_Vu3r1gIhOszmOClHrs6ljXfMMLoHQuAj-lg.ttf]
[fonts.googleapis.com/css2bfff.css]
[www.youtube.com/trends/static/compiled/index.min043a.css]
[www.youtube.com/trends/discover/index.html]
[fonts.gstatic.com/s/roboto/v51/KFOKCnqEu92Fr1Mu53ZEC9_Vu3r1gIhOszmOClHrs6ljXfMMLmbXuAj-lg.ttf]
[fonts.gstatic.com/s/roboto/v51/KFOMCnqEu92Fr1ME7kSn66aGLdTylUAMQXC89YmC2DPNWubEbFmUiA8.ttf]
[www.youtube.com/trends/records/index.html]
[fonts.gstatic.com/s/vt323/v18/pxiKyp0ihIEF2hsY.ttf]
[www.youtube.com/trends/articles/rose-bruno-mars-apt/index.html]
[www.youtube.com/trends/articles/super-mario-global-viewership/index.html]
[www.youtube.com/trends/articles/club-shay-shay/index.html]
[www.youtube.com/trends/articles/super-mario-games-most-viewed/index.html]
[www.youtube.com/trends/articles/world-cup-stickers/index.html]
[www.youtube.com/trends/report/index.html]
[www.youtube.com/trends/news/index.html]
[www.youtube.com/trends/articles/met-gala-trending/index.html]
[www.youtube.com/trends/report/tr26-latam-football-trends-report/index.html]
[www.youtube.com/trends/about/index.html]
[www.youtube.com/trends/report/tr25-20th-birthday/index.html]
[www.youtube.com/trends/report/tr26-animation-trends-report/index.html]
[www.youtube.com/trends/report/tr25-global-trends-report/index.html]
[www.youtube.com/trends/articles/skibidi-toilet-4-m/index.html]
[www.youtube.com/trends/articles/2025-kings-league-mx/index.html]
[www.youtube.com/trends/report/tr26-nfl-trends-report/index.html]
[www.youtube.com/trends/report/tr25-virtual-creators/index.html]
[www.youtube.com/trends/report/2022/index.html]
[www.youtube.com/trends/static/compiled/index.min.547976f.delayed]
[www.youtube.com/trends/articles/wnba-annual-viewership/index.html]
[www.youtube.com/trends/articles/minecraft-1t-future-of-minecraft/index.html]
[www.youtube.com/trends/report/tr25-youtube-shopping/index.html]
[www.youtube.com/trends/articles/youtube-aesthetics/index.html]
[www.youtube.com/trends/articles/brandcast-delivered-kevin-allocca-content-trends/index.html]
[www.youtube.com/trends/articles/speedrunning-community-top-games-treemap/index.html]
[www.youtube.com/trends/articles/tier-list-billion/index.html]
[www.youtube.com/trends/articles/jess-no-limit-50-million/index.html]
[www.youtube.com/trends/articles/cafe-vlogs-explainer-maddy-buxton/index.html]
[www.youtube.com/trends/report/tr25-next-generation/index.html]
[www.youtube.com/trends/articles/minecraft-trillion/index.html]
[www.youtube.com/trends/records/index6a4c.html]
[www.youtube.com/trends/records/indexdd87.html]
[www.youtube.com/trends/records/index0553.html]
[www.youtube.com/trends/records/index9c53.html]
[www.youtube.com/trends/contact/index.html]
[www.youtube.com/trends/articles/with-me-interactive/index.html]
[www.youtube.com/trends/report/indexa81b.html]
[www.youtube.com/trends/articles/super-mario-100billion-views/index.html]
[www.youtube.com/intl/en_in/creators/podcasts/index.html]
[www.youtube.com/c/BaileySarian.html]
[www.youtube.com/creators/podcasts/index.html]
[www.youtube.com/ads/how-it-works/set-up-a-campaign/youtube-select/index.html]
[www.youtube.com/intl/ALL_in/kids/index.html]
[www.youtube.com/intl/ALL_in/kids/safer-experience/index.html]
[www.youtube.com/intl/ALL_in/kids/parent-resources/index.html]
[www.youtube.com/intl/ALL_in/kids/fun-everyscreen/index.html]
[www.youtube.com/intl/ALL_in/kids/familyfriendly-videos/index.html]
[fonts.gstatic.com/s/notokufiarabic/v27/CSRp4ydQnPyaDxEXLFF6LZVLKrodhu8t57o1kDc5Wh5v3rbIlrA.ttf]
[www.youtube.com/podcasts.html]
[fonts.gstatic.com/s/notokufiarabic/v27/CSRp4ydQnPyaDxEXLFF6LZVLKrodhu8t57o1kDc5Wh7v37bIlrA.ttf]
[fonts.gstatic.com/s/notokufiarabic/v27/CSRp4ydQnPyaDxEXLFF6LZVLKrodhu8t57o1kDc5Wh4x37bIlrA.ttf]
[fonts.gstatic.com/s/notokufiarabic/v27/CSRp4ydQnPyaDxEXLFF6LZVLKrodhu8t57o1kDc5Wh5v37bIlrA.ttf]
[fonts.gstatic.com/s/notokufiarabic/v27/CSRp4ydQnPyaDxEXLFF6LZVLKrodhu8t57o1kDc5Wh5d37bIlrA.ttf]
[fonts.gstatic.com/s/notokufiarabic/v27/CSRp4ydQnPyaDxEXLFF6LZVLKrodhu8t57o1kDc5Wh6x2LbIlrA.ttf]
[fonts.gstatic.com/s/notokufiarabic/v27/CSRp4ydQnPyaDxEXLFF6LZVLKrodhu8t57o1kDc5Wh6I2LbIlrA.ttf]
[fonts.gstatic.com/s/notokufiarabic/v27/CSRp4ydQnPyaDxEXLFF6LZVLKrodhu8t57o1kDc5Wh7v2LbIlrA.ttf]
[fonts.googleapis.com/earlyaccess/notokufiarabic.css]
[www.youtube.com/kids/static/compiled/index.minbffc.css]
[fonts.gstatic.com/s/notokufiarabic/v27/CSRp4ydQnPyaDxEXLFF6LZVLKrodhu8t57o1kDc5Wh7G2LbIlrA.ttf]
[www.youtube.com/kids/safer-experience/index.html]
[www.youtube.com/kids/parent-resources/index.html]
[www.youtube.com/kids/familyfriendly-videos/index.html]
[www.youtube.com/kids/fun-everyscreen/index.html]
[www.youtube.com/channel/android-app_/com.google.android.youtube/http/www.youtube.com/channel/UCqVDpXKLmKeBU_yyt_QkItQ.html]
[www.youtube.com/channel/ios-app_/544007664/vnd.youtube/www.youtube.com/channel/UCqVDpXKLmKeBU_yyt_QkItQ.html]
[www.youtube.com/premium.html]
[www.youtube.com/go/family/index.html]
[www.youtube.com/creators/research/index.html]
[www.youtube.com/creators/how-things-work/get-involved/awards/index.html]
[www.youtube.com/premium/kids.html]
[www.youtube.com/channel/android-app_/com.google.android.youtube/http/www.youtube.com/channel/UCD-VoLB79s68ZRcbnz7BHbQ.558.delayed]
[www.youtube.com/channel/ios-app_/544007664/vnd.youtube/www.youtube.com/channel/UCD-VoLB79s68ZRcbnz7BHbQ.55a.delayed]
[www.youtube.com/channel/UCD-VoLB79s68ZRcbnz7BHbQ.html]
[www.youtube.com/c/android-app_/com.google.android.youtube/http/www.youtube.com/channel/UCD-VoLB79s68ZRcbnz7BHbQ.html]
[www.youtube.com/c/ios-app_/544007664/vnd.youtube/www.youtube.com/channel/UCD-VoLB79s68ZRcbnz7BHbQ.html]
[www.youtube.com/channel/android-app_/com.google.android.youtube/http/www.youtube.com/channel/UCEkEWLr6Msc311z29MV5Ayg.html]
[www.youtube.com/channel/ios-app_/544007664/vnd.youtube/www.youtube.com/channel/UCEkEWLr6Msc311z29MV5Ayg.html]
[www.youtube.com/channel/android-app_/com.google.android.youtube/http/www.youtube.com/channel/UCwA3yPBSbZpwse6Q0aA2LPg.html]
[www.youtube.com/channel/ios-app_/544007664/vnd.youtube/www.youtube.com/channel/UCwA3yPBSbZpwse6Q0aA2LPg.html]
[www.youtube.com/channel/android-app_/com.google.android.youtube/http/www.youtube.com/channel/UCdoDYkupTElV62K7ttA_E4w.55e.delayed]
[www.youtube.com/channel/ios-app_/544007664/vnd.youtube/www.youtube.com/channel/UCdoDYkupTElV62K7ttA_E4w.560.delayed]
[www.youtube.com/channel/UCdoDYkupTElV62K7ttA_E4w.html]
[www.youtube.com/c/android-app_/com.google.android.youtube/http/www.youtube.com/channel/UCdoDYkupTElV62K7ttA_E4w.html]
[www.youtube.com/c/ios-app_/544007664/vnd.youtube/www.youtube.com/channel/UCdoDYkupTElV62K7ttA_E4w.html]
[www.youtube.com/channel/android-app_/com.google.android.youtube/http/www.youtube.com/channel/UCi7lxgkjW0ilcJDl5XGHr3Q.html]
[www.youtube.com/channel/ios-app_/544007664/vnd.youtube/www.youtube.com/channel/UCi7lxgkjW0ilcJDl5XGHr3Q.html]
[www.youtube.com/channel/android-app_/com.google.android.youtube/http/www.youtube.com/channel/UCGiTQEPFMB1RVOwbziMhFgA.564.delayed]
[www.youtube.com/channel/ios-app_/544007664/vnd.youtube/www.youtube.com/channel/UCGiTQEPFMB1RVOwbziMhFgA.566.delayed]
[www.youtube.com/channel/UCGiTQEPFMB1RVOwbziMhFgA.html]
[www.youtube.com/c/android-app_/com.google.android.youtube/http/www.youtube.com/channel/UCGiTQEPFMB1RVOwbziMhFgA.html]
[www.youtube.com/c/ios-app_/544007664/vnd.youtube/www.youtube.com/channel/UCGiTQEPFMB1RVOwbziMhFgA.html]
[www.youtube.com/channel/android-app_/com.google.android.youtube/http/www.youtube.com/channel/UCAov2BBv1ZJav0c_yHEciAw.56a.delayed]
[www.youtube.com/channel/ios-app_/544007664/vnd.youtube/www.youtube.com/channel/UCAov2BBv1ZJav0c_yHEciAw.56c.delayed]
[www.youtube.com/channel/UCAov2BBv1ZJav0c_yHEciAw.html]
[www.youtube.com/c/android-app_/com.google.android.youtube/http/www.youtube.com/channel/UCAov2BBv1ZJav0c_yHEciAw.html]
[www.youtube.com/c/ios-app_/544007664/vnd.youtube/www.youtube.com/channel/UCAov2BBv1ZJav0c_yHEciAw.html]
[www.youtube.com/channel/android-app_/com.google.android.youtube/http/www.youtube.com/channel/UCoLUji8TYrgDy74_iiazvYA.570.delayed]
[www.youtube.com/channel/ios-app_/544007664/vnd.youtube/www.youtube.com/channel/UCoLUji8TYrgDy74_iiazvYA.572.delayed]
[www.youtube.com/channel/UCoLUji8TYrgDy74_iiazvYA.html]
[www.youtube.com/android-app_/com.google.android.youtube/http/www.youtube.com/channel/UCoLUji8TYrgDy74_iiazvYA.html]
[www.youtube.com/ios-app_/544007664/vnd.youtube/www.youtube.com/channel/UCoLUji8TYrgDy74_iiazvYA.html]
[www.youtube.com/channel/android-app_/com.google.android.youtube/http/www.youtube.com/channel/UCq0EGvLTyy-LLT1oUSO_0FQ.576.delayed]
[www.youtube.com/channel/ios-app_/544007664/vnd.youtube/www.youtube.com/channel/UCq0EGvLTyy-LLT1oUSO_0FQ.578.delayed]
[www.youtube.com/channel/UCq0EGvLTyy-LLT1oUSO_0FQ.html]
[www.youtube.com/android-app_/com.google.android.youtube/http/www.youtube.com/channel/UCq0EGvLTyy-LLT1oUSO_0FQ.html]
[www.youtube.com/ios-app_/544007664/vnd.youtube/www.youtube.com/channel/UCq0EGvLTyy-LLT1oUSO_0FQ.html]
[www.youtube.com/android-app_/com.google.android.youtube/http/www.youtube.com/watch0032.html]
[www.youtube.com/ios-app_/544007664/vnd.youtube/www.youtube.com/watch0032.html]
[www.youtube.com/ytcreators.html]
[www.youtube.com/embed/93z9DqfE_ek.html]
[fonts.googleapis.com/cssb275.css]
[fonts.googleapis.com/css44d7.css]
[www.youtube.com/join/static/compiled/index.minbeb0.css]
[fonts.gstatic.com/s/i/short-term/release/googlesymbols/chevron_right/default/24px.svg]
[fonts.gstatic.com/s/i/short-term/release/googlesymbols/settings/default/24px.svg]
[www.youtube.com/android-app_/com.google.android.youtube/http/www.youtube.com/watchf878.html]
[www.youtube.com/ios-app_/544007664/vnd.youtube/www.youtube.com/watch.580f878.delayed]
[www.youtube.com/watchf878.html]
[www.youtube.com/ios-app_/544007664/vnd.youtube/www.youtube.com/watchdf40.html]
[www.youtube.com/embed/o4pVILIsMHM77ba.html]
[www.youtube.com/android-app_/com.google.android.youtube/http/www.youtube.com/watchff4e.html]
[www.youtube.com/ios-app_/544007664/vnd.youtube/www.youtube.com/watchff4e.html]
[www.youtube.com/embed/6YpeNBACYbQ.html]
[www.youtube.com/embed/o4pVILIsMHM.html]
[www.youtube.com/android-app_/com.google.android.youtube/http/www.youtube.com/watchdf40]
[www.youtube.com/feeds/videos14b8.xml]
[www.youtube.com/channel/android-app_/com.google.android.youtube/http/www.youtube.com/channel/UCzsNLZ9GrGXRjt0QmvWFm2Q.586.delayed]
[www.youtube.com/channel/ios-app_/544007664/vnd.youtube/www.youtube.com/channel/UCzsNLZ9GrGXRjt0QmvWFm2Q.588.delayed]
[www.youtube.com/channel/UCzsNLZ9GrGXRjt0QmvWFm2Q.html]
[www.youtube.com/feeds/videosbc1e.xml]
[www.youtube.com/channel/android-app_/com.google.android.youtube/http/www.youtube.com/channel/UC6ERimtc5zFrn7x6Bk3HaHA.58c.delayed]
[www.youtube.com/channel/ios-app_/544007664/vnd.youtube/www.youtube.com/channel/UC6ERimtc5zFrn7x6Bk3HaHA.58e.delayed]
[www.youtube.com/channel/UC6ERimtc5zFrn7x6Bk3HaHA.html]
[www.youtube.com/android-app_/com.google.android.youtube/http/www.youtube.com/watch83b1.html]
[www.youtube.com/shorts/cGo2HCCea_g.html]
[www.youtube.com/ios-app_/544007664/vnd.youtube/www.youtube.com/watch.59483b1.delayed]
[www.youtube.com/oembed9173.json]
[www.youtube.com/oembed2c92]
[i.ytimg.com/vi/cGo2HCCea_g/maxres2dbeb.jpg]
[www.youtube.com/embed/cGo2HCCea_g5ac5.html]
[i.ytimg.com/vi/cGo2HCCea_g/hqdefault.jpg]
[www.youtube.com/watch83b1.html]
[www.youtube.com/android-app_/com.google.android.youtube/http/www.youtube.com/watch0e2f.html]
[www.youtube.com/ios-app_/544007664/vnd.youtube/www.youtube.com/watch0e2f.html]
[www.youtube.com/embed/aKydtOXW8mI.html]
[www.youtube.com/android-app_/com.google.android.youtube/http/www.youtube.com/watch9815.html]
[www.youtube.com/ios-app_/544007664/vnd.youtube/www.youtube.com/watch9815.html]
[www.youtube.com/embed/ob-LwY5fF7A.html]
[www.youtube.com/android-app_/com.google.android.youtube/http/www.youtube.com/watch86cc.html]
[www.youtube.com/ios-app_/544007664/vnd.youtube/www.youtube.com/watch86cc.html]
[www.youtube.com/embed/s4sE7NyTvzs.html]
[www.youtube.com/android-app_/com.google.android.youtube/http/www.youtube.com/watch6721.html]
[www.youtube.com/ios-app_/544007664/vnd.youtube/www.youtube.com/watch6721.html]
[www.youtube.com/embed/y41nwoG8em8.html]
[www.youtube.com/channel/android-app_/com.google.android.youtube/http/www.youtube.com/channel/UChQunfhkwe9KimRejCpj5mg.5a0.delayed]
[www.youtube.com/channel/ios-app_/544007664/vnd.youtube/www.youtube.com/channel/UChQunfhkwe9KimRejCpj5mg.5a2.delayed]
[www.youtube.com/channel/UChQunfhkwe9KimRejCpj5mg.html]
[www.youtube.com/user/android-app_/com.google.android.youtube/http/www.youtube.com/channel/UChQunfhkwe9KimRejCpj5mg.html]
[www.youtube.com/user/ios-app_/544007664/vnd.youtube/www.youtube.com/channel/UChQunfhkwe9KimRejCpj5mg.html]
[www.youtube.com/android-app_/com.google.android.youtube/http/youtube.comhttp_/www.youtube.com/android-app_/com.google.android.youtube/http/www.youtube.com/channel/UCjaFblyfqwCBM1-_t2Q9jlQ.html]
[www.youtube.com/android-app_/com.google.android.youtube/http/youtube.comhttp_/www.youtube.com/playlist8fea.html]
[www.youtube.com/ios-app_/544007664/http/youtube.comhttp_/www.youtube.com/playlist8fea.html]
[www.youtube.com/android-app_/com.google.android.youtube/http/youtube.comhttp_/www.youtube.com/ios-app_/544007664/vnd.youtube/www.youtube.com/channel/UCjaFblyfqwCBM1-_t2Q9jlQ.html]
[www.youtube.com/shorts/android-app_/com.google.android.youtube/http/www.youtube.com/shorts/5opGptBHhWU.5ab.delayed]
[www.youtube.com/shorts/ios-app_/544007664/vnd.youtube/www.youtube.com/shorts/5opGptBHhWU.5ad.delayed]
[www.youtube.com/shorts/5opGptBHhWU20ce.html]
[i.ytimg.com/vi/5opGptBHhWU/oar2aae1.jpg]
[www.youtube.com/shorts/5opGptBHhWU.html]
[www.youtube.com/android-app_/com.google.android.youtube/http/www.youtube.com/watchdfe4.html]
[www.youtube.com/ios-app_/544007664/vnd.youtube/www.youtube.com/watchdfe4.html]
[www.youtube.com/embed/5opGptBHhWU.html]
[www.youtube.com/android-app_/com.google.android.youtube/http/www.youtube.com/channel/UC_0MucSdwSqy8rJkSZpQ1kw.html]
[www.youtube.com/ios-app_/544007664/vnd.youtube/www.youtube.com/channel/UC_0MucSdwSqy8rJkSZpQ1kw.5b5.delayed]
[www.youtube.com/@YouTubeCreatorsIndia.html]
[www.youtube.com/s/_/ytembeds/_/js/k=ytembeds.base.en_US.xzcSOk8ggsw.es5.O/am=AAAAAAAAAg/d=1/rs=AGKMywFMzHOQiRL0ulJns7lDeTYbldjxzA/m=root,base]
[www.youtube.com/embed/5opGptBHhWU4695.html]
[www.youtube.com/android-app_/com.google.android.youtube/http/www.youtube.com/watch6d54.html]
[www.youtube.com/ios-app_/544007664/vnd.youtube/www.youtube.com/watch6d54.html]
[www.youtube.com/embed/zBWGznmxwTg.html]
[www.youtube.com/android-app_/com.google.android.youtube/http/www.youtube.com/watchc377.html]
[www.youtube.com/ios-app_/544007664/vnd.youtube/www.youtube.com/watchc377.html]
[www.youtube.com/embed/LpUk_Ms1EVw.html]
[www.youtube.com/android-app_/com.google.android.youtube/http/www.youtube.com/watchb281.html]
[www.youtube.com/ios-app_/544007664/vnd.youtube/www.youtube.com/watchb281.html]
[www.youtube.com/embed/rB9ql0L0cUQ.html]
[www.youtube.com/channel/android-app_/com.google.android.youtube/http/www.youtube.com/channel/UCOxGzd-Wfd6BiP6_YXbDnLA.html]
[www.youtube.com/channel/ios-app_/544007664/vnd.youtube/www.youtube.com/channel/UCOxGzd-Wfd6BiP6_YXbDnLA.html]
[www.youtube.com/android-app_/com.google.android.youtube/http/www.youtube.com/watchc0b2.html]
[www.youtube.com/ios-app_/544007664/vnd.youtube/www.youtube.com/watchc0b2.html]
[www.youtube.com/embed/E6pC6iql5xM.html]
[www.youtube.com/android-app_/com.google.android.youtube/http/youtube.comhttp_/www.youtube.com/playlistc604.html]
[www.youtube.com/ios-app_/544007664/http/youtube.comhttp_/www.youtube.com/playlistc604.html]
[www.youtube.com/android-app_/com.google.android.youtube/http/www.youtube.com/watchc121.html]
[www.youtube.com/ios-app_/544007664/vnd.youtube/www.youtube.com/watchc121.html]
[www.youtube.com/embed/yyRdoYbBUyI.html]
[www.youtube.com/shorts/android-app_/com.google.android.youtube/http/www.youtube.com/shorts/iPlNwnJkZFc.5c1.delayed]
[www.youtube.com/shorts/iPlNwnJkZFc20ce.html]
[www.youtube.com/shorts/ios-app_/544007664/vnd.youtube/www.youtube.com/shorts/iPlNwnJkZFc.5c3.delayed]
[i.ytimg.com/vi/iPlNwnJkZFc/oar27c52.jpg]
[www.youtube.com/shorts/iPlNwnJkZFc.html]
[www.youtube.com/android-app_/com.google.android.youtube/http/www.youtube.com/watch13cd.html]
[www.youtube.com/ios-app_/544007664/vnd.youtube/www.youtube.com/watch13cd.html]
[www.youtube.com/embed/iPlNwnJkZFc4695.html]
[www.youtube.com/undefined.html]
[www.youtube.com/android-app_/com.google.android.youtube/http/www.youtube.com/watchf25a.html]
[www.youtube.com/ios-app_/544007664/vnd.youtube/www.youtube.com/watchf25a.html]
[i.ytimg.com/vi/JCe_iNSCyQg/hqdefault.jpg]
[www.youtube.com/android-app_/com.google.android.youtube/http/www.youtube.com/watch898b.html]
[www.youtube.com/ios-app_/544007664/vnd.youtube/www.youtube.com/watch898b.html]
[www.youtube.com/embed/dAtGDfq2xjE.html]
[www.youtube.com/intl/en_in/creators/live-streaming-on-youtube/index.html]
[www.youtube.com/embed/iPlNwnJkZFc.html]
[www.youtube.com/feeds/videos9340.xml]
[www.youtube.com/channel/android-app_/com.google.android.youtube/http/www.youtube.com/channel/UCvjgXvBlbQiydffZU7m1_aw.5cc.delayed]
[www.youtube.com/channel/ios-app_/544007664/vnd.youtube/www.youtube.com/channel/UCvjgXvBlbQiydffZU7m1_aw.5ce.delayed]
[www.youtube.com/channel/UCvjgXvBlbQiydffZU7m1_aw.html]
[www.youtube.com/feeds/videosff64.xml]
[www.youtube.com/channel/UCIa6QxmPtInX8ccGEfPA-kg.html]
[www.youtube.com/c/android-app_/com.google.android.youtube/http/www.youtube.com/channel/UCIa6QxmPtInX8ccGEfPA-kg.html]
[www.youtube.com/c/ios-app_/544007664/vnd.youtube/www.youtube.com/channel/UCIa6QxmPtInX8ccGEfPA-kg.5d5.delayed]
[www.youtube.com/c/cbgray.html]
[www.youtube.com/feeds/videoseab3.xml]
[www.youtube.com/channel/UCi7TVXyvrIwqeS9tfYD8UDA.html]
[www.youtube.com/user/android-app_/com.google.android.youtube/http/www.youtube.com/channel/UCi7TVXyvrIwqeS9tfYD8UDA.5da.delayed]
[www.youtube.com/user/ios-app_/544007664/vnd.youtube/www.youtube.com/channel/UCi7TVXyvrIwqeS9tfYD8UDA.5dc.delayed]
[www.youtube.com/user/DjMaRiiO.html]
[www.youtube.com/android-app_/com.google.android.youtube/http/www.youtube.com/watch4d4a.html]
[www.youtube.com/ios-app_/544007664/vnd.youtube/www.youtube.com/watch.5e14d4a.delayed]
[www.youtube.com/oembedc23f.json]
[www.youtube.com/oembed589f]
[i.ytimg.com/vi/gBrmnB5aOSI/maxresdefault.jpg]
[www.youtube.com/embed/gBrmnB5aOSI.html]
[i.ytimg.com/vi/gBrmnB5aOSI/hqdefault.jpg]
[www.youtube.com/watch4d4a.html]
[www.youtube.com/android-app_/com.google.android.youtube/http/www.youtube.com/watch3088.html]
[www.youtube.com/watche1c3.html]
[www.youtube.com/ios-app_/544007664/vnd.youtube/www.youtube.com/watch.5ec3088.delayed]
[www.youtube.com/oembed8a21.json]
[www.youtube.com/oembed56c6]
[i.ytimg.com/vi/N43y-I6rVNU/maxresdefault.jpg]
[www.youtube.com/embed/N43y-I6rVNU.html]
[www.youtube.com/watch3088.html]
[www.youtube.com/howyoutubeworks/product-features/live/index.html]
[www.youtube.com/android-app_/com.google.android.youtube/http/www.youtube.com/watch2567.html]
[www.youtube.com/ios-app_/544007664/vnd.youtube/www.youtube.com/watch.5f62567.delayed]
[www.youtube.com/oembedbb03.json]
[www.youtube.com/oembed3e10]
[i.ytimg.com/vi/RAo2gN3K3GQ/maxresdefault.jpg]
[www.youtube.com/embed/RAo2gN3K3GQ93df.html]
[i.ytimg.com/vi/RAo2gN3K3GQ/hqdefault.jpg]
[www.youtube.com/watch2567.html]
[www.youtube.com/intl/en_us/creators/welcome-creators/index.html]
[www.youtube.com/intl/en_us/creators/partner-program/index.html]
[www.youtube.com/intl/en_us/creators/index.html]
[www.youtube.com/intl/en_us/creators/how-things-work/getting-started/index.html]
[img.youtube.com/vi/220nXk_mJiE/maxresdefault.5fe.delayed]
[www.youtube.com/intl/en_us/creators/how-things-work/building-community/index.html]
[www.youtube.com/intl/en_us/creators/how-things-work/content-creation-strategy/index.html]
[www.youtube.com/intl/en_us/creators/how-things-work/video-monetization/index.html]
[www.youtube.com/intl/en_us/creators/how-things-work/get-involved/index.html]
[www.youtube.com/intl/en_us/creators/how-things-work/policies-guidelines/index.html]
[www.youtube.com/creators/partner-program/shopping/index.html]
[www.youtube.com/intl/en_us/creators/top-questions/index.html]
[www.youtube.com/creators/channel-memberships/index.html]
[www.youtube.com/android-app_/com.google.android.youtube/http/www.youtube.com/watcha7fb.html]
[www.youtube.com/ios-app_/544007664/vnd.youtube/www.youtube.com/watch.603a7fb.delayed]
[www.youtube.com/oembed8d1e.json]
[www.youtube.com/oembedccd3]
[i.ytimg.com/vi/7L3mD7U95y0/maxresdefault.jpg]
[www.youtube.com/embed/7L3mD7U95y0.html]
[i.ytimg.com/vi/7L3mD7U95y0/hqdefault.jpg]
[www.youtube.com/watcha7fb.html]
[www.youtube.com/channel/UCoIkReksSL5mBLRKmLRZ1fg.html]
[www.youtube.com/feeds/videos5abf.xml]
[www.youtube.com/c/android-app_/com.google.android.youtube/http/www.youtube.com/channel/UCoIkReksSL5mBLRKmLRZ1fg.html]
[www.youtube.com/c/ios-app_/544007664/vnd.youtube/www.youtube.com/channel/UCoIkReksSL5mBLRKmLRZ1fg.60f.delayed]
[www.youtube.com/c/JazzyGuns.html]
[www.youtube.com/intl/en_in/creators/safety/index.html]
[img.youtube.com/vi/5gBn2acPu-A/maxresdefault.jpg]
[www.youtube.com/playlistacc7.html]
[www.youtube.com/creators/safety/index.html]
[www.youtube.com/playlist5edd.html]
[www.youtube.com/feeds/videose15f.xml]
[www.youtube.com/channel/android-app_/com.google.android.youtube/http/www.youtube.com/channel/UC1NJu6ecBwCYWIOJbARYnIA.619.delayed]
[www.youtube.com/channel/ios-app_/544007664/vnd.youtube/www.youtube.com/channel/UC1NJu6ecBwCYWIOJbARYnIA.61b.delayed]
[www.youtube.com/channel/UC1NJu6ecBwCYWIOJbARYnIA.html]
[www.youtube.com/android-app_/com.google.android.youtube/http/www.youtube.com/watch7541.html]
[www.youtube.com/ios-app_/544007664/vnd.youtube/www.youtube.com/watch7541.html]
[www.youtube.com/embed/CnGQnzWSZNA.html]
[www.youtube.com/android-app_/com.google.android.youtube/http/www.youtube.com/watche58e.html]
[www.youtube.com/ios-app_/544007664/vnd.youtube/www.youtube.com/watche58e.html]
[www.youtube.com/embed/Up8jSMBvdGg.html]
[www.youtube.com/android-app_/com.google.android.youtube/http/www.youtube.com/watcha3d1.html]
[www.youtube.com/ios-app_/544007664/vnd.youtube/www.youtube.com/watcha3d1.html]
[www.youtube.com/embed/_fGDV-W___E5049.html]
[www.youtube.com/channel/android-app_/com.google.android.youtube/http/www.youtube.com/channel/UC2MRRqb_L2E53UmTaywdhkA.html]
[www.youtube.com/channel/ios-app_/544007664/vnd.youtube/www.youtube.com/channel/UC2MRRqb_L2E53UmTaywdhkA.html]
[www.youtube.com/android-app_/com.google.android.youtube/http/www.youtube.com/watchfab1.html]
[www.youtube.com/ios-app_/544007664/vnd.youtube/www.youtube.com/watchfab1.html]
[www.youtube.com/embed/1PvjRIkwIl8.html]
[www.youtube.com/android-app_/com.google.android.youtube/http/www.youtube.com/watche42f.html]
[www.youtube.com/ios-app_/544007664/vnd.youtube/www.youtube.com/watche42f.html]
[www.youtube.com/feeds/videoseee3.xml]
[www.youtube.com/channel/UCBR8-60-B28hp2BmDPdntcQ.html]
[www.youtube.com/android-app_/com.google.android.youtube/http/www.youtube.com/channel/UCBR8-60-B28hp2BmDPdntcQ.html]
[www.youtube.com/ios-app_/544007664/vnd.youtube/www.youtube.com/channel/UCBR8-60-B28hp2BmDPdntcQ.627.delayed]
[www.youtube.com/@YouTube.html]
[www.youtube.com/embed/O5PuFu3_iy0.html]
[www.youtube.com/channel/android-app_/com.google.android.youtube/http/www.youtube.com/channel/UChIGU8b4l5cj6i5D9REsqdg.62a.delayed]
[www.youtube.com/channel/ios-app_/544007664/vnd.youtube/www.youtube.com/channel/UChIGU8b4l5cj6i5D9REsqdg.62c.delayed]
[www.youtube.com/channel/UChIGU8b4l5cj6i5D9REsqdg.html]
[www.youtube.com/user/android-app_/com.google.android.youtube/http/www.youtube.com/channel/UChIGU8b4l5cj6i5D9REsqdg.html]
[www.youtube.com/user/ios-app_/544007664/vnd.youtube/www.youtube.com/channel/UChIGU8b4l5cj6i5D9REsqdg.html]
[www.youtube.com/feed/android-app_/com.google.android.youtube/http/www.youtube.html]
[www.youtube.com/feed/ios-app_/544007664/vnd.youtube/www.youtube.html]
[www.youtube.com/channel/android-app_/com.google.android.youtube/http/www.youtube.com/channel/UC_0MucSdwSqy8rJkSZpQ1kw.html]
[www.youtube.com/channel/ios-app_/544007664/vnd.youtube/www.youtube.com/channel/UC_0MucSdwSqy8rJkSZpQ1kw.html]
[www.youtube.com/c/android-app_/com.google.android.youtube/http/www.youtube.com/channel/android-app_/com.google.android.youtube/http/www.youtube.com/channel/UCjaFblyfqwCBM1-_t2Q9jlQ.html]
[www.youtube.com/c/android-app_/com.google.android.youtube/http/www.youtube.com/channel/ios-app_/544007664/vnd.youtube/www.youtube.com/channel/UCjaFblyfqwCBM1-_t2Q9jlQ.html]
[www.youtube.com/t/terms_paidservicea132.html]
[www.youtube.com/t/terms_paidservice4401.html]
[www.youtube.com/t/terms_paidservice61d8.html]
[www.youtube.com/t/terms_paidservicebee9.html]
[www.youtube.com/t/terms_paidservice1080.html]
[www.youtube.com/t/terms_paidservice0cac.html]
[www.youtube.com/t/terms_paidservice63fc.html]
[www.youtube.com/t/terms_paidservicebc22.html]
[www.youtube.com/t/terms_paidservice6131.html]
[www.youtube.com/t/terms_paidservicebcfb.html]
[www.youtube.com/t/terms_paidservice3da9.html]
[www.youtube.com/t/terms_dataprocessingda97.html]
[www.youtube.com/t/terms_paidservicec6fe.html]
[www.youtube.com/t/terms2357.html]
[www.youtube.com/howyoutubeworks/static/compiled/css/ai-and-creators.index.mine907.css]
[www.youtube.com/t/termsda97.html]
[www.youtube.com/channel/android-app_/com.google.android.youtube/http/www.youtube.com/channel/UCLMtjmKyB2ORHx2A06crsmQ.676.delayed]
[www.youtube.com/channel/ios-app_/544007664/vnd.youtube/www.youtube.com/channel/UCLMtjmKyB2ORHx2A06crsmQ.678.delayed]
[www.youtube.com/channel/UCLMtjmKyB2ORHx2A06crsmQ.html]
[www.youtube.com/android-app_/com.google.android.youtube/http/www.youtube.com/channel/UCLMtjmKyB2ORHx2A06crsmQ.html]
[www.youtube.com/ios-app_/544007664/vnd.youtube/www.youtube.com/channel/UCLMtjmKyB2ORHx2A06crsmQ.html]
[www.youtube.com/channel/android-app_/com.google.android.youtube/http/www.youtube.com/channel/UCKZozRVHRYsYHGEyNKuhhdA.67c.delayed]
[www.youtube.com/channel/ios-app_/544007664/vnd.youtube/www.youtube.com/channel/UCKZozRVHRYsYHGEyNKuhhdA.67e.delayed]
[www.youtube.com/channel/UCKZozRVHRYsYHGEyNKuhhdA.html]
[www.youtube.com/c/android-app_/com.google.android.youtube/http/www.youtube.com/channel/UCKZozRVHRYsYHGEyNKuhhdA.html]
[www.youtube.com/c/ios-app_/544007664/vnd.youtube/www.youtube.com/channel/UCKZozRVHRYsYHGEyNKuhhdA.html]
[www.youtube.com/channel/android-app_/com.google.android.youtube/http/www.youtube.com/channel/UC_hK9fOxyy_TM8FJGXIyG8Q.682.delayed]
[www.youtube.com/channel/ios-app_/544007664/vnd.youtube/www.youtube.com/channel/UC_hK9fOxyy_TM8FJGXIyG8Q.684.delayed]
[www.youtube.com/channel/UC_hK9fOxyy_TM8FJGXIyG8Q.html]
[www.youtube.com/android-app_/com.google.android.youtube/http/www.youtube.com/channel/UC_hK9fOxyy_TM8FJGXIyG8Q.html]
[www.youtube.com/ios-app_/544007664/vnd.youtube/www.youtube.com/channel/UC_hK9fOxyy_TM8FJGXIyG8Q.html]
[www.youtube.com/channel/android-app_/com.google.android.youtube/http/www.youtube.com/channel/UCk2U-Oqn7RXf-ydPqfSxG5g.688.delayed]
[www.youtube.com/channel/ios-app_/544007664/vnd.youtube/www.youtube.com/channel/UCk2U-Oqn7RXf-ydPqfSxG5g.68a.delayed]
[www.youtube.com/channel/UCk2U-Oqn7RXf-ydPqfSxG5g.html]
[www.youtube.com/android-app_/com.google.android.youtube/http/www.youtube.com/channel/UCk2U-Oqn7RXf-ydPqfSxG5g.html]
[www.youtube.com/ios-app_/544007664/vnd.youtube/www.youtube.com/channel/UCk2U-Oqn7RXf-ydPqfSxG5g.html]
[www.youtube.com/channel/android-app_/com.google.android.youtube/http/www.youtube.com/channel/UCUnmH8N8k4E7y3dKfCzDKKg.68e.delayed]
[www.youtube.com/channel/ios-app_/544007664/vnd.youtube/www.youtube.com/channel/UCUnmH8N8k4E7y3dKfCzDKKg.690.delayed]
[www.youtube.com/channel/UCUnmH8N8k4E7y3dKfCzDKKg.html]
[www.youtube.com/android-app_/com.google.android.youtube/http/www.youtube.com/channel/UCUnmH8N8k4E7y3dKfCzDKKg.html]
[www.youtube.com/ios-app_/544007664/vnd.youtube/www.youtube.com/channel/UCUnmH8N8k4E7y3dKfCzDKKg.html]
[www.youtube.com/channel/android-app_/com.google.android.youtube/http/www.youtube.com/channel/UCDogdKl7t7NHzQ95aEwkdMw.694.delayed]
[www.youtube.com/channel/ios-app_/544007664/vnd.youtube/www.youtube.com/channel/UCDogdKl7t7NHzQ95aEwkdMw.696.delayed]
[www.youtube.com/channel/UCDogdKl7t7NHzQ95aEwkdMw.html]
[www.youtube.com/android-app_/com.google.android.youtube/http/www.youtube.com/channel/UCDogdKl7t7NHzQ95aEwkdMw.html]
[www.youtube.com/ios-app_/544007664/vnd.youtube/www.youtube.com/channel/UCDogdKl7t7NHzQ95aEwkdMw.html]
[www.youtube.com/channel/android-app_/com.google.android.youtube/http/www.youtube.com/channel/UCzl0OrB3-ehunyotIQvK77A.69a.delayed]
[www.youtube.com/channel/ios-app_/544007664/vnd.youtube/www.youtube.com/channel/UCzl0OrB3-ehunyotIQvK77A.69c.delayed]
[www.youtube.com/channel/UCzl0OrB3-ehunyotIQvK77A.html]
[www.youtube.com/android-app_/com.google.android.youtube/http/www.youtube.com/channel/UCzl0OrB3-ehunyotIQvK77A.html]
[www.youtube.com/ios-app_/544007664/vnd.youtube/www.youtube.com/channel/UCzl0OrB3-ehunyotIQvK77A.html]
[www.youtube.com/channel/android-app_/com.google.android.youtube/http/www.youtube.com/channel/UCpJRmMTfdv0iPbnjo6qBw_g.6a0.delayed]
[www.youtube.com/channel/ios-app_/544007664/vnd.youtube/www.youtube.com/channel/UCpJRmMTfdv0iPbnjo6qBw_g.6a2.delayed]
[www.youtube.com/channel/UCpJRmMTfdv0iPbnjo6qBw_g.html]
[www.youtube.com/android-app_/com.google.android.youtube/http/www.youtube.com/channel/UCpJRmMTfdv0iPbnjo6qBw_g.html]
[www.youtube.com/ios-app_/544007664/vnd.youtube/www.youtube.com/channel/UCpJRmMTfdv0iPbnjo6qBw_g.html]
[www.youtube.com/channel/android-app_/com.google.android.youtube/http/www.youtube.com/channel/UCKnMcgDLxDeq9HqUgLhtYbQ.6a6.delayed]
[www.youtube.com/channel/ios-app_/544007664/vnd.youtube/www.youtube.com/channel/UCKnMcgDLxDeq9HqUgLhtYbQ.6a8.delayed]
[www.youtube.com/channel/UCKnMcgDLxDeq9HqUgLhtYbQ.html]
[www.youtube.com/android-app_/com.google.android.youtube/http/www.youtube.com/channel/UCKnMcgDLxDeq9HqUgLhtYbQ.html]
[www.youtube.com/ios-app_/544007664/vnd.youtube/www.youtube.com/channel/UCKnMcgDLxDeq9HqUgLhtYbQ.html]
[www.youtube.com/channel/android-app_/com.google.android.youtube/http/www.youtube.com/channel/UC4ncvgh5hFr5O83MH7-jRJg.6ac.delayed]
[www.youtube.com/channel/ios-app_/544007664/vnd.youtube/www.youtube.com/channel/UC4ncvgh5hFr5O83MH7-jRJg.6ae.delayed]
[www.youtube.com/channel/UC4ncvgh5hFr5O83MH7-jRJg.html]
[www.youtube.com/c/android-app_/com.google.android.youtube/http/www.youtube.com/channel/UC4ncvgh5hFr5O83MH7-jRJg.html]
[www.youtube.com/c/ios-app_/544007664/vnd.youtube/www.youtube.com/channel/UC4ncvgh5hFr5O83MH7-jRJg.html]
[www.youtube.com/channel/android-app_/com.google.android.youtube/http/www.youtube.com/channel/UChG8nxeVTk6jQJyH-_TG7xw.6b2.delayed]
[www.youtube.com/channel/ios-app_/544007664/vnd.youtube/www.youtube.com/channel/UChG8nxeVTk6jQJyH-_TG7xw.6b4.delayed]
[www.youtube.com/channel/UChG8nxeVTk6jQJyH-_TG7xw.html]
[www.youtube.com/android-app_/com.google.android.youtube/http/www.youtube.com/channel/UChG8nxeVTk6jQJyH-_TG7xw.html]
[www.youtube.com/ios-app_/544007664/vnd.youtube/www.youtube.com/channel/UChG8nxeVTk6jQJyH-_TG7xw.html]
[www.youtube.com/channel/android-app_/com.google.android.youtube/http/www.youtube.com/channel/UCI-8QMy9n3I5Pv6mTmXoAXA.6b8.delayed]
[www.youtube.com/channel/ios-app_/544007664/vnd.youtube/www.youtube.com/channel/UCI-8QMy9n3I5Pv6mTmXoAXA.6ba.delayed]
[www.youtube.com/channel/UCI-8QMy9n3I5Pv6mTmXoAXA.html]
[www.youtube.com/android-app_/com.google.android.youtube/http/www.youtube.com/channel/UCI-8QMy9n3I5Pv6mTmXoAXA.html]
[www.youtube.com/ios-app_/544007664/vnd.youtube/www.youtube.com/channel/UCI-8QMy9n3I5Pv6mTmXoAXA.html]
[www.youtube.com/android-app_/com.google.android.youtube/http/youtube.comhttp_/www.youtube.com/playlist62a7.html]
[www.youtube.com/ios-app_/544007664/http/youtube.comhttp_/www.youtube.com/playlist62a7.html]
[www.youtube.com/howyoutubeworks/static/compiled/css/youth-principles.index.min3394.css]
[www.youtube.com/howyoutubeworks/static/compiled/css/advisory-committee.index.mine907.css]
[www.youtube.com/channel/android-app_/com.google.android.youtube/http/www.youtube.com/channel/UCb2GCoLSBXjmI_Qj1vk-44g.6bf.delayed]
[www.youtube.com/channel/ios-app_/544007664/vnd.youtube/www.youtube.com/channel/UCb2GCoLSBXjmI_Qj1vk-44g.6c1.delayed]
[www.youtube.com/channel/UCb2GCoLSBXjmI_Qj1vk-44g.html]
[www.youtube.com/android-app_/com.google.android.youtube/http/www.youtube.com/channel/UCb2GCoLSBXjmI_Qj1vk-44g.html]
[www.youtube.com/ios-app_/544007664/vnd.youtube/www.youtube.com/channel/UCb2GCoLSBXjmI_Qj1vk-44g.html]
[www.youtube.com/channel/android-app_/com.google.android.youtube/http/www.youtube.com/channel/UCu0yQD7NFMyLu_-TmKa4Hqg.6c5.delayed]
[www.youtube.com/channel/ios-app_/544007664/vnd.youtube/www.youtube.com/channel/UCu0yQD7NFMyLu_-TmKa4Hqg.6c7.delayed]
[www.youtube.com/channel/UCu0yQD7NFMyLu_-TmKa4Hqg.html]
[www.youtube.com/android-app_/com.google.android.youtube/http/www.youtube.com/channel/UCu0yQD7NFMyLu_-TmKa4Hqg.html]
[www.youtube.com/ios-app_/544007664/vnd.youtube/www.youtube.com/channel/UCu0yQD7NFMyLu_-TmKa4Hqg.html]
[www.youtube.com/channel/android-app_/com.google.android.youtube/http/www.youtube.com/channel/UCP4cc9slwfk7942HXYlSKPg.6cb.delayed]
[www.youtube.com/channel/ios-app_/544007664/vnd.youtube/www.youtube.com/channel/UCP4cc9slwfk7942HXYlSKPg.6cd.delayed]
[www.youtube.com/channel/UCP4cc9slwfk7942HXYlSKPg.html]
[www.youtube.com/android-app_/com.google.android.youtube/http/www.youtube.com/channel/UCP4cc9slwfk7942HXYlSKPg.html]
[www.youtube.com/ios-app_/544007664/vnd.youtube/www.youtube.com/channel/UCP4cc9slwfk7942HXYlSKPg.html]
[www.youtube.com/channel/android-app_/com.google.android.youtube/http/www.youtube.com/channel/UCwSxSJqGpSRpEsq5-YUbM8g.6d1.delayed]
[www.youtube.com/channel/ios-app_/544007664/vnd.youtube/www.youtube.com/channel/UCwSxSJqGpSRpEsq5-YUbM8g.6d3.delayed]
[www.youtube.com/channel/UCwSxSJqGpSRpEsq5-YUbM8g.html]
[www.youtube.com/android-app_/com.google.android.youtube/http/www.youtube.com/channel/UCwSxSJqGpSRpEsq5-YUbM8g.html]
[www.youtube.com/ios-app_/544007664/vnd.youtube/www.youtube.com/channel/UCwSxSJqGpSRpEsq5-YUbM8g.html]
[www.youtube.com/channel/android-app_/com.google.android.youtube/http/www.youtube.com/channel/UCfSUSGxsZBBE3o8bCQpqYgw.6d7.delayed]
[www.youtube.com/channel/ios-app_/544007664/vnd.youtube/www.youtube.com/channel/UCfSUSGxsZBBE3o8bCQpqYgw.6d9.delayed]
[www.youtube.com/channel/UCfSUSGxsZBBE3o8bCQpqYgw.html]
[www.youtube.com/android-app_/com.google.android.youtube/http/www.youtube.com/channel/UCfSUSGxsZBBE3o8bCQpqYgw.html]
[www.youtube.com/ios-app_/544007664/vnd.youtube/www.youtube.com/channel/UCfSUSGxsZBBE3o8bCQpqYgw.html]
[www.youtube.com/channel/android-app_/com.google.android.youtube/http/www.youtube.com/channel/UC5H_lY2y5X3zhjy5KTez-vQ.6dd.delayed]
[www.youtube.com/channel/ios-app_/544007664/vnd.youtube/www.youtube.com/channel/UC5H_lY2y5X3zhjy5KTez-vQ.6df.delayed]
[www.youtube.com/channel/UC5H_lY2y5X3zhjy5KTez-vQ.html]
[www.youtube.com/android-app_/com.google.android.youtube/http/www.youtube.com/channel/UC5H_lY2y5X3zhjy5KTez-vQ.html]
[www.youtube.com/ios-app_/544007664/vnd.youtube/www.youtube.com/channel/UC5H_lY2y5X3zhjy5KTez-vQ.html]
[www.youtube.com/channel/android-app_/com.google.android.youtube/http/www.youtube.com/channel/UCVOTBwF0vnSxMRIbfSE_K_g.6e3.delayed]
[www.youtube.com/channel/ios-app_/544007664/vnd.youtube/www.youtube.com/channel/UCVOTBwF0vnSxMRIbfSE_K_g.6e5.delayed]
[www.youtube.com/channel/UCVOTBwF0vnSxMRIbfSE_K_g.html]
[www.youtube.com/android-app_/com.google.android.youtube/http/www.youtube.com/channel/UCVOTBwF0vnSxMRIbfSE_K_g.html]
[www.youtube.com/ios-app_/544007664/vnd.youtube/www.youtube.com/channel/UCVOTBwF0vnSxMRIbfSE_K_g.html]
[www.youtube.com/channel/android-app_/com.google.android.youtube/http/www.youtube.com/channel/UCa4FC6a-6g7i0arN__K1W6A.6e9.delayed]
[www.youtube.com/channel/ios-app_/544007664/vnd.youtube/www.youtube.com/channel/UCa4FC6a-6g7i0arN__K1W6A.6eb.delayed]
[www.youtube.com/channel/UCa4FC6a-6g7i0arN__K1W6A.html]
[www.youtube.com/android-app_/com.google.android.youtube/http/www.youtube.com/channel/UCa4FC6a-6g7i0arN__K1W6A.html]
[www.youtube.com/ios-app_/544007664/vnd.youtube/www.youtube.com/channel/UCa4FC6a-6g7i0arN__K1W6A.html]
[www.youtube.com/channel/android-app_/com.google.android.youtube/http/www.youtube.com/channel/UCYC6Vcczj8v-Y5OgpEJTFBw.6ef.delayed]
[www.youtube.com/channel/ios-app_/544007664/vnd.youtube/www.youtube.com/channel/UCYC6Vcczj8v-Y5OgpEJTFBw.6f1.delayed]
[www.youtube.com/channel/UCYC6Vcczj8v-Y5OgpEJTFBw.html]
[www.youtube.com/android-app_/com.google.android.youtube/http/www.youtube.com/channel/UCYC6Vcczj8v-Y5OgpEJTFBw.html]
[www.youtube.com/ios-app_/544007664/vnd.youtube/www.youtube.com/channel/UCYC6Vcczj8v-Y5OgpEJTFBw.html]
[www.youtube.com/channel/android-app_/com.google.android.youtube/http/www.youtube.com/channel/UCebC4x5l2-PQxg46Ucv9CsA.6f5.delayed]
[www.youtube.com/channel/ios-app_/544007664/vnd.youtube/www.youtube.com/channel/UCebC4x5l2-PQxg46Ucv9CsA.6f7.delayed]
[www.youtube.com/channel/UCebC4x5l2-PQxg46Ucv9CsA.html]
[www.youtube.com/android-app_/com.google.android.youtube/http/www.youtube.com/channel/UCebC4x5l2-PQxg46Ucv9CsA.html]
[www.youtube.com/ios-app_/544007664/vnd.youtube/www.youtube.com/channel/UCebC4x5l2-PQxg46Ucv9CsA.html]
[www.youtube.com/channel/android-app_/com.google.android.youtube/http/www.youtube.com/channel/UCcl4x-1l61b4mI3HnnmoxOg.6fb.delayed]
[www.youtube.com/channel/ios-app_/544007664/vnd.youtube/www.youtube.com/channel/UCcl4x-1l61b4mI3HnnmoxOg.6fd.delayed]
[www.youtube.com/channel/UCcl4x-1l61b4mI3HnnmoxOg.html]
[www.youtube.com/android-app_/com.google.android.youtube/http/www.youtube.com/channel/UCcl4x-1l61b4mI3HnnmoxOg.html]
[www.youtube.com/ios-app_/544007664/vnd.youtube/www.youtube.com/channel/UCcl4x-1l61b4mI3HnnmoxOg.html]
[www.youtube.com/intl/ALL_au/howyoutubeworks/index.html]
[www.youtube.com/intl/ALL_au/howyoutubeworks/ai/index.html]
[www.youtube.com/intl/ALL_au/howyoutubeworks/copyright/index.html]
[www.youtube.com/intl/ALL_au/howyoutubeworks/creator-economy/index.html]
[www.youtube.com/intl/ALL_au/howyoutubeworks/elections/index.html]
[www.youtube.com/intl/ALL_au/howyoutubeworks/kids-and-teens/index.html]
[www.youtube.com/intl/ALL_au/howyoutubeworks/learning/index.html]
[www.youtube.com/intl/ALL_au/howyoutubeworks/news/index.html]
[www.youtube.com/intl/ALL_au/howyoutubeworks/privacy/index.html]
[www.youtube.com/intl/ALL_au/howyoutubeworks/recommendations/index.html]
[www.youtube.com/intl/ALL_au/howyoutubeworks/our-policies/index.html]
[www.youtube.com/creators/partner-program/index.html]
[www.youtube.com/intl/ALL_au/howyoutubeworks/ai/empowering-creators/index.html]
[www.youtube.com/intl/ALL_au/howyoutubeworks/kids-and-teens/youth-principles/index.html]
[www.youtube.com/intl/ALL_au/howyoutubeworks/kids-and-teens/advisory-committee/index.html]
[www.youtube.com/channel/UCibTRXCGW9o16HjUODtvTVQ.html]
[www.youtube.com/feeds/videosbfd4.xml]
[www.youtube.com/android-app_/com.google.android.youtube/http/www.youtube.com/channel/UCibTRXCGW9o16HjUODtvTVQ.html]
[www.youtube.com/ios-app_/544007664/vnd.youtube/www.youtube.com/channel/UCibTRXCGW9o16HjUODtvTVQ.705.delayed]
[www.youtube.com/@SarahRenaeClark.html]
[www.youtube.com/channel/UC_EshLIDgTK_PQ6EC5VIY8A.html]
[www.youtube.com/feeds/videos25d8.xml]
[www.youtube.com/android-app_/com.google.android.youtube/http/www.youtube.com/channel/UC_EshLIDgTK_PQ6EC5VIY8A.html]
[www.youtube.com/ios-app_/544007664/vnd.youtube/www.youtube.com/channel/UC_EshLIDgTK_PQ6EC5VIY8A.70c.delayed]
[www.youtube.com/@EmmaMemma-Auslan.html]
[www.youtube.com/channel/UCw4G4L-F-mD5zMljpvc2gtA.html]
[www.youtube.com/feeds/videos6aee.xml]
[www.youtube.com/android-app_/com.google.android.youtube/http/www.youtube.com/channel/UCw4G4L-F-mD5zMljpvc2gtA.html]
[www.youtube.com/ios-app_/544007664/vnd.youtube/www.youtube.com/channel/UCw4G4L-F-mD5zMljpvc2gtA.713.delayed]
[www.youtube.com/@6NewsAU.html]
[www.youtube.com/channel/UCr0YdpMlGqS8LmQhDzkZv0A.html]
[www.youtube.com/feeds/videos115a.xml]
[www.youtube.com/android-app_/com.google.android.youtube/http/www.youtube.com/channel/UCr0YdpMlGqS8LmQhDzkZv0A.html]
[www.youtube.com/ios-app_/544007664/vnd.youtube/www.youtube.com/channel/UCr0YdpMlGqS8LmQhDzkZv0A.71a.delayed]
[www.youtube.com/@ugottabwise.html]
[www.youtube.com/feeds/videos59f4.xml]
[www.youtube.com/channel/UCn_FAXem2-e3HQvmK-mOH4g.html]
[www.youtube.com/android-app_/com.google.android.youtube/http/www.youtube.com/channel/UCn_FAXem2-e3HQvmK-mOH4g.html]
[www.youtube.com/ios-app_/544007664/vnd.youtube/www.youtube.com/channel/UCn_FAXem2-e3HQvmK-mOH4g.721.delayed]
[www.youtube.com/@GLITCH.html]
[www.youtube.com/channel/UCRU3w2vNPv_6cnKxzgGSTew.html]
[www.youtube.com/feeds/videos5087.xml]
[www.youtube.com/android-app_/com.google.android.youtube/http/www.youtube.com/channel/UCRU3w2vNPv_6cnKxzgGSTew.html]
[www.youtube.com/ios-app_/544007664/vnd.youtube/www.youtube.com/channel/UCRU3w2vNPv_6cnKxzgGSTew.728.delayed]
[www.youtube.com/@JessicaMauboyOfficial.html]
[www.youtube.com/channel/UClVrwBHuA2Lnefo3DcbI6Qw.html]
[www.youtube.com/feeds/videos65d4.xml]
[www.youtube.com/android-app_/com.google.android.youtube/http/www.youtube.com/channel/UClVrwBHuA2Lnefo3DcbI6Qw.html]
[www.youtube.com/ios-app_/544007664/vnd.youtube/www.youtube.com/channel/UClVrwBHuA2Lnefo3DcbI6Qw.72f.delayed]
[www.youtube.com/@samjtodd.html]
[www.youtube.com/intl/ALL_ca/howyoutubeworks/index.html]
[www.youtube.com/intl/ALL_ca/howyoutubeworks/copyright/index.html]
[www.youtube.com/intl/ALL_ca/howyoutubeworks/ai/index.html]
[www.youtube.com/intl/ALL_ca/howyoutubeworks/creator-economy/index.html]
[www.youtube.com/@techbymidas.html]
[www.youtube.com/intl/ALL_ca/howyoutubeworks/elections/index.html]
[www.youtube.com/intl/ALL_ca/howyoutubeworks/kids-and-teens/index.html]
[www.youtube.com/intl/ALL_ca/howyoutubeworks/news/index.html]
[www.youtube.com/intl/ALL_ca/howyoutubeworks/learning/index.html]
[www.youtube.com/intl/ALL_ca/howyoutubeworks/privacy/index.html]
[www.youtube.com/@ChaniNattan.html]
[www.youtube.com/intl/ALL_ca/howyoutubeworks/recommendations/index.html]
[www.youtube.com/intl/ALL_ca/howyoutubeworks/our-policies/index.html]
[www.youtube.com/@AlexandraGater.html]
[www.youtube.com/@jeenie.html]
[www.youtube.com/@McCannDogs.html]
[www.youtube.com/@midasmvmt.html]
[www.youtube.com/@Miaplays.html]
[www.youtube.com/intl/ALL_ca/howyoutubeworks/youtubes-impact/index.html]
[www.youtube.com/@Kouman.html]
[www.youtube.com/intl/fr_ca/howyoutubeworks/ai/index.html]
[www.youtube.com/intl/fr_ca/howyoutubeworks/index.html]
[www.youtube.com/intl/fr_ca/howyoutubeworks/copyright/index.html]
[www.youtube.com/intl/fr_ca/howyoutubeworks/elections/index.html]
[www.youtube.com/intl/fr_ca/howyoutubeworks/creator-economy/index.html]
[www.youtube.com/intl/fr_ca/howyoutubeworks/kids-and-teens/index.html]
[www.youtube.com/@shahinouest.html]
[www.youtube.com/intl/fr_ca/howyoutubeworks/privacy/index.html]
[www.youtube.com/intl/fr_ca/howyoutubeworks/news/index.html]
[www.youtube.com/intl/fr_ca/howyoutubeworks/learning/index.html]
[www.youtube.com/intl/fr_ca/howyoutubeworks/recommendations/index.html]
[www.youtube.com/@Fredzmusicc.html]
[www.youtube.com/intl/fr_ca/howyoutubeworks/our-policies/index.html]
[www.youtube.com/@Lapetitebette.html]
[www.youtube.com/@Gurky.html]
[www.youtube.com/intl/fr_ca/howyoutubeworks/youtubes-impact/index.html]
[www.youtube.com/@alybrassard.html]
[www.youtube.com/intl/en_be/howyoutubeworks/ai/index.html]
[www.youtube.com/intl/en_be/howyoutubeworks/index.html]
[www.youtube.com/intl/en_be/howyoutubeworks/copyright/index.html]
[www.youtube.com/intl/en_be/howyoutubeworks/creator-economy/index.html]
[www.youtube.com/@wurzelwerk.html]
[www.youtube.com/intl/en_be/howyoutubeworks/elections/index.html]
[www.youtube.com/intl/en_be/howyoutubeworks/learning/index.html]
[www.youtube.com/intl/en_be/howyoutubeworks/kids-and-teens/index.html]
[www.youtube.com/@LYYNK_OFF.html]
[www.youtube.com/@7PADUHonzyDedka.html]
[www.youtube.com/intl/en_be/howyoutubeworks/news/index.html]
[www.youtube.com/intl/en_be/howyoutubeworks/privacy/index.html]
[www.youtube.com/intl/en_be/howyoutubeworks/recommendations/index.html]
[www.youtube.com/@EUMadeSimple.html]
[www.youtube.com/intl/en_be/howyoutubeworks/youtubes-impact/index.html]
[www.youtube.com/intl/en_be/howyoutubeworks/our-policies/index.html]
[www.youtube.com/intl/ALL_de/howyoutubeworks/ai/index.html]
[www.youtube.com/intl/ALL_de/howyoutubeworks/index.html]
[www.youtube.com/intl/ALL_de/howyoutubeworks/copyright/index.html]
[www.youtube.com/intl/ALL_de/howyoutubeworks/creator-economy/index.html]
[www.youtube.com/@gardinerbrothers.html]
[www.youtube.com/@KikisKitchen.html]
[www.youtube.com/intl/ALL_de/howyoutubeworks/elections/index.html]
[www.youtube.com/intl/ALL_de/howyoutubeworks/kids-and-teens/index.html]
[www.youtube.com/intl/ALL_de/howyoutubeworks/learning/index.html]
[www.youtube.com/@ZDF.html]
[www.youtube.com/intl/ALL_de/howyoutubeworks/privacy/index.html]
[www.youtube.com/intl/ALL_de/howyoutubeworks/news/index.html]
[www.youtube.com/intl/ALL_de/howyoutubeworks/recommendations/index.html]
[www.youtube.com/intl/ALL_de/howyoutubeworks/our-policies/index.html]
[www.youtube.com/@Leony.html]
[www.youtube.com/@lehrerschmidt.html]
[www.youtube.com/@HerrAnwalt.html]
[www.youtube.com/intl/ALL_de/howyoutubeworks/youtubes-impact/index.html]
[www.youtube.com/@leony-2.html]
[www.youtube.com/intl/ALL_jp/howyoutubeworks/ai/index.html]
[www.youtube.com/intl/ALL_jp/howyoutubeworks/copyright/index.html]
[www.youtube.com/intl/ALL_jp/howyoutubeworks/index.html]
[www.youtube.com/intl/ALL_jp/howyoutubeworks/creator-economy/index.html]
[www.youtube.com/@passlabo.html]
[www.youtube.com/intl/ALL_jp/howyoutubeworks/elections/index.html]
[www.youtube.com/intl/ALL_jp/howyoutubeworks/kids-and-teens/index.html]
[www.youtube.com/intl/ALL_jp/howyoutubeworks/learning/index.html]
[www.youtube.com/intl/ALL_jp/howyoutubeworks/news/index.html]
[www.youtube.com/intl/ALL_jp/howyoutubeworks/privacy/index.html]
[www.youtube.com/intl/ALL_jp/howyoutubeworks/recommendations/index.html]
[www.youtube.com/@SUSHIRAMEN-Riku.html]
[www.youtube.com/intl/ALL_jp/howyoutubeworks/our-policies/index.html]
[www.youtube.com/@seasar04.html]
[www.youtube.com/@pivot00.html]
[www.youtube.com/intl/ALL_jp/howyoutubeworks/youtubes-impact/index.html]
[www.youtube.com/@musicawardsjapanceipa.html]
[www.youtube.com/@1MILLIONDanceStudioofficial.755.delayed]
[www.youtube.com/intl/ALL_kr/howyoutubeworks/copyright/index.html]
[www.youtube.com/intl/ALL_kr/howyoutubeworks/index.html]
[www.youtube.com/intl/ALL_kr/howyoutubeworks/ai/index.html]
[www.youtube.com/intl/ALL_kr/howyoutubeworks/creator-economy/index.html]
[www.youtube.com/intl/ALL_kr/howyoutubeworks/elections/index.html]
[www.youtube.com/intl/ALL_kr/howyoutubeworks/kids-and-teens/index.html]
[www.youtube.com/@Pinkfong.html]
[www.youtube.com/intl/ALL_kr/howyoutubeworks/news/index.html]
[www.youtube.com/intl/ALL_kr/howyoutubeworks/privacy/index.html]
[www.youtube.com/intl/ALL_kr/howyoutubeworks/learning/index.html]
[www.youtube.com/intl/ALL_kr/howyoutubeworks/recommendations/index.html]
[www.youtube.com/intl/ALL_kr/howyoutubeworks/our-policies/index.html]
[www.youtube.com/@GH.html]
[www.youtube.com/@RISABAE.html]
[www.youtube.com/@í¼ì§ì»¬ê°¤ë¬ë¦¬.75d.delayed]
[www.youtube.com/@Unrealscience.html]
[www.youtube.com/@ê¹¡ì¤íì¼ë¦¬ì¤í¸.75f.delayed]
[www.youtube.com/@ì°¸.761.delayed]
[www.youtube.com/intl/ALL_kr/howyoutubeworks/youtubes-impact/index.html]
[www.youtube.com/intl/ALL_uk/howyoutubeworks/copyright/index.html]
[www.youtube.com/intl/ALL_uk/howyoutubeworks/index.html]
[www.youtube.com/intl/ALL_uk/howyoutubeworks/ai/index.html]
[www.youtube.com/intl/ALL_uk/howyoutubeworks/creator-economy/index.html]
[www.youtube.com/@maxklymenko.html]
[www.youtube.com/intl/ALL_uk/howyoutubeworks/kids-and-teens/index.html]
[www.youtube.com/intl/ALL_uk/howyoutubeworks/elections/index.html]
[www.youtube.com/intl/ALL_uk/howyoutubeworks/learning/index.html]
[www.youtube.com/intl/ALL_uk/howyoutubeworks/news/index.html]
[www.youtube.com/intl/ALL_uk/howyoutubeworks/privacy/index.html]
[www.youtube.com/@AmeliaDimoldenberg.html]
[www.youtube.com/intl/ALL_uk/howyoutubeworks/recommendations/index.html]
[www.youtube.com/@MattGreenJGM.html]
[www.youtube.com/intl/ALL_uk/howyoutubeworks/our-policies/index.html]
[www.youtube.com/beabadoobee.html]
[www.youtube.com/intl/ALL_uk/howyoutubeworks/youtubes-impact/index.html]
[www.youtube.com/@TLDRnews.html]
[www.youtube.com/@ChefOtto.769.delayed]
[www.youtube.com/intl/ALL_br/howyoutubeworks/index.html]
[www.youtube.com/intl/ALL_br/howyoutubeworks/ai/index.html]
[www.youtube.com/intl/ALL_br/howyoutubeworks/copyright/index.html]
[www.youtube.com/intl/ALL_br/howyoutubeworks/creator-economy/index.html]
[www.youtube.com/intl/ALL_br/howyoutubeworks/elections/index.html]
[www.youtube.com/@quadrilhastvcanal.html]
[www.youtube.com/intl/ALL_br/howyoutubeworks/learning/index.html]
[www.youtube.com/intl/ALL_br/howyoutubeworks/kids-and-teens/index.html]
[www.youtube.com/intl/ALL_br/howyoutubeworks/news/index.html]
[www.youtube.com/intl/ALL_br/howyoutubeworks/privacy/index.html]
[www.youtube.com/@suamusica.html]
[www.youtube.com/@JosÃ©TotoyPortuguÃªs.76c.delayed]
[www.youtube.com/intl/ALL_br/howyoutubeworks/recommendations/index.html]
[www.youtube.com/intl/ALL_br/howyoutubeworks/our-policies/index.html]
[www.youtube.com/@FramAlvesunhas.html]
[www.youtube.com/intl/ALL_br/howyoutubeworks/youtubes-impact/index.html]
[www.youtube.com/user/jubilut.html]
[www.youtube.com/@pgdinamica.html]
[www.youtube.com/@inoxtag.html]
[www.youtube.com/@Inasociete.html]
[www.youtube.com/@believeglobal.html]
[www.youtube.com/intl/ALL_fr/howyoutubeworks/youtubes-impact/index.html]
[www.youtube.com/intl/hi_in/howyoutubeworks/youtubes-impact/index.html]
[www.youtube.com/@mathildestudy.html]
[www.youtube.com/channel/UC0rzsIrAxF4kCsALP6J2EsA.html]
[www.youtube.com/feeds/videosbbad.xml]
[www.youtube.com/android-app_/com.google.android.youtube/http/www.youtube.com/channel/UC0rzsIrAxF4kCsALP6J2EsA.html]
[www.youtube.com/ios-app_/544007664/vnd.youtube/www.youtube.com/channel/UC0rzsIrAxF4kCsALP6J2EsA.77d.delayed]
[www.youtube.com/@radityadika.html]
[www.youtube.com/channel/UCY1bGdpom5tXC9M8-Ahu8dQ.html]
[www.youtube.com/feeds/videosa0b0.xml]
[www.youtube.com/android-app_/com.google.android.youtube/http/www.youtube.com/channel/UCY1bGdpom5tXC9M8-Ahu8dQ.html]
[www.youtube.com/ios-app_/544007664/vnd.youtube/www.youtube.com/channel/UCY1bGdpom5tXC9M8-Ahu8dQ.784.delayed]
[www.youtube.com/@bernadyaribka.html]
[www.youtube.com/channel/UCH9AFSwY4WqgHoCLG2XIveg.html]
[www.youtube.com/feeds/videos4f37.xml]
[www.youtube.com/android-app_/com.google.android.youtube/http/www.youtube.com/channel/UCH9AFSwY4WqgHoCLG2XIveg.html]
[www.youtube.com/ios-app_/544007664/vnd.youtube/www.youtube.com/channel/UCH9AFSwY4WqgHoCLG2XIveg.78b.delayed]
[www.youtube.com/@dikdasmenRI.html]
[www.youtube.com/channel/UCatpv2M0zqBC9Xq1Qdb-YLw.html]
[www.youtube.com/feeds/videos18d0.xml]
[www.youtube.com/android-app_/com.google.android.youtube/http/www.youtube.com/channel/UCatpv2M0zqBC9Xq1Qdb-YLw.html]
[www.youtube.com/ios-app_/544007664/vnd.youtube/www.youtube.com/channel/UCatpv2M0zqBC9Xq1Qdb-YLw.792.delayed]
[www.youtube.com/@disabilitaspunyacara.html]
[www.youtube.com/channel/UCTH2fnE15t_SDeaLGkcLZ3Q.html]
[www.youtube.com/feeds/videos7b67.xml]
[www.youtube.com/android-app_/com.google.android.youtube/http/www.youtube.com/channel/UCTH2fnE15t_SDeaLGkcLZ3Q.html]
[www.youtube.com/ios-app_/544007664/vnd.youtube/www.youtube.com/channel/UCTH2fnE15t_SDeaLGkcLZ3Q.799.delayed]
[www.youtube.com/@set1awanade.html]
[www.youtube.com/channel/UCLQPSvXV6b4QMt9GHSJ-X_A.html]
[www.youtube.com/feeds/videosd5da.xml]
[www.youtube.com/android-app_/com.google.android.youtube/http/www.youtube.com/channel/UCLQPSvXV6b4QMt9GHSJ-X_A.html]
[www.youtube.com/ios-app_/544007664/vnd.youtube/www.youtube.com/channel/UCLQPSvXV6b4QMt9GHSJ-X_A.7a0.delayed]
[www.youtube.com/@MarinaTasha.html]
[www.youtube.com/channel/UCKwM-7sO1_Tw9EmYhKfpBBw.html]
[www.youtube.com/feeds/videos8dd0.xml]
[www.youtube.com/android-app_/com.google.android.youtube/http/www.youtube.com/channel/UCKwM-7sO1_Tw9EmYhKfpBBw.html]
[www.youtube.com/ios-app_/544007664/vnd.youtube/www.youtube.com/channel/UCKwM-7sO1_Tw9EmYhKfpBBw.7a7.delayed]
[www.youtube.com/@PerkinsBuilderBrothers.html]
[www.youtube.com/channel/UCfECR0XVFoy3DunTSQC-E-g.html]
[www.youtube.com/feeds/videosbf1b.xml]
[www.youtube.com/android-app_/com.google.android.youtube/http/www.youtube.com/channel/UCfECR0XVFoy3DunTSQC-E-g.html]
[www.youtube.com/ios-app_/544007664/vnd.youtube/www.youtube.com/channel/UCfECR0XVFoy3DunTSQC-E-g.7ae.delayed]
[www.youtube.com/@HowFarmsWork.html]
[www.youtube.com/@AmoebaSIsters-2.html]
[www.youtube.com/channel/UClrMJRlvoyoWsVlB-7c61PQ.html]
[www.youtube.com/feeds/videos8e05.xml]
[www.youtube.com/android-app_/com.google.android.youtube/http/www.youtube.com/channel/UClrMJRlvoyoWsVlB-7c61PQ.html]
[www.youtube.com/ios-app_/544007664/vnd.youtube/www.youtube.com/channel/UClrMJRlvoyoWsVlB-7c61PQ.7b6.delayed]
[www.youtube.com/@CowboyKentRollins.html]
[www.youtube.com/howyoutubeworks/nd.html]
[www.youtube.com/feeds/videosad07.xml]
[www.youtube.com/channel/UCIJwWYOfsCfz6PjxbONYXSg.html]
[www.youtube.com/android-app_/com.google.android.youtube/http/www.youtube.com/channel/UCIJwWYOfsCfz6PjxbONYXSg.html]
[www.youtube.com/ios-app_/544007664/vnd.youtube/www.youtube.com/channel/UCIJwWYOfsCfz6PjxbONYXSg.7bd.delayed]
[www.youtube.com/@blogilates.html]
[www.youtube.com/feeds/videos838c.xml]
[www.youtube.com/channel/UCPD_bxCRGpmmeQcbe2kpPaA.html]
[www.youtube.com/android-app_/com.google.android.youtube/http/www.youtube.com/channel/UCPD_bxCRGpmmeQcbe2kpPaA.html]
[www.youtube.com/ios-app_/544007664/vnd.youtube/www.youtube.com/channel/UCPD_bxCRGpmmeQcbe2kpPaA.7c4.delayed]
[www.youtube.com/@FirstWeFeast.html]
[www.youtube.com/channel/UC071KjEQUoDUe3FvDU6j02Q.html]
[www.youtube.com/feeds/videosc0e3.xml]
[www.youtube.com/android-app_/com.google.android.youtube/http/www.youtube.com/channel/UC071KjEQUoDUe3FvDU6j02Q.html]
[www.youtube.com/ios-app_/544007664/vnd.youtube/www.youtube.com/channel/UC071KjEQUoDUe3FvDU6j02Q.7cb.delayed]
[www.youtube.com/@viallfiles.html]
[www.youtube.com/android-app_/com.google.android.youtube/http/youtube.comhttp_/www.youtube.com/playlist002c.html]
[www.youtube.com/ios-app_/544007664/http/youtube.comhttp_/www.youtube.com/playlist.7d0002c.delayed]
[www.youtube.com/playlist002c.html]
[www.youtube.com/android-app_/com.google.android.youtube/http/android-app_/com.google.android.youtube/http/www.youtube.com/channel/android-app_/com.google.android.youtube/http/www.youtube.com/UCjaFblyfqwCBM1-_t2Q9jl]
[www.youtube.com/android-app_/com.google.android.youtube/http/android-app_/com.google.android.youtube/http/www.youtube.com/channel/ios-app_/544007664/vnd.youtube/www.youtube.com/channel/UCjaFblyfqwCBM1-_t2Q9jlQ.522]
[www.youtube.com/android-app_/com.google.android.youtube/http/ios-app_/544007664/vnd.youtube/www.youtube.com/channel/android-app_/com.google.android.youtube/http/www.youtube.com/channel/UCjaFblyfqwCBM1-_t2Q9jlQ.524]
[www.youtube.com/android-app_/com.google.android.youtube/http/ios-app_/544007664/vnd.youtube/www.youtube.com/channel/ios-app_/544007664/vnd.youtube/www.youtube.com/channel/UCjaFblyfqwCBM1-_t2Q9jlQ.html]
[www.youtube.com/channel/android-app_/com.google.android.youtube/http/www.youtube.com/channel/UCt7PIwo9G4g-K-Ji5B1Jc5g.7d6.delayed]
[www.youtube.com/channel/ios-app_/544007664/vnd.youtube/www.youtube.com/channel/UCt7PIwo9G4g-K-Ji5B1Jc5g.7d8.delayed]
[www.youtube.com/channel/UCt7PIwo9G4g-K-Ji5B1Jc5g.html]
[www.youtube.com/static/media/images/home/mobile-hero/android-app_/com.google.android.youtube/http/www.youtube.com/channel/UCt7PIwo9G4g-K-Ji5B1Jc5g.html]
[www.youtube.com/static/media/images/home/mobile-hero/android-app_/com.google.android.youtube/http/www.youtube.com/channel/ios-app_/544007664/vnd.youtube/www.youtube.com/channel/UCt7PIwo9G4g-K-Ji5B1Jc5g.html]
[www.youtube.com/static/media/images/home/mobile-hero/ios-app_/544007664/vnd.youtube/www.youtube.com/channel/android-app_/com.google.android.youtube/http/www.youtube.com/channel/UCt7PIwo9G4g-K-Ji5B1Jc5g.html]
[www.youtube.com/static/media/images/home/mobile-hero/ios-app_/544007664/vnd.youtube/www.youtube.com/channel/UCt7PIwo9G4g-K-Ji5B1Jc5g.html]
[www.youtube.com/trends/articles/super-mario-global-viewership/index.html]
[www.youtube.com/trends/articles/super-mario-games-most-viewed/index.html]
[www.youtube.com/trends/articles/-like-and-describe-podcast-vtubers/index.html]
[www.youtube.com/trends/articles/coming-out-videos-nikkietutorials/index.html]
[www.youtube.com/trends/articles/rose-bruno-mars-apt/index.html]
[www.youtube.com/trends/articles/elden-ring-launch-story/index.html]
[www.youtube.com/trends/articles/2020-youtube-gaming-stats/index.html]
[www.youtube.com/trends/articles/club-shay-shay/index.html]
[www.youtube.com/trends/articles/spc-foundation-youtube-trends/index.html]
[www.youtube.com/trends/articles/world-cup-stickers/index.html]
[www.youtube.com/trends/articles/stay-home-workout-at-home/index.html]
[www.youtube.com/trends/articles/met-gala-trending/index.html]
[www.youtube.com/trends/articles/the-dream-smp-modern-epic/index.html]
[www.youtube.com/trends/articles/minecraft-1t-cultural-expression/index.html]
[www.youtube.com/trends/articles/garena-free-fire-five-fast-facts/index.html]
[www.youtube.com/static/media/images/home/mobile-hero/ios-app_/544007664/vnd.youtube/www.youtube.com/channel/ios-app_/544007664/vnd.youtube/www.youtube.com/channel/UCt7PIwo9G4g-K-Ji5B1Jc5g.html]
[www.youtube.com/trends/report/tr26-latam-football-trends-report/index.html]
[www.youtube.com/trends/report/tr26-nfl-trends-report/index.html]
[www.youtube.com/trends/report/tr25-20th-birthday/index.html]
[www.youtube.com/trends/report/tr25-virtual-creators/index.html]
[www.youtube.com/trends/articles/hey-guys/index.html]
[www.youtube.com/trends/static/compiled/report.min.js]
[www.youtube.com/trends/report/2022/index.html]
[www.youtube.com/watcha152.html]
[www.youtube.com/results09d5.html]
[www.gstatic.com/external_hosted/d3/v5/d3.min.js]
[www.youtube.com/trends/articles/among-us-september/index.html]
[www.gstatic.com/external_hosted/swiper/swiper-bundle.min.js]
[www.gstatic.com/external_hosted/openseadragon/openseadragon.min.js]
[www.youtube.com/trends/static/compiled/aesthetics.mina61c.js]
[www.youtube.com/trends/articles/youtube-aesthetics/index.html]
[www.youtube.com/embed/LKxewamUrIc390b.html]
[www.youtube.com/channel/UCOe_y6KKvS3PdIfb9q9pGug.html]
[www.youtube.com/channel/UCwWhs_6x42TyRM4Wstoq8HA.html]
[www.youtube.com/watcha5cb.html]
[www.youtube.com/channel/UCYJdpnjuSWVOLgGT9fIzL0g.html]
[www.youtube.com/channel/UCcuLSr4UhAU8Rdegc264srg.html]
[www.youtube.com/trends/articles/brandcast-delivered-kevin-allocca-content-trends/index.html]
[www.youtube.com/trends/articles/rust-and-egoland/index.html]
[www.youtube.com/trends/articles/technoblade-never-dies-video/index.html]
[www.youtube.com/trends/articles/team-trees-plants-20-million-trees/index.html]
[www.youtube.com/channel/UCNepEAWZH0TBu7dkxIbluDw.html]
[www.youtube.com/watchf125.html]
[www.youtube.com/watch7acb.html]
[www.youtube.com/c/JakeFellman.html]
[www.youtube.com/watch58f2.html]
[www.youtube.com/watchaa7e.html]
[www.youtube.com/playlist532f.html]
[www.youtube.com/watchfbfa.html]
[www.youtube.com/watch3f5e.html]
[www.youtube.com/trends/articles/minecraft-1t-future-of-minecraft/index.html]
[www.youtube.com/trends/articles/report-sources-tr20/index.html]
[www.youtube.com/trends/articles/minecraft-1t-chillin-vibin/index.html]
[www.youtube.com/watch1354.html]
[www.youtube.com/trends/static/deep-dive/with-me-interactive/images/all-withme.jpg]
[www.youtube.com/trends/static/deep-dive/with-me-interactive/images/everyday-tasks-withme.jpg]
[www.youtube.com/results01ac.html]
[www.youtube.com/results45ac.html]
[www.youtube.com/results8d4b.html]
[www.youtube.com/results35ff.html]
[www.youtube.com/results76d6.html]
[www.youtube.com/resultsd87e.html]
[www.youtube.com/results74c6.html]
[www.youtube.com/results95ed.html]
[www.youtube.com/trends/static/deep-dive/with-me-interactive/images/self-improvement-withme.jpg]
[www.youtube.com/resultsd82c.html]
[www.youtube.com/results5b4f.html]
[www.youtube.com/resultsd3ac.html]
[www.youtube.com/resultsea3a.html]
[www.youtube.com/resultsd6ab.html]
[www.youtube.com/resultse5d3.html]
[www.youtube.com/results46a3.html]
[www.youtube.com/results07b0.html]
[www.youtube.com/trends/static/deep-dive/with-me-interactive/images/creativity-withme.jpg]
[www.youtube.com/results2c15.html]
[www.youtube.com/resultse80e.html]
[www.youtube.com/resultsc811.html]
[www.youtube.com/results99b9.html]
[www.youtube.com/resultsa25d.html]
[www.youtube.com/results3fa5.html]
[www.youtube.com/results3857.html]
[www.youtube.com/resultse8fe.html]
[www.youtube.com/results4795.html]
[www.youtube.com/results7cc2.html]
[www.youtube.com/channel/UCSVSAF79XotyQpB6rArTCmQ/index.html]
[www.youtube.com/watch2b8b.html]
[www.youtube.com/trends/static/compiled/with.mine100.js]
[www.youtube.com/trends/articles/with-me-interactive/index.html]
[www.youtube.com/watchf693.html]
[www.youtube.com/channel/UCyG7zAV_2JlPnxhwDxZN6sA.html]
[www.youtube.com/channel/UCsr86khxLo3PUkMKDtvZDyw.html]
[www.youtube.com/channel/UCPo70pynefJ90wBqCEryZWg/featured.html]
[www.youtube.com/watch366c.html]
[www.youtube.com/watch708c.html]
[www.youtube.com/embed/SRsOZ_Jatgg390b.html]
[www.youtube.com/watchf72f.html]
[www.youtube.com/embed/34yXJFpYzNo390b.html]
[www.youtube.com/watch6007.html]
[www.youtube.com/embed/GK2_2dUxtLI390b.html]
[www.youtube.com/watcha574.html]
[www.youtube.com/watche663.html]
[www.youtube.com/trends/articles/cafe-vlogs-explainer-maddy-buxton/index.html]
[www.youtube.com/trends/report/indexa81b.html]
[www.youtube.com/embed/ix6A9hdGqzY390b.html]
[www.youtube.com/trends/articles/what-it-means-to-stayhome-on-youtube/index.html]
[www.youtube.com/trends/static/deep-dive/minecraft-trillion/assets/images/pickaxe_sm.png]
[www.youtube.com/trends/static/deep-dive/minecraft-trillion/assets/images/scroll-prompt.png]
[www.youtube.com/trends/static/deep-dive/minecraft-trillion/assets/images/days_pattern.png]
[www.youtube.com/trends/static/deep-dive/minecraft-trillion/assets/images/animation_pattern.png]
[www.youtube.com/trends/static/deep-dive/minecraft-trillion/assets/images/but_pattern.png]
[www.youtube.com/trends/static/deep-dive/minecraft-trillion/assets/images/parody_pattern.png]
[www.youtube.com/trends/static/deep-dive/minecraft-trillion/assets/images/rp_pattern.png]
[www.youtube.com/trends/static/deep-dive/minecraft-trillion/assets/images/speedrun_pattern.png]
[www.youtube.com/trends/static/deep-dive/minecraft-trillion/assets/images/games_pattern.png]
[www.youtube.com/trends/static/deep-dive/minecraft-trillion/assets/images/smp_pattern.png]
[www.youtube.com/trends/articles/minecraft-1t-global/index.html]
[www.youtube.com/channel/UCzYfz8uibvnB7Yc1LjePi4g.html]
[www.youtube.com/channel/UCOFrSKpT2CFpv8rxSU4nlQg.html]
[www.youtube.com/channel/UCAtWPQw_rUROGGjEPSFboIA.html]
[www.youtube.com/channel/UCshoKvlZGZ20rVgazZp5vnQ.html]
[www.youtube.com/channel/UCrYnLkVfvVf0Qy0YOUQdk2A.html]
[www.youtube.com/channel/UC2D-GCxeE69hCUmRwISXABw.html]
[www.youtube.com/channel/UCo_IB5145EVNcf8hw1Kku7w.html]
[www.youtube.com/channel/UCJZam2u1G0syq3kyqrCXrNw.html]
[www.youtube.com/channel/UC4f1zAG2BTkfOQV4_nFbpBQ.html]
[www.youtube.com/trends/articles/minecraft-trillion/ââhttps_/www.youtube.com/channel/UCU9pX8hKcrx06XfOB-VQLdw.840.delayed]
[www.youtube.com/trends/static/compiled/minecraft.min306a.js]
[www.youtube.com/trends/articles/minecraft-trillion/index.html]
[www.youtube.com/trends/articles/minecraft-one-trillion-pioneers/index.html]
[www.youtube.com/embed/thA_T13Wnqo390b.html]
[www.youtube.com/trends/articles/super-mario-100billion-views/index.html]
[www.youtube.com/intl/en_in/creators/podcasts/index.html]
[www.youtube.com/embed/dFZki6TcY4w390b.html]
[www.youtube.com/trends/articles/eoy-2021-methodology-assets/index.html]
[www.youtube.com/channel/UCtNdVINwfYFTQEEZgMiQ8FA.html]
[www.youtube.com/feeds/videos808f.xml]
[www.youtube.com/c/android-app_/com.google.android.youtube/http/www.youtube.com/channel/UCtNdVINwfYFTQEEZgMiQ8FA.html]
[www.youtube.com/c/ios-app_/544007664/vnd.youtube/www.youtube.com/channel/UCtNdVINwfYFTQEEZgMiQ8FA.849.delayed]
[www.youtube.com/c/BaileySarian.html]
[www.youtube.com/podcasts.html]
[www.youtube.com/intl/ALL_in/kids/safer-experience/index.html]
[www.youtube.com/intl/ALL_in/kids/parent-resources/index.html]
[www.youtube.com/intl/ALL_in/kids/familyfriendly-videos/index.html]
[www.youtube.com/intl/ALL_in/kids/fun-everyscreen/index.html]
[www.youtube.com/premium/kids.html]
[www.youtube.com/channel/android-app_/com.google.android.youtube/http/www.youtube.com/channel/UCD-VoLB79s68ZRcbnz7BHbQ.html]
[www.youtube.com/channel/ios-app_/544007664/vnd.youtube/www.youtube.com/channel/UCD-VoLB79s68ZRcbnz7BHbQ.html]
[www.youtube.com/channel/android-app_/com.google.android.youtube/http/www.youtube.com/channel/UCdoDYkupTElV62K7ttA_E4w.html]
[www.youtube.com/channel/ios-app_/544007664/vnd.youtube/www.youtube.com/channel/UCdoDYkupTElV62K7ttA_E4w.html]
[www.youtube.com/channel/android-app_/com.google.android.youtube/http/www.youtube.com/channel/UCGiTQEPFMB1RVOwbziMhFgA.html]
[www.youtube.com/channel/ios-app_/544007664/vnd.youtube/www.youtube.com/channel/UCGiTQEPFMB1RVOwbziMhFgA.html]
[www.youtube.com/channel/android-app_/com.google.android.youtube/http/www.youtube.com/channel/UCAov2BBv1ZJav0c_yHEciAw.html]
[www.youtube.com/channel/ios-app_/544007664/vnd.youtube/www.youtube.com/channel/UCAov2BBv1ZJav0c_yHEciAw.html]
[www.youtube.com/channel/android-app_/com.google.android.youtube/http/www.youtube.com/channel/UCoLUji8TYrgDy74_iiazvYA.html]
[www.youtube.com/channel/ios-app_/544007664/vnd.youtube/www.youtube.com/channel/UCoLUji8TYrgDy74_iiazvYA.html]
[www.youtube.com/channel/android-app_/com.google.android.youtube/http/www.youtube.com/channel/UCq0EGvLTyy-LLT1oUSO_0FQ.html]
[www.youtube.com/channel/ios-app_/544007664/vnd.youtube/www.youtube.com/channel/UCq0EGvLTyy-LLT1oUSO_0FQ.html]
[www.youtube.com/android-app_/com.google.android.youtube/http/www.youtube.com/watchf878.html]
[www.youtube.com/ios-app_/544007664/vnd.youtube/www.youtube.com/watchf878.html]
[www.youtube.com/embed/o4pVILIsMHM.html]
[www.youtube.com/android-app_/com.google.android.youtube/http/www.youtube.com/watchdf40]
[www.youtube.com/channel/android-app_/com.google.android.youtube/http/www.youtube.com/channel/UCzsNLZ9GrGXRjt0QmvWFm2Q.html]
[www.youtube.com/channel/ios-app_/544007664/vnd.youtube/www.youtube.com/channel/UCzsNLZ9GrGXRjt0QmvWFm2Q.html]
[www.youtube.com/channel/android-app_/com.google.android.youtube/http/www.youtube.com/channel/UC6ERimtc5zFrn7x6Bk3HaHA.html]
[www.youtube.com/channel/ios-app_/544007664/vnd.youtube/www.youtube.com/channel/UC6ERimtc5zFrn7x6Bk3HaHA.html]
[www.youtube.com/shorts/android-app_/com.google.android.youtube/http/www.youtube.com/shorts/cGo2HCCea_g.851.delayed]
[www.youtube.com/shorts/cGo2HCCea_g20ce.html]
[www.youtube.com/shorts/ios-app_/544007664/vnd.youtube/www.youtube.com/shorts/cGo2HCCea_g.853.delayed]
[i.ytimg.com/vi/cGo2HCCea_g/hq720_20023.jpg]
[www.youtube.com/shorts/cGo2HCCea_g.html]
[www.youtube.com/android-app_/com.google.android.youtube/http/www.youtube.com/watch83b1.html]
[www.youtube.com/ios-app_/544007664/vnd.youtube/www.youtube.com/watch83b1.html]
[www.youtube.com/embed/cGo2HCCea_g5ac5.html]
[www.youtube.com/channel/android-app_/com.google.android.youtube/http/www.youtube.com/channel/UChQunfhkwe9KimRejCpj5mg.html]
[www.youtube.com/channel/ios-app_/544007664/vnd.youtube/www.youtube.com/channel/UChQunfhkwe9KimRejCpj5mg.html]
[www.youtube.com/android-app_/com.google.android.youtube/http/youtube.comhttp_/www.youtube.com/android-app_/com.google.android.youtube/http/www.youtube.com/channel/UCjaFblyfqwCBM1-_t2Q9jlQ.html]
[www.youtube.com/embed/cGo2HCCea_g.html]
[www.youtube.com/android-app_/com.google.android.youtube/http/youtube.comhttp_/www.youtube.com/ios-app_/544007664/vnd.youtube/www.youtube.com/channel/UCjaFblyfqwCBM1-_t2Q9jlQ.html]
[www.youtube.com/shorts/android-app_/com.google.android.youtube/http/www.youtube.com/shorts/5opGptBHhWU.85f20ce.delayed]
[www.youtube.com/shorts/ios-app_/544007664/vnd.youtube/www.youtube.com/shorts/5opGptBHhWU.86120ce.delayed]
[www.youtube.com/shorts/5opGptBHhWU20ce.html]
[www.youtube.com/shorts/android-app_/com.google.android.youtube/http/www.youtube.com/shorts/5opGptBHhWU.html]
[www.youtube.com/shorts/ios-app_/544007664/vnd.youtube/www.youtube.com/shorts/5opGptBHhWU.html]
[www.youtube.com/embed/5opGptBHhWU.html]
[www.youtube.com/android-app_/com.google.android.youtube/http/www.youtube.com/channel/UC_0MucSdwSqy8rJkSZpQ1kw.html]
[www.youtube.com/ios-app_/544007664/vnd.youtube/www.youtube.com/channel/UC_0MucSdwSqy8rJkSZpQ1kw.html]
[www.youtube.com/s/_/ytembeds/_/ss/k=ytembeds.base.i-sC42taVNk.L.X.O/am=AAAAAAAAAg/d=0/rs=AGKMywEKhVMHGOMF0dGQ8Ygze7k8gt4xag.css]
[www.youtube.com/shorts/android-app_/com.google.android.youtube/http/www.youtube.com/shorts/iPlNwnJkZFc.86520ce.delayed]
[www.youtube.com/shorts/ios-app_/544007664/vnd.youtube/www.youtube.com/shorts/iPlNwnJkZFc.86720ce.delayed]
[www.youtube.com/shorts/iPlNwnJkZFc20ce.html]
[www.youtube.com/shorts/android-app_/com.google.android.youtube/http/www.youtube.com/shorts/iPlNwnJkZFc.html]
[www.youtube.com/shorts/ios-app_/544007664/vnd.youtube/www.youtube.com/shorts/iPlNwnJkZFc.html]
[www.youtube.com/embed/iPlNwnJkZFc.html]
[www.youtube.com/channel/android-app_/com.google.android.youtube/http/www.youtube.com/channel/UCvjgXvBlbQiydffZU7m1_aw.html]
[www.youtube.com/channel/ios-app_/544007664/vnd.youtube/www.youtube.com/channel/UCvjgXvBlbQiydffZU7m1_aw.html]
[www.youtube.com/channel/android-app_/com.google.android.youtube/http/www.youtube.com/channel/UCIa6QxmPtInX8ccGEfPA-kg.86a.delayed]
[www.youtube.com/channel/ios-app_/544007664/vnd.youtube/www.youtube.com/channel/UCIa6QxmPtInX8ccGEfPA-kg.86c.delayed]
[www.youtube.com/channel/UCIa6QxmPtInX8ccGEfPA-kg.html]
[www.youtube.com/c/android-app_/com.google.android.youtube/http/www.youtube.com/channel/UCIa6QxmPtInX8ccGEfPA-kg.html]
[www.youtube.com/c/ios-app_/544007664/vnd.youtube/www.youtube.com/channel/UCIa6QxmPtInX8ccGEfPA-kg.html]
[www.youtube.com/channel/POST.86f.delayed]
[www.youtube.com/channel/android-app_/com.google.android.youtube/http/www.youtube.com/channel/UCi7TVXyvrIwqeS9tfYD8UDA.871.delayed]
[www.youtube.com/channel/ios-app_/544007664/vnd.youtube/www.youtube.com/channel/UCi7TVXyvrIwqeS9tfYD8UDA.873.delayed]
[www.youtube.com/channel/UCi7TVXyvrIwqeS9tfYD8UDA.html]
[www.youtube.com/user/android-app_/com.google.android.youtube/http/www.youtube.com/channel/UCi7TVXyvrIwqeS9tfYD8UDA.html]
[www.youtube.com/user/ios-app_/544007664/vnd.youtube/www.youtube.com/channel/UCi7TVXyvrIwqeS9tfYD8UDA.html]
[www.youtube.com/android-app_/com.google.android.youtube/http/www.youtube.com/watch4d4a.html]
[www.youtube.com/ios-app_/544007664/vnd.youtube/www.youtube.com/watch4d4a.html]
[www.youtube.com/embed/gBrmnB5aOSI.html]
[www.youtube.com/android-app_/com.google.android.youtube/http/www.youtube.com/watche1c3.html]
[www.youtube.com/ios-app_/544007664/vnd.youtube/www.youtube.com/watch.879e1c3.delayed]
[i.ytimg.com/vi/N43y-I6rVNU/hqdefault.jpg]
[www.youtube.com/watche1c3.html]
[www.youtube.com/android-app_/com.google.android.youtube/http/www.youtube.com/watch3088.html]
[www.youtube.com/ios-app_/544007664/vnd.youtube/www.youtube.com/watch3088.html]
[www.youtube.com/embed/N43y-I6rVNU.html]
[i.ytimg.com/vi/N43y-I6rVNU]/hqdefault.jpg]
[www.youtube.com/android-app_/com.google.android.youtube/http/www.youtube.com/watch2567.html]
[www.youtube.com/ios-app_/544007664/vnd.youtube/www.youtube.com/watch2567.html]
[www.youtube.com/embed/RAo2gN3K3GQ93df.html]
[www.youtube.com/intl/en_us/creators/partner-program/shopping/index.html]
[www.youtube.com/intl/en_us/creators/index.html]
[www.youtube.com/channel/UCkRfArvrzheW2E7b6SVT7vQ.html]
[www.youtube.com/c/hellomayuko.html]
[www.youtube.com/c/LasizweDambuza.html]
[www.youtube.com/c/DeeperThanHairTv.html]
[www.youtube.com/c/misterwootube.html]
[www.youtube.com/c/SrtaLynaV.html]
[www.youtube.com/intl/en_us/creators/welcome-creators/index.html]
[www.youtube.com/intl/en_us/creators/partner-program/index.html]
[www.youtube.com/intl/en_us/join/index.html]
[www.youtube.com/c/TravelerasPeru.html]
[www.youtube.com/intl/en_us/creators/how-things-work/getting-started/index.html]
[www.youtube.com/intl/en_us/creators/how-things-work/building-community/index.html]
[www.youtube.com/c/chrisbossiobarber/featured.html]
[www.youtube.com/c/CallMeAgent00/featured.html]
[www.youtube.com/intl/en_us/creators/how-things-work/content-creation-strategy/index.html]
[www.youtube.com/intl/en_us/creators/how-things-work/policies-guidelines/index.html]
[www.youtube.com/intl/en_us/creators/shorts/index.html]
[www.youtube.com/c/emmymade/featured.html]
[img.youtube.com/vi/FrRhUwf0A_w/maxresdefault.jpg]
[www.youtube.com/intl/en_us/creators/how-things-work/get-involved/index.html]
[www.youtube.com/intl/en_us/creators/top-questions/index.html]
[www.youtube.com/c/RezaPujaKhan/featured.html]
[www.youtube.com/intl/en_us/creators/research/index.html]
[www.youtube.com/creators/welcome-creators/index.html]
[www.youtube.com/creators/how-things-work/getting-started/index.html]
[www.youtube.com/embed/U_9NWg51JS8.html]
[www.youtube.com/creators/top-questions/index.html]
[www.youtube.com/embed/vwYWiDZrEOY.html]
[www.youtube.com/embed/MeG27pk6i6c.html]
[www.youtube.com/embed/zFuze1Dvdp4.html]
[www.youtube.com/embed/rRLniJ5aMQ0.html]
[www.youtube.com/embed/ad120X8IJVU.html]
[www.youtube.com/embed/HKTFLI-PfzE.html]
[www.youtube.com/embed/GlxzYLsSpWg.html]
[www.youtube.com/creators/partner-program/shopping/index.html]
[www.youtube.com/embed/qf1yNpadysY.html]
[www.youtube.com/intl/en_in/creators/channel-memberships/index.html]
[www.youtube.com/watchbf03.html]
[www.youtube.com/watch2cdf.html]
[www.youtube.com/watch7348.html]
[www.youtube.com/watchd7be.html]
[www.youtube.com/@jinyongjin_official.html]
[www.youtube.com/@IhaJustImus.html]
[www.youtube.com/@yeptheboys.html]
[www.youtube.com/@bettylazcano.html]
[www.youtube.com/channel/UCDVGOdW7sH-hCNwlBhqcsrw01d8.html]
[www.youtube.com/@AquariumCoop.html]
[www.youtube.com/creators/channel-memberships/index.html]
[www.youtube.com/android-app_/com.google.android.youtube/http/www.youtube.com/watcha7fb.html]
[www.youtube.com/ios-app_/544007664/vnd.youtube/www.youtube.com/watcha7fb.html]
[www.youtube.com/embed/7L3mD7U95y0.html]
[www.youtube.com/c/90sBabyShow.html]
[www.youtube.com/channel/android-app_/com.google.android.youtube/http/www.youtube.com/channel/UCoIkReksSL5mBLRKmLRZ1fg.8a1.delayed]
[www.youtube.com/channel/ios-app_/544007664/vnd.youtube/www.youtube.com/channel/UCoIkReksSL5mBLRKmLRZ1fg.8a3.delayed]
[www.youtube.com/channel/UCoIkReksSL5mBLRKmLRZ1fg.html]
[www.youtube.com/c/android-app_/com.google.android.youtube/http/www.youtube.com/channel/UCoIkReksSL5mBLRKmLRZ1fg.html]
[www.youtube.com/c/ios-app_/544007664/vnd.youtube/www.youtube.com/channel/UCoIkReksSL5mBLRKmLRZ1fg.html]
[www.youtube.com/intl/en_in/creators/safety/index.html]
[www.youtube.com/intl/ALL_in/howyoutubeworks/policies/community-guidelines/index.html]
[www.youtube.com/android-app_/com.google.android.youtube/http/youtube.comhttp_/www.youtube.com/playlistacc7.html]
[www.youtube.com/ios-app_/544007664/http/youtube.comhttp_/www.youtube.com/playlist.8acacc7.delayed]
[www.youtube.com/playlistacc7.html]
[www.youtube.com/android-app_/com.google.android.youtube/http/youtube.comhttp_/www.youtube.com/playlist5edd.html]
[www.youtube.com/ios-app_/544007664/http/youtube.comhttp_/www.youtube.com/playlist.8b15edd.delayed]
[www.youtube.com/playlist5edd.html]
[www.youtube.com/channel/android-app_/com.google.android.youtube/http/www.youtube.com/channel/UC1NJu6ecBwCYWIOJbARYnIA.html]
[www.youtube.com/channel/ios-app_/544007664/vnd.youtube/www.youtube.com/channel/UC1NJu6ecBwCYWIOJbARYnIA.html]
[www.youtube.com/channel/android-app_/com.google.android.youtube/http/www.youtube.com/channel/UCBR8-60-B28hp2BmDPdntcQ.8b4.delayed]
[www.youtube.com/channel/ios-app_/544007664/vnd.youtube/www.youtube.com/channel/UCBR8-60-B28hp2BmDPdntcQ.8b6.delayed]
[www.youtube.com/channel/UCBR8-60-B28hp2BmDPdntcQ.html]
[www.youtube.com/android-app_/com.google.android.youtube/http/www.youtube.com/channel/UCBR8-60-B28hp2BmDPdntcQ.html]
[www.youtube.com/ios-app_/544007664/vnd.youtube/www.youtube.com/channel/UCBR8-60-B28hp2BmDPdntcQ.html]
[www.youtube.com/channel/android-app_/com.google.android.youtube/http/www.youtube.com/channel/UChIGU8b4l5cj6i5D9REsqdg.html]
[www.youtube.com/channel/ios-app_/544007664/vnd.youtube/www.youtube.com/channel/UChIGU8b4l5cj6i5D9REsqdg.html]
[www.youtube.com/c/android-app_/com.google.android.youtube/http/www.youtube.com/channel/android-app_/com.google.android.youtube/http/www.youtube.com/channel/android-app_/com.google.android.yo/UCjaFblyfqwCBM1-_t2Q9jl]
[www.youtube.com/c/android-app_/com.google.android.youtube/http/www.youtube.com/channel/android-app_/com.google.android.youtube/http/www.youtube.com/channel/ios-app_/544007664/vnd.youtube/www/UCjaFblyfqwCBM1-_t2Q9jl]
[www.youtube.com/c/android-app_/com.google.android.youtube/http/www.youtube.com/channel/ios-app_/544007664/vnd.youtube/www.youtube.com/channel/android-app_/com.google.android.youtube/http/www/UCjaFblyfqwCBM1-_t2Q9jl]
[www.youtube.com/c/android-app_/com.google.android.youtube/http/www.youtube.com/channel/ios-app_/544007664/vnd.youtube/www.youtube.com/channel/ios-app_/544007664/vnd.youtube/www.youtube.com/c/UCjaFblyfqwCBM1-_t2Q9jl]
[www.youtube.com/t/terms_paidservicec0fd.html]
[www.youtube.com/t/terms_nexus_tablet.html]
[www.youtube.com/t/terms_paidservicec6fe.html]
[www.youtube.com/t/termsda97.html]
[www.youtube.com/channel/android-app_/com.google.android.youtube/http/www.youtube.com/channel/UCLMtjmKyB2ORHx2A06crsmQ.html]
[www.youtube.com/channel/ios-app_/544007664/vnd.youtube/www.youtube.com/channel/UCLMtjmKyB2ORHx2A06crsmQ.html]
[www.youtube.com/channel/android-app_/com.google.android.youtube/http/www.youtube.com/channel/UCKZozRVHRYsYHGEyNKuhhdA.html]
[www.youtube.com/channel/ios-app_/544007664/vnd.youtube/www.youtube.com/channel/UCKZozRVHRYsYHGEyNKuhhdA.html]
[www.youtube.com/channel/android-app_/com.google.android.youtube/http/www.youtube.com/channel/UC_hK9fOxyy_TM8FJGXIyG8Q.html]
[www.youtube.com/channel/ios-app_/544007664/vnd.youtube/www.youtube.com/channel/UC_hK9fOxyy_TM8FJGXIyG8Q.html]
[www.youtube.com/channel/android-app_/com.google.android.youtube/http/www.youtube.com/channel/UCk2U-Oqn7RXf-ydPqfSxG5g.html]
[www.youtube.com/channel/ios-app_/544007664/vnd.youtube/www.youtube.com/channel/UCk2U-Oqn7RXf-ydPqfSxG5g.html]
[www.youtube.com/channel/android-app_/com.google.android.youtube/http/www.youtube.com/channel/UCUnmH8N8k4E7y3dKfCzDKKg.html]
[www.youtube.com/channel/ios-app_/544007664/vnd.youtube/www.youtube.com/channel/UCUnmH8N8k4E7y3dKfCzDKKg.html]
[www.youtube.com/channel/android-app_/com.google.android.youtube/http/www.youtube.com/channel/UCDogdKl7t7NHzQ95aEwkdMw.html]
[www.youtube.com/channel/ios-app_/544007664/vnd.youtube/www.youtube.com/channel/UCDogdKl7t7NHzQ95aEwkdMw.html]
[www.youtube.com/channel/android-app_/com.google.android.youtube/http/www.youtube.com/channel/UCzl0OrB3-ehunyotIQvK77A.html]
[www.youtube.com/channel/ios-app_/544007664/vnd.youtube/www.youtube.com/channel/UCzl0OrB3-ehunyotIQvK77A.html]
[www.youtube.com/channel/android-app_/com.google.android.youtube/http/www.youtube.com/channel/UCpJRmMTfdv0iPbnjo6qBw_g.html]
[www.youtube.com/channel/ios-app_/544007664/vnd.youtube/www.youtube.com/channel/UCpJRmMTfdv0iPbnjo6qBw_g.html]
[www.youtube.com/channel/android-app_/com.google.android.youtube/http/www.youtube.com/channel/UCKnMcgDLxDeq9HqUgLhtYbQ.html]
[www.youtube.com/channel/ios-app_/544007664/vnd.youtube/www.youtube.com/channel/UCKnMcgDLxDeq9HqUgLhtYbQ.html]
[www.youtube.com/channel/android-app_/com.google.android.youtube/http/www.youtube.com/channel/UC4ncvgh5hFr5O83MH7-jRJg.html]
[www.youtube.com/channel/ios-app_/544007664/vnd.youtube/www.youtube.com/channel/UC4ncvgh5hFr5O83MH7-jRJg.html]
[www.youtube.com/channel/android-app_/com.google.android.youtube/http/www.youtube.com/channel/UChG8nxeVTk6jQJyH-_TG7xw.html]
[www.youtube.com/channel/ios-app_/544007664/vnd.youtube/www.youtube.com/channel/UChG8nxeVTk6jQJyH-_TG7xw.html]
[www.youtube.com/channel/android-app_/com.google.android.youtube/http/www.youtube.com/channel/UCI-8QMy9n3I5Pv6mTmXoAXA.html]
[www.youtube.com/channel/ios-app_/544007664/vnd.youtube/www.youtube.com/channel/UCI-8QMy9n3I5Pv6mTmXoAXA.html]
[www.youtube.com/channel/android-app_/com.google.android.youtube/http/www.youtube.com/channel/UCb2GCoLSBXjmI_Qj1vk-44g.html]
[www.youtube.com/channel/ios-app_/544007664/vnd.youtube/www.youtube.com/channel/UCb2GCoLSBXjmI_Qj1vk-44g.html]
[www.youtube.com/channel/android-app_/com.google.android.youtube/http/www.youtube.com/channel/UCu0yQD7NFMyLu_-TmKa4Hqg.html]
[www.youtube.com/channel/ios-app_/544007664/vnd.youtube/www.youtube.com/channel/UCu0yQD7NFMyLu_-TmKa4Hqg.html]
[www.youtube.com/channel/android-app_/com.google.android.youtube/http/www.youtube.com/channel/UCP4cc9slwfk7942HXYlSKPg.html]
[www.youtube.com/channel/ios-app_/544007664/vnd.youtube/www.youtube.com/channel/UCP4cc9slwfk7942HXYlSKPg.html]
[www.youtube.com/channel/android-app_/com.google.android.youtube/http/www.youtube.com/channel/UCwSxSJqGpSRpEsq5-YUbM8g.html]
[www.youtube.com/channel/ios-app_/544007664/vnd.youtube/www.youtube.com/channel/UCwSxSJqGpSRpEsq5-YUbM8g.html]
[www.youtube.com/channel/android-app_/com.google.android.youtube/http/www.youtube.com/channel/UCfSUSGxsZBBE3o8bCQpqYgw.html]
[www.youtube.com/channel/ios-app_/544007664/vnd.youtube/www.youtube.com/channel/UCfSUSGxsZBBE3o8bCQpqYgw.html]
[www.youtube.com/channel/android-app_/com.google.android.youtube/http/www.youtube.com/channel/UC5H_lY2y5X3zhjy5KTez-vQ.html]
[www.youtube.com/channel/ios-app_/544007664/vnd.youtube/www.youtube.com/channel/UC5H_lY2y5X3zhjy5KTez-vQ.html]
[www.youtube.com/channel/android-app_/com.google.android.youtube/http/www.youtube.com/channel/UCVOTBwF0vnSxMRIbfSE_K_g.html]
[www.youtube.com/channel/ios-app_/544007664/vnd.youtube/www.youtube.com/channel/UCVOTBwF0vnSxMRIbfSE_K_g.html]
[www.youtube.com/channel/android-app_/com.google.android.youtube/http/www.youtube.com/channel/UCa4FC6a-6g7i0arN__K1W6A.html]
[www.youtube.com/channel/ios-app_/544007664/vnd.youtube/www.youtube.com/channel/UCa4FC6a-6g7i0arN__K1W6A.html]
[www.youtube.com/channel/android-app_/com.google.android.youtube/http/www.youtube.com/channel/UCYC6Vcczj8v-Y5OgpEJTFBw.html]
[www.youtube.com/channel/ios-app_/544007664/vnd.youtube/www.youtube.com/channel/UCYC6Vcczj8v-Y5OgpEJTFBw.html]
[www.youtube.com/channel/android-app_/com.google.android.youtube/http/www.youtube.com/channel/UCebC4x5l2-PQxg46Ucv9CsA.html]
[www.youtube.com/channel/ios-app_/544007664/vnd.youtube/www.youtube.com/channel/UCebC4x5l2-PQxg46Ucv9CsA.html]
[www.youtube.com/channel/android-app_/com.google.android.youtube/http/www.youtube.com/channel/UCcl4x-1l61b4mI3HnnmoxOg.html]
[www.youtube.com/channel/ios-app_/544007664/vnd.youtube/www.youtube.com/channel/UCcl4x-1l61b4mI3HnnmoxOg.html]
[www.youtube.com/intl/ALL_au/howyoutubeworks/ai/empowering-creators/index.html]
[www.youtube.com/intl/ALL_au/howyoutubeworks/kids-and-teens/youth-principles/index.html]
[www.youtube.com/intl/ALL_au/howyoutubeworks/kids-and-teens/advisory-committee/index.html]
[www.youtube.com/channel/android-app_/com.google.android.youtube/http/www.youtube.com/channel/UCibTRXCGW9o16HjUODtvTVQ.8c6.delayed]
[www.youtube.com/channel/ios-app_/544007664/vnd.youtube/www.youtube.com/channel/UCibTRXCGW9o16HjUODtvTVQ.8c8.delayed]
[www.youtube.com/channel/UCibTRXCGW9o16HjUODtvTVQ.html]
[www.youtube.com/android-app_/com.google.android.youtube/http/www.youtube.com/channel/UCibTRXCGW9o16HjUODtvTVQ.html]
[www.youtube.com/ios-app_/544007664/vnd.youtube/www.youtube.com/channel/UCibTRXCGW9o16HjUODtvTVQ.html]
[www.youtube.com/channel/android-app_/com.google.android.youtube/http/www.youtube.com/channel/UC_EshLIDgTK_PQ6EC5VIY8A.8cc.delayed]
[www.youtube.com/channel/ios-app_/544007664/vnd.youtube/www.youtube.com/channel/UC_EshLIDgTK_PQ6EC5VIY8A.8ce.delayed]
[www.youtube.com/channel/UC_EshLIDgTK_PQ6EC5VIY8A.html]
[www.youtube.com/android-app_/com.google.android.youtube/http/www.youtube.com/channel/UC_EshLIDgTK_PQ6EC5VIY8A.html]
[www.youtube.com/ios-app_/544007664/vnd.youtube/www.youtube.com/channel/UC_EshLIDgTK_PQ6EC5VIY8A.html]
[www.youtube.com/channel/android-app_/com.google.android.youtube/http/www.youtube.com/channel/UCw4G4L-F-mD5zMljpvc2gtA.8d2.delayed]
[www.youtube.com/channel/ios-app_/544007664/vnd.youtube/www.youtube.com/channel/UCw4G4L-F-mD5zMljpvc2gtA.8d4.delayed]
[www.youtube.com/channel/UCw4G4L-F-mD5zMljpvc2gtA.html]
[www.youtube.com/android-app_/com.google.android.youtube/http/www.youtube.com/channel/UCw4G4L-F-mD5zMljpvc2gtA.html]
[www.youtube.com/ios-app_/544007664/vnd.youtube/www.youtube.com/channel/UCw4G4L-F-mD5zMljpvc2gtA.html]
[www.youtube.com/channel/android-app_/com.google.android.youtube/http/www.youtube.com/channel/UCr0YdpMlGqS8LmQhDzkZv0A.8d8.delayed]
[www.youtube.com/channel/ios-app_/544007664/vnd.youtube/www.youtube.com/channel/UCr0YdpMlGqS8LmQhDzkZv0A.8da.delayed]
[www.youtube.com/channel/UCr0YdpMlGqS8LmQhDzkZv0A.html]
[www.youtube.com/android-app_/com.google.android.youtube/http/www.youtube.com/channel/UCr0YdpMlGqS8LmQhDzkZv0A.html]
[www.youtube.com/ios-app_/544007664/vnd.youtube/www.youtube.com/channel/UCr0YdpMlGqS8LmQhDzkZv0A.html]
[www.youtube.com/channel/android-app_/com.google.android.youtube/http/www.youtube.com/channel/UCn_FAXem2-e3HQvmK-mOH4g.8de.delayed]
[www.youtube.com/channel/ios-app_/544007664/vnd.youtube/www.youtube.com/channel/UCn_FAXem2-e3HQvmK-mOH4g.8e0.delayed]
[www.youtube.com/channel/UCn_FAXem2-e3HQvmK-mOH4g.html]
[www.youtube.com/android-app_/com.google.android.youtube/http/www.youtube.com/channel/UCn_FAXem2-e3HQvmK-mOH4g.html]
[www.youtube.com/ios-app_/544007664/vnd.youtube/www.youtube.com/channel/UCn_FAXem2-e3HQvmK-mOH4g.html]
[www.youtube.com/channel/android-app_/com.google.android.youtube/http/www.youtube.com/channel/UCRU3w2vNPv_6cnKxzgGSTew.8e4.delayed]
[www.youtube.com/channel/ios-app_/544007664/vnd.youtube/www.youtube.com/channel/UCRU3w2vNPv_6cnKxzgGSTew.8e6.delayed]
[www.youtube.com/channel/UCRU3w2vNPv_6cnKxzgGSTew.html]
[www.youtube.com/android-app_/com.google.android.youtube/http/www.youtube.com/channel/UCRU3w2vNPv_6cnKxzgGSTew.html]
[www.youtube.com/ios-app_/544007664/vnd.youtube/www.youtube.com/channel/UCRU3w2vNPv_6cnKxzgGSTew.html]
[www.youtube.com/channel/android-app_/com.google.android.youtube/http/www.youtube.com/channel/UClVrwBHuA2Lnefo3DcbI6Qw.8ea.delayed]
[www.youtube.com/channel/ios-app_/544007664/vnd.youtube/www.youtube.com/channel/UClVrwBHuA2Lnefo3DcbI6Qw.8ec.delayed]
[www.youtube.com/channel/UClVrwBHuA2Lnefo3DcbI6Qw.html]
[www.youtube.com/android-app_/com.google.android.youtube/http/www.youtube.com/channel/UClVrwBHuA2Lnefo3DcbI6Qw.html]
[www.youtube.com/ios-app_/544007664/vnd.youtube/www.youtube.com/channel/UClVrwBHuA2Lnefo3DcbI6Qw.html]
[www.youtube.com/intl/ALL_ca/howyoutubeworks/index.html]
[www.youtube.com/intl/ALL_ca/howyoutubeworks/ai/index.html]
[www.youtube.com/intl/ALL_ca/howyoutubeworks/copyright/index.html]
[www.youtube.com/intl/ALL_ca/howyoutubeworks/creator-economy/index.html]
[www.youtube.com/intl/ALL_ca/howyoutubeworks/elections/index.html]
[www.youtube.com/intl/ALL_ca/howyoutubeworks/kids-and-teens/index.html]
[www.youtube.com/intl/ALL_ca/howyoutubeworks/learning/index.html]
[www.youtube.com/intl/ALL_ca/howyoutubeworks/news/index.html]
[www.youtube.com/intl/ALL_ca/howyoutubeworks/privacy/index.html]
[www.youtube.com/intl/ALL_ca/howyoutubeworks/recommendations/index.html]
[www.youtube.com/intl/ALL_ca/howyoutubeworks/our-policies/index.html]
[www.youtube.com/intl/ALL_ca/howyoutubeworks/ai/empowering-creators/index.html]
[www.youtube.com/intl/ALL_ca/howyoutubeworks/kids-and-teens/youth-principles/index.html]
[www.youtube.com/channel/UCVuLYFJJoGGBO5Tnup11Jdw.html]
[www.youtube.com/feeds/videosd0c9.xml]
[www.youtube.com/android-app_/com.google.android.youtube/http/www.youtube.com/channel/UCVuLYFJJoGGBO5Tnup11Jdw.html]
[www.youtube.com/ios-app_/544007664/vnd.youtube/www.youtube.com/channel/UCVuLYFJJoGGBO5Tnup11Jdw.8f4.delayed]
[www.youtube.com/@techbymidas.html]
[www.youtube.com/feeds/videos7df8.xml]
[www.youtube.com/channel/UCUPVStGvo-fAsoRAdum7yfw.html]
[www.youtube.com/android-app_/com.google.android.youtube/http/www.youtube.com/channel/UCUPVStGvo-fAsoRAdum7yfw.html]
[www.youtube.com/ios-app_/544007664/vnd.youtube/www.youtube.com/channel/UCUPVStGvo-fAsoRAdum7yfw.8fb.delayed]
[www.youtube.com/@ChaniNattan.html]
[www.youtube.com/channel/UCrh9tOpAY2-Ev5pRssXq2Wg.html]
[www.youtube.com/feeds/videosf6ab.xml]
[www.youtube.com/android-app_/com.google.android.youtube/http/www.youtube.com/channel/UCrh9tOpAY2-Ev5pRssXq2Wg.html]
[www.youtube.com/ios-app_/544007664/vnd.youtube/www.youtube.com/channel/UCrh9tOpAY2-Ev5pRssXq2Wg.902.delayed]
[www.youtube.com/@AlexandraGater.html]
[www.youtube.com/channel/UCWc8CackfCo4q46FpEWBcPg.html]
[www.youtube.com/feeds/videosddf8.xml]
[www.youtube.com/android-app_/com.google.android.youtube/http/www.youtube.com/channel/UCWc8CackfCo4q46FpEWBcPg.html]
[www.youtube.com/ios-app_/544007664/vnd.youtube/www.youtube.com/channel/UCWc8CackfCo4q46FpEWBcPg.909.delayed]
[www.youtube.com/@jeenie.html]
[www.youtube.com/channel/UC5QwYlOxcT1higtcJVGzCCg.html]
[www.youtube.com/feeds/videosda21.xml]
[www.youtube.com/android-app_/com.google.android.youtube/http/www.youtube.com/channel/UC5QwYlOxcT1higtcJVGzCCg.html]
[www.youtube.com/ios-app_/544007664/vnd.youtube/www.youtube.com/channel/UC5QwYlOxcT1higtcJVGzCCg.910.delayed]
[www.youtube.com/@McCannDogs.html]
[www.youtube.com/channel/UCcRsTRCvh3PeR1Yog867hqg.html]
[www.youtube.com/feeds/videos2add.xml]
[www.youtube.com/android-app_/com.google.android.youtube/http/www.youtube.com/channel/UCcRsTRCvh3PeR1Yog867hqg.html]
[www.youtube.com/ios-app_/544007664/vnd.youtube/www.youtube.com/channel/UCcRsTRCvh3PeR1Yog867hqg.917.delayed]
[www.youtube.com/@midasmvmt.html]
[www.youtube.com/feeds/videos4117.xml]
[www.youtube.com/channel/UC3Uv6kBh55Jx0Ou0C7-Gudg.html]
[www.youtube.com/android-app_/com.google.android.youtube/http/www.youtube.com/channel/UC3Uv6kBh55Jx0Ou0C7-Gudg.html]
[www.youtube.com/ios-app_/544007664/vnd.youtube/www.youtube.com/channel/UC3Uv6kBh55Jx0Ou0C7-Gudg.91e.delayed]
[www.youtube.com/@Miaplays.html]
[www.youtube.com/channel/UCa-ZgzdNQYDOet7t_yrcPHw.html]
[www.youtube.com/feeds/videosd41d.xml]
[www.youtube.com/android-app_/com.google.android.youtube/http/www.youtube.com/channel/UCa-ZgzdNQYDOet7t_yrcPHw.html]
[www.youtube.com/ios-app_/544007664/vnd.youtube/www.youtube.com/channel/UCa-ZgzdNQYDOet7t_yrcPHw.925.delayed]
[www.youtube.com/@Kouman.html]
[www.youtube.com/intl/fr_ca/howyoutubeworks/index.html]
[www.youtube.com/intl/fr_ca/howyoutubeworks/ai/index.html]
[www.youtube.com/intl/fr_ca/howyoutubeworks/copyright/index.html]
[www.youtube.com/intl/fr_ca/howyoutubeworks/creator-economy/index.html]
[www.youtube.com/intl/fr_ca/howyoutubeworks/ai/empowering-creators/index.html]
[www.youtube.com/intl/fr_ca/howyoutubeworks/elections/index.html]
[www.youtube.com/intl/fr_ca/howyoutubeworks/kids-and-teens/index.html]
[www.youtube.com/intl/fr_ca/howyoutubeworks/learning/index.html]
[www.youtube.com/intl/fr_ca/howyoutubeworks/news/index.html]
[www.youtube.com/intl/fr_ca/howyoutubeworks/privacy/index.html]
[www.youtube.com/intl/fr_ca/howyoutubeworks/recommendations/index.html]
[www.youtube.com/intl/fr_ca/howyoutubeworks/our-policies/index.html]
[www.youtube.com/intl/fr_ca/howyoutubeworks/kids-and-teens/youth-principles/index.html]
[www.youtube.com/intl/fr_ca/howyoutubeworks/kids-and-teens/advisory-committee/index.html]
[www.youtube.com/channel/UCwL9_LxuPEfkWA0v7E0G-uw.html]
[www.youtube.com/feeds/videos00ad.xml]
[www.youtube.com/android-app_/com.google.android.youtube/http/www.youtube.com/channel/UCwL9_LxuPEfkWA0v7E0G-uw.html]
[www.youtube.com/ios-app_/544007664/vnd.youtube/www.youtube.com/channel/UCwL9_LxuPEfkWA0v7E0G-uw.92d.delayed]
[www.youtube.com/@shahinouest.html]
[www.youtube.com/channel/UCQgovvTTLPxAazVQE6X2ivQ.html]
[www.youtube.com/feeds/videos374f.xml]
[www.youtube.com/android-app_/com.google.android.youtube/http/www.youtube.com/channel/UCQgovvTTLPxAazVQE6X2ivQ.html]
[www.youtube.com/ios-app_/544007664/vnd.youtube/www.youtube.com/channel/UCQgovvTTLPxAazVQE6X2ivQ.934.delayed]
[www.youtube.com/@Fredzmusicc.html]
[www.youtube.com/channel/UCMHqohIwUQf4oEXTFoXTu1g.html]
[www.youtube.com/feeds/videos9758.xml]
[www.youtube.com/android-app_/com.google.android.youtube/http/www.youtube.com/channel/UCMHqohIwUQf4oEXTFoXTu1g.html]
[www.youtube.com/ios-app_/544007664/vnd.youtube/www.youtube.com/channel/UCMHqohIwUQf4oEXTFoXTu1g.93b.delayed]
[www.youtube.com/@Lapetitebette.html]
[www.youtube.com/channel/UC71wXCoTvVy63AW2s0jdwvw.html]
[www.youtube.com/feeds/videosb5e7.xml]
[www.youtube.com/android-app_/com.google.android.youtube/http/www.youtube.com/channel/UC71wXCoTvVy63AW2s0jdwvw.html]
[www.youtube.com/ios-app_/544007664/vnd.youtube/www.youtube.com/channel/UC71wXCoTvVy63AW2s0jdwvw.942.delayed]
[www.youtube.com/@Gurky.html]
[www.youtube.com/channel/UCu4ik9G1180gq0Ag0eA0YeQ.html]
[www.youtube.com/feeds/videos0308.xml]
[www.youtube.com/android-app_/com.google.android.youtube/http/www.youtube.com/channel/UCu4ik9G1180gq0Ag0eA0YeQ.html]
[www.youtube.com/ios-app_/544007664/vnd.youtube/www.youtube.com/channel/UCu4ik9G1180gq0Ag0eA0YeQ.949.delayed]
[www.youtube.com/@alybrassard.html]
[www.youtube.com/intl/en_be/howyoutubeworks/index.html]
[www.youtube.com/intl/en_be/howyoutubeworks/ai/index.html]
[www.youtube.com/intl/en_be/howyoutubeworks/copyright/index.html]
[www.youtube.com/intl/en_be/howyoutubeworks/creator-economy/index.html]
[www.youtube.com/intl/en_be/howyoutubeworks/elections/index.html]
[www.youtube.com/intl/en_be/howyoutubeworks/kids-and-teens/index.html]
[www.youtube.com/intl/en_be/howyoutubeworks/learning/index.html]
[www.youtube.com/intl/en_be/howyoutubeworks/news/index.html]
[www.youtube.com/intl/en_be/howyoutubeworks/privacy/index.html]
[www.youtube.com/intl/en_be/howyoutubeworks/recommendations/index.html]
[www.youtube.com/intl/en_be/howyoutubeworks/our-policies/index.html]
[www.youtube.com/intl/en_be/howyoutubeworks/kids-and-teens/youth-principles/index.html]
[www.youtube.com/intl/en_be/howyoutubeworks/ai/empowering-creators/index.html]
[www.youtube.com/intl/en_be/howyoutubeworks/kids-and-teens/advisory-committee/index.html]
[www.youtube.com/channel/UCzrwDTU6gomqaAV8Wxr6G5g.html]
[www.youtube.com/feeds/videos17a6.xml]
[www.youtube.com/android-app_/com.google.android.youtube/http/www.youtube.com/channel/UCzrwDTU6gomqaAV8Wxr6G5g.html]
[www.youtube.com/ios-app_/544007664/vnd.youtube/www.youtube.com/channel/UCzrwDTU6gomqaAV8Wxr6G5g.950.delayed]
[www.youtube.com/@wurzelwerk.html]
[www.youtube.com/channel/UC43IWjQLZgyPTbhkFS-xh4Q.html]
[www.youtube.com/feeds/videos13dd.xml]
[www.youtube.com/android-app_/com.google.android.youtube/http/www.youtube.com/channel/UC43IWjQLZgyPTbhkFS-xh4Q.html]
[www.youtube.com/ios-app_/544007664/vnd.youtube/www.youtube.com/channel/UC43IWjQLZgyPTbhkFS-xh4Q.957.delayed]
[www.youtube.com/@LYYNK_OFF.html]
[www.youtube.com/channel/UCoBVPh4f6Pd2eeSbUhqfn1Q.html]
[www.youtube.com/feeds/videosb2dd.xml]
[www.youtube.com/android-app_/com.google.android.youtube/http/www.youtube.com/channel/UCoBVPh4f6Pd2eeSbUhqfn1Q.html]
[www.youtube.com/ios-app_/544007664/vnd.youtube/www.youtube.com/channel/UCoBVPh4f6Pd2eeSbUhqfn1Q.95e.delayed]
[www.youtube.com/@7PADUHonzyDedka.html]
[www.youtube.com/channel/UC8KFs307LrTkQCu-P1Fl6dw.html]
[www.youtube.com/feeds/videos8e83.xml]
[www.youtube.com/android-app_/com.google.android.youtube/http/www.youtube.com/channel/UC8KFs307LrTkQCu-P1Fl6dw.html]
[www.youtube.com/ios-app_/544007664/vnd.youtube/www.youtube.com/channel/UC8KFs307LrTkQCu-P1Fl6dw.965.delayed]
[www.youtube.com/@EUMadeSimple.html]
[www.youtube.com/channel/UCa43RopvUywkwQ_sVoKb_Lw.html]
[www.youtube.com/feeds/videosc6c3.xml]
[www.youtube.com/android-app_/com.google.android.youtube/http/www.youtube.com/channel/UCa43RopvUywkwQ_sVoKb_Lw.html]
[www.youtube.com/ios-app_/544007664/vnd.youtube/www.youtube.com/channel/UCa43RopvUywkwQ_sVoKb_Lw.96c.delayed]
[www.youtube.com/@gardinerbrothers.html]
[www.youtube.com/intl/ALL_de/howyoutubeworks/index.html]
[www.youtube.com/intl/ALL_de/howyoutubeworks/ai/index.html]
[www.youtube.com/intl/ALL_de/howyoutubeworks/copyright/index.html]
[www.youtube.com/intl/ALL_de/howyoutubeworks/creator-economy/index.html]
[www.youtube.com/intl/ALL_de/howyoutubeworks/ai/empowering-creators/index.html]
[www.youtube.com/intl/ALL_de/howyoutubeworks/elections/index.html]
[www.youtube.com/intl/ALL_de/howyoutubeworks/kids-and-teens/index.html]
[www.youtube.com/intl/ALL_de/howyoutubeworks/learning/index.html]
[www.youtube.com/intl/ALL_de/howyoutubeworks/news/index.html]
[www.youtube.com/intl/ALL_de/howyoutubeworks/privacy/index.html]
[www.youtube.com/intl/ALL_de/howyoutubeworks/recommendations/index.html]
[www.youtube.com/intl/ALL_de/howyoutubeworks/our-policies/index.html]
[www.youtube.com/intl/ALL_de/howyoutubeworks/kids-and-teens/youth-principles/index.html]
[www.youtube.com/intl/ALL_de/howyoutubeworks/kids-and-teens/advisory-committee/index.html]
[www.youtube.com/channel/UCaURsy4dyscx-4G2aMNKNKw.html]
[www.youtube.com/feeds/videos5b1e.xml]
[www.youtube.com/android-app_/com.google.android.youtube/http/www.youtube.com/channel/UCaURsy4dyscx-4G2aMNKNKw.html]
[www.youtube.com/ios-app_/544007664/vnd.youtube/www.youtube.com/channel/UCaURsy4dyscx-4G2aMNKNKw.974.delayed]
[www.youtube.com/@KikisKitchen.html]
[www.youtube.com/channel/UC_EnhS-vNDc6Eo9nyQHC2YQ.html]
[www.youtube.com/feeds/videos9835.xml]
[www.youtube.com/android-app_/com.google.android.youtube/http/www.youtube.com/channel/UC_EnhS-vNDc6Eo9nyQHC2YQ.html]
[www.youtube.com/ios-app_/544007664/vnd.youtube/www.youtube.com/channel/UC_EnhS-vNDc6Eo9nyQHC2YQ.97b.delayed]
[www.youtube.com/@ZDF.html]
[www.youtube.com/channel/UCTMD22pIImmgGSxddcxXPcg.html]
[www.youtube.com/feeds/videosf6ae.xml]
[www.youtube.com/android-app_/com.google.android.youtube/http/www.youtube.com/channel/UCTMD22pIImmgGSxddcxXPcg.html]
[www.youtube.com/ios-app_/544007664/vnd.youtube/www.youtube.com/channel/UCTMD22pIImmgGSxddcxXPcg.982.delayed]
[www.youtube.com/@Leony.html]
[www.youtube.com/channel/UCy0FxMgGUlRnkxCoNZUNRQQ.html]
[www.youtube.com/feeds/videos6f21.xml]
[www.youtube.com/android-app_/com.google.android.youtube/http/www.youtube.com/channel/UCy0FxMgGUlRnkxCoNZUNRQQ.html]
[www.youtube.com/ios-app_/544007664/vnd.youtube/www.youtube.com/channel/UCy0FxMgGUlRnkxCoNZUNRQQ.989.delayed]
[www.youtube.com/@lehrerschmidt.html]
[www.youtube.com/feeds/videos13d5.xml]
[www.youtube.com/channel/UCOfQ0nZG7YClwNSaL-xULKQ.html]
[www.youtube.com/android-app_/com.google.android.youtube/http/www.youtube.com/channel/UCOfQ0nZG7YClwNSaL-xULKQ.html]
[www.youtube.com/ios-app_/544007664/vnd.youtube/www.youtube.com/channel/UCOfQ0nZG7YClwNSaL-xULKQ.990.delayed]
[www.youtube.com/@HerrAnwalt.html]
[www.youtube.com/@leony-2.html]
[www.youtube.com/intl/ALL_jp/howyoutubeworks/index.html]
[www.youtube.com/intl/ALL_jp/howyoutubeworks/ai/index.html]
[www.youtube.com/intl/ALL_jp/howyoutubeworks/copyright/index.html]
[www.youtube.com/intl/ALL_jp/howyoutubeworks/creator-economy/index.html]
[www.youtube.com/intl/ALL_jp/howyoutubeworks/elections/index.html]
[www.youtube.com/intl/ALL_jp/howyoutubeworks/kids-and-teens/index.html]
[www.youtube.com/intl/ALL_jp/howyoutubeworks/learning/index.html]
[www.youtube.com/intl/ALL_jp/howyoutubeworks/news/index.html]
[www.youtube.com/intl/ALL_jp/howyoutubeworks/privacy/index.html]
[www.youtube.com/intl/ALL_jp/howyoutubeworks/recommendations/index.html]
[www.youtube.com/intl/ALL_jp/howyoutubeworks/our-policies/index.html]
[www.youtube.com/intl/ALL_jp/howyoutubeworks/ai/empowering-creators/index.html]
[www.youtube.com/intl/ALL_jp/howyoutubeworks/kids-and-teens/youth-principles/index.html]
[www.youtube.com/intl/ALL_jp/howyoutubeworks/kids-and-teens/advisory-committee/index.html]
[www.youtube.com/channel/UC7ly4Q6oT3rcdOKQcQVvMgg.html]
[www.youtube.com/feeds/videos246a.xml]
[www.youtube.com/android-app_/com.google.android.youtube/http/www.youtube.com/channel/UC7ly4Q6oT3rcdOKQcQVvMgg.html]
[www.youtube.com/ios-app_/544007664/vnd.youtube/www.youtube.com/channel/UC7ly4Q6oT3rcdOKQcQVvMgg.999.delayed]
[www.youtube.com/@passlabo.html]
[www.youtube.com/channel/UCljYHFazflmGaDr5Lo90KmA.html]
[www.youtube.com/feeds/videos2885.xml]
[www.youtube.com/android-app_/com.google.android.youtube/http/www.youtube.com/channel/UCljYHFazflmGaDr5Lo90KmA.html]
[www.youtube.com/ios-app_/544007664/vnd.youtube/www.youtube.com/channel/UCljYHFazflmGaDr5Lo90KmA.9a0.delayed]
[www.youtube.com/@SUSHIRAMEN-Riku.html]
[www.youtube.com/feeds/videos29a7.xml]
[www.youtube.com/channel/UCquKQ87U-_9WNFwjJfCJzgA.html]
[www.youtube.com/android-app_/com.google.android.youtube/http/www.youtube.com/channel/UCquKQ87U-_9WNFwjJfCJzgA.html]
[www.youtube.com/ios-app_/544007664/vnd.youtube/www.youtube.com/channel/UCquKQ87U-_9WNFwjJfCJzgA.9a7.delayed]
[www.youtube.com/@seasar04.html]
[www.youtube.com/channel/UC8yHePe_RgUBE-waRWy6olw.html]
[www.youtube.com/feeds/videosdc9f.xml]
[www.youtube.com/android-app_/com.google.android.youtube/http/www.youtube.com/channel/UC8yHePe_RgUBE-waRWy6olw.html]
[www.youtube.com/ios-app_/544007664/vnd.youtube/www.youtube.com/channel/UC8yHePe_RgUBE-waRWy6olw.9ae.delayed]
[www.youtube.com/@pivot00.html]
[www.youtube.com/channel/UCriL9o4WlGQvTQw_pZ4ZqIQ.html]
[www.youtube.com/feeds/videos1b1a.xml]
[www.youtube.com/android-app_/com.google.android.youtube/http/www.youtube.com/channel/UCriL9o4WlGQvTQw_pZ4ZqIQ.html]
[www.youtube.com/ios-app_/544007664/vnd.youtube/www.youtube.com/channel/UCriL9o4WlGQvTQw_pZ4ZqIQ.9b5.delayed]
[www.youtube.com/@musicawardsjapanceipa.html]
[www.youtube.com/intl/ALL_kr/howyoutubeworks/index.html]
[www.youtube.com/intl/ALL_kr/howyoutubeworks/ai/index.html]
[www.youtube.com/intl/ALL_kr/howyoutubeworks/copyright/index.html]
[www.youtube.com/intl/ALL_kr/howyoutubeworks/creator-economy/index.html]
[www.youtube.com/intl/ALL_kr/howyoutubeworks/elections/index.html]
[www.youtube.com/intl/ALL_kr/howyoutubeworks/kids-and-teens/index.html]
[www.youtube.com/intl/ALL_kr/howyoutubeworks/learning/index.html]
[www.youtube.com/intl/ALL_kr/howyoutubeworks/news/index.html]
[www.youtube.com/intl/ALL_kr/howyoutubeworks/privacy/index.html]
[www.youtube.com/intl/ALL_kr/howyoutubeworks/recommendations/index.html]
[www.youtube.com/intl/ALL_kr/howyoutubeworks/our-policies/index.html]
[www.youtube.com/@1MILLIONDanceStudioofficial.html]
[www.youtube.com/intl/ALL_kr/howyoutubeworks/ai/empowering-creators/index.html]
[www.youtube.com/intl/ALL_kr/howyoutubeworks/kids-and-teens/advisory-committee/index.html]
[www.youtube.com/intl/ALL_kr/howyoutubeworks/kids-and-teens/youth-principles/index.html]
[www.youtube.com/feeds/videose73b.xml]
[www.youtube.com/channel/UCcdwLMPsaU2ezNSJU1nFoBQ.html]
[www.youtube.com/android-app_/com.google.android.youtube/http/www.youtube.com/channel/UCcdwLMPsaU2ezNSJU1nFoBQ.html]
[www.youtube.com/ios-app_/544007664/vnd.youtube/www.youtube.com/channel/UCcdwLMPsaU2ezNSJU1nFoBQ.9bc.delayed]
[www.youtube.com/@Pinkfong.html]
[www.youtube.com/channel/UCdrBnBNLsN4_cH32HWbr9qg.html]
[www.youtube.com/feeds/videosf2c7.xml]
[www.youtube.com/android-app_/com.google.android.youtube/http/www.youtube.com/channel/UCdrBnBNLsN4_cH32HWbr9qg.html]
[www.youtube.com/ios-app_/544007664/vnd.youtube/www.youtube.com/channel/UCdrBnBNLsN4_cH32HWbr9qg.9c3.delayed]
[www.youtube.com/@GH.html]
[www.youtube.com/channel/UC9kmlDcqksaOnCkC_qzGacA.html]
[www.youtube.com/feeds/videosbd5c.xml]
[www.youtube.com/android-app_/com.google.android.youtube/http/www.youtube.com/channel/UC9kmlDcqksaOnCkC_qzGacA.html]
[www.youtube.com/ios-app_/544007664/vnd.youtube/www.youtube.com/channel/UC9kmlDcqksaOnCkC_qzGacA.9ca.delayed]
[www.youtube.com/@RISABAE.html]
[www.youtube.com/feeds/videos7752.xml]
[www.youtube.com/channel/UCMc4EmuDxnHPc6pgGW-QWvQ.html]
[www.youtube.com/android-app_/com.google.android.youtube/http/www.youtube.com/channel/UCMc4EmuDxnHPc6pgGW-QWvQ.html]
[www.youtube.com/ios-app_/544007664/vnd.youtube/www.youtube.com/channel/UCMc4EmuDxnHPc6pgGW-QWvQ.9d1.delayed]
[www.youtube.com/@Unrealscience.html]
[www.youtube.com/@í¼ì§ì»¬ê°¤ë¬ë¦¬.html]
[www.youtube.com/@ê¹¡ì¤íì¼ë¦¬ì¤í¸.html]
[www.youtube.com/@ì°¸.html]
[www.youtube.com/intl/ALL_uk/howyoutubeworks/index.html]
[www.youtube.com/intl/ALL_uk/howyoutubeworks/ai/index.html]
[www.youtube.com/intl/ALL_uk/howyoutubeworks/copyright/index.html]
[www.youtube.com/intl/ALL_uk/howyoutubeworks/creator-economy/index.html]
[www.youtube.com/intl/ALL_uk/howyoutubeworks/elections/index.html]
[www.youtube.com/intl/ALL_uk/howyoutubeworks/kids-and-teens/index.html]
[www.youtube.com/intl/ALL_uk/howyoutubeworks/learning/index.html]
[www.youtube.com/intl/ALL_uk/howyoutubeworks/news/index.html]
[www.youtube.com/intl/ALL_uk/howyoutubeworks/privacy/index.html]
[www.youtube.com/intl/ALL_uk/howyoutubeworks/recommendations/index.html]
[www.youtube.com/intl/ALL_uk/howyoutubeworks/our-policies/index.html]
[www.youtube.com/intl/ALL_uk/howyoutubeworks/ai/empowering-creators/index.html]
[www.youtube.com/intl/ALL_uk/howyoutubeworks/kids-and-teens/youth-principles/index.html]
[www.youtube.com/intl/ALL_uk/howyoutubeworks/kids-and-teens/advisory-committee/index.html]
[www.youtube.com/feeds/videos4ff8.xml]
[www.youtube.com/channel/UCisy6taOAeLfyaCqcMQDfig.html]
[www.youtube.com/android-app_/com.google.android.youtube/http/www.youtube.com/channel/UCisy6taOAeLfyaCqcMQDfig.html]
[www.youtube.com/ios-app_/544007664/vnd.youtube/www.youtube.com/channel/UCisy6taOAeLfyaCqcMQDfig.9d8.delayed]
[www.youtube.com/@maxklymenko.html]
[www.youtube.com/channel/UCyQ-DUV6lZgoL8wiPusYiUg.html]
[www.youtube.com/feeds/videos2e0f.xml]
[www.youtube.com/android-app_/com.google.android.youtube/http/www.youtube.com/channel/UCyQ-DUV6lZgoL8wiPusYiUg.html]
[www.youtube.com/ios-app_/544007664/vnd.youtube/www.youtube.com/channel/UCyQ-DUV6lZgoL8wiPusYiUg.9df.delayed]
[www.youtube.com/@AmeliaDimoldenberg.html]
[www.youtube.com/channel/UCFvDMQ0DRm0Jjp6XaukjJSA.html]
[www.youtube.com/feeds/videosc6f0.xml]
[www.youtube.com/android-app_/com.google.android.youtube/http/www.youtube.com/channel/UCFvDMQ0DRm0Jjp6XaukjJSA.html]
[www.youtube.com/ios-app_/544007664/vnd.youtube/www.youtube.com/channel/UCFvDMQ0DRm0Jjp6XaukjJSA.9e6.delayed]
[www.youtube.com/@MattGreenJGM.html]
[www.youtube.com/channel/UCOf6pX571cKC0rhOZqv2y7Q.html]
[www.youtube.com/feeds/videos5863.xml]
[www.youtube.com/android-app_/com.google.android.youtube/http/www.youtube.com/channel/UCOf6pX571cKC0rhOZqv2y7Q.html]
[www.youtube.com/ios-app_/544007664/vnd.youtube/www.youtube.com/channel/UCOf6pX571cKC0rhOZqv2y7Q.9ed.delayed]
[www.youtube.com/beabadoobee.html]
[www.youtube.com/channel/UCSMqateX8OA2s1wsOR2EgJA.html]
[www.youtube.com/feeds/videos91af.xml]
[www.youtube.com/android-app_/com.google.android.youtube/http/www.youtube.com/channel/UCSMqateX8OA2s1wsOR2EgJA.html]
[www.youtube.com/ios-app_/544007664/vnd.youtube/www.youtube.com/channel/UCSMqateX8OA2s1wsOR2EgJA.9f4.delayed]
[www.youtube.com/@TLDRnews.html]
[www.youtube.com/intl/ALL_br/howyoutubeworks/index.html]
[www.youtube.com/intl/ALL_br/howyoutubeworks/ai/index.html]
[www.youtube.com/intl/ALL_br/howyoutubeworks/copyright/index.html]
[www.youtube.com/intl/ALL_br/howyoutubeworks/creator-economy/index.html]
[www.youtube.com/intl/ALL_br/howyoutubeworks/elections/index.html]
[www.youtube.com/intl/ALL_br/howyoutubeworks/kids-and-teens/index.html]
[www.youtube.com/intl/ALL_br/howyoutubeworks/learning/index.html]
[www.youtube.com/intl/ALL_br/howyoutubeworks/news/index.html]
[www.youtube.com/intl/ALL_br/howyoutubeworks/privacy/index.html]
[www.youtube.com/intl/ALL_br/howyoutubeworks/recommendations/index.html]
[www.youtube.com/intl/ALL_br/howyoutubeworks/our-policies/index.html]
[www.youtube.com/@ChefOtto.html]
[www.youtube.com/intl/ALL_br/howyoutubeworks/ai/empowering-creators/index.html]
[www.youtube.com/intl/ALL_br/howyoutubeworks/kids-and-teens/youth-principles/index.html]
[www.youtube.com/intl/ALL_br/howyoutubeworks/kids-and-teens/advisory-committee/index.html]
[www.youtube.com/channel/UCnRxhDE44UzWRfvfSs58q5Q.html]
[www.youtube.com/feeds/videos94d0.xml]
[www.youtube.com/android-app_/com.google.android.youtube/http/www.youtube.com/channel/UCnRxhDE44UzWRfvfSs58q5Q.html]
[www.youtube.com/ios-app_/544007664/vnd.youtube/www.youtube.com/channel/UCnRxhDE44UzWRfvfSs58q5Q.9fb.delayed]
[www.youtube.com/@quadrilhastvcanal.html]
[www.youtube.com/channel/UCWh6Rqp-mO38iPJbAVNflvQ.html]
[www.youtube.com/feeds/videos731c.xml]
[www.youtube.com/android-app_/com.google.android.youtube/http/www.youtube.com/channel/UCWh6Rqp-mO38iPJbAVNflvQ.html]
[www.youtube.com/ios-app_/544007664/vnd.youtube/www.youtube.com/channel/UCWh6Rqp-mO38iPJbAVNflvQ.a02.delayed]
[www.youtube.com/@suamusica.html]
[www.youtube.com/@JosÃ©TotoyPortuguÃªs.html]
[www.youtube.com/channel/UCzAhrXRwNLDRenxBqi8y86Q.html]
[www.youtube.com/feeds/videosbe25.xml]
[www.youtube.com/android-app_/com.google.android.youtube/http/www.youtube.com/channel/UCzAhrXRwNLDRenxBqi8y86Q.html]
[www.youtube.com/ios-app_/544007664/vnd.youtube/www.youtube.com/channel/UCzAhrXRwNLDRenxBqi8y86Q.a09.delayed]
[www.youtube.com/@FramAlvesunhas.html]
[www.youtube.com/channel/UCG-eghyORxNrzSG8FkAWKyw.html]
[www.youtube.com/feeds/videosf44a.xml]
[www.youtube.com/user/android-app_/com.google.android.youtube/http/www.youtube.com/channel/UCG-eghyORxNrzSG8FkAWKyw.a0e.delayed]
[www.youtube.com/user/ios-app_/544007664/vnd.youtube/www.youtube.com/channel/UCG-eghyORxNrzSG8FkAWKyw.a10.delayed]
[www.youtube.com/user/jubilut.html]
[www.youtube.com/channel/UC70mr11REaCqgKke7DPJoLg.html]
[www.youtube.com/feeds/videos5772.xml]
[www.youtube.com/android-app_/com.google.android.youtube/http/www.youtube.com/channel/UC70mr11REaCqgKke7DPJoLg.html]
[www.youtube.com/ios-app_/544007664/vnd.youtube/www.youtube.com/channel/UC70mr11REaCqgKke7DPJoLg.a17.delayed]
[www.youtube.com/@pgdinamica.html]
[www.youtube.com/channel/UCL9aTJb0ur4sovxcppAopEw.html]
[www.youtube.com/feeds/videose61d.xml]
[www.youtube.com/android-app_/com.google.android.youtube/http/www.youtube.com/channel/UCL9aTJb0ur4sovxcppAopEw.html]
[www.youtube.com/ios-app_/544007664/vnd.youtube/www.youtube.com/channel/UCL9aTJb0ur4sovxcppAopEw.a1e.delayed]
[www.youtube.com/@inoxtag.html]
[www.youtube.com/feeds/videos028d.xml]
[www.youtube.com/channel/UCCTuFofVWD9uORhQqgn-d7Q.html]
[www.youtube.com/android-app_/com.google.android.youtube/http/www.youtube.com/channel/UCCTuFofVWD9uORhQqgn-d7Q.html]
[www.youtube.com/ios-app_/544007664/vnd.youtube/www.youtube.com/channel/UCCTuFofVWD9uORhQqgn-d7Q.a25.delayed]
[www.youtube.com/@Inasociete.html]
[www.youtube.com/channel/UCLemmOzGbJqOz_pSVVPAMaA.html]
[www.youtube.com/feeds/videos0666.xml]
[www.youtube.com/android-app_/com.google.android.youtube/http/www.youtube.com/channel/UCLemmOzGbJqOz_pSVVPAMaA.html]
[www.youtube.com/ios-app_/544007664/vnd.youtube/www.youtube.com/channel/UCLemmOzGbJqOz_pSVVPAMaA.a2c.delayed]
[www.youtube.com/@believeglobal.html]
[www.youtube.com/channel/UC-E7qrQ2Q1poO9WKnFF3Elg.html]
[www.youtube.com/feeds/videosbb87.xml]
[www.youtube.com/android-app_/com.google.android.youtube/http/www.youtube.com/channel/UC-E7qrQ2Q1poO9WKnFF3Elg.html]
[www.youtube.com/ios-app_/544007664/vnd.youtube/www.youtube.com/channel/UC-E7qrQ2Q1poO9WKnFF3Elg.a33.delayed]
[www.youtube.com/@mathildestudy.html]
[www.youtube.com/intl/ALL_id/howyoutubeworks/progress-impact/impact/index.html]
[www.youtube.com/channel/android-app_/com.google.android.youtube/http/www.youtube.com/channel/UC0rzsIrAxF4kCsALP6J2EsA.a36.delayed]
[www.youtube.com/channel/ios-app_/544007664/vnd.youtube/www.youtube.com/channel/UC0rzsIrAxF4kCsALP6J2EsA.a38.delayed]
[www.youtube.com/channel/UC0rzsIrAxF4kCsALP6J2EsA.html]
[www.youtube.com/android-app_/com.google.android.youtube/http/www.youtube.com/channel/UC0rzsIrAxF4kCsALP6J2EsA.html]
[www.youtube.com/ios-app_/544007664/vnd.youtube/www.youtube.com/channel/UC0rzsIrAxF4kCsALP6J2EsA.html]
[www.youtube.com/channel/android-app_/com.google.android.youtube/http/www.youtube.com/channel/UCY1bGdpom5tXC9M8-Ahu8dQ.a3c.delayed]
[www.youtube.com/channel/ios-app_/544007664/vnd.youtube/www.youtube.com/channel/UCY1bGdpom5tXC9M8-Ahu8dQ.a3e.delayed]
[www.youtube.com/channel/UCY1bGdpom5tXC9M8-Ahu8dQ.html]
[www.youtube.com/android-app_/com.google.android.youtube/http/www.youtube.com/channel/UCY1bGdpom5tXC9M8-Ahu8dQ.html]
[www.youtube.com/ios-app_/544007664/vnd.youtube/www.youtube.com/channel/UCY1bGdpom5tXC9M8-Ahu8dQ.html]
[www.youtube.com/channel/android-app_/com.google.android.youtube/http/www.youtube.com/channel/UCH9AFSwY4WqgHoCLG2XIveg.a42.delayed]
[www.youtube.com/channel/ios-app_/544007664/vnd.youtube/www.youtube.com/channel/UCH9AFSwY4WqgHoCLG2XIveg.a44.delayed]
[www.youtube.com/channel/UCH9AFSwY4WqgHoCLG2XIveg.html]
[www.youtube.com/android-app_/com.google.android.youtube/http/www.youtube.com/channel/UCH9AFSwY4WqgHoCLG2XIveg.html]
[www.youtube.com/ios-app_/544007664/vnd.youtube/www.youtube.com/channel/UCH9AFSwY4WqgHoCLG2XIveg.html]
[www.youtube.com/channel/android-app_/com.google.android.youtube/http/www.youtube.com/channel/UCatpv2M0zqBC9Xq1Qdb-YLw.a48.delayed]
[www.youtube.com/channel/ios-app_/544007664/vnd.youtube/www.youtube.com/channel/UCatpv2M0zqBC9Xq1Qdb-YLw.a4a.delayed]
[www.youtube.com/channel/UCatpv2M0zqBC9Xq1Qdb-YLw.html]
[www.youtube.com/android-app_/com.google.android.youtube/http/www.youtube.com/channel/UCatpv2M0zqBC9Xq1Qdb-YLw.html]
[www.youtube.com/ios-app_/544007664/vnd.youtube/www.youtube.com/channel/UCatpv2M0zqBC9Xq1Qdb-YLw.html]
[www.youtube.com/channel/android-app_/com.google.android.youtube/http/www.youtube.com/channel/UCTH2fnE15t_SDeaLGkcLZ3Q.a4e.delayed]
[www.youtube.com/channel/ios-app_/544007664/vnd.youtube/www.youtube.com/channel/UCTH2fnE15t_SDeaLGkcLZ3Q.a50.delayed]
[www.youtube.com/channel/UCTH2fnE15t_SDeaLGkcLZ3Q.html]
[www.youtube.com/android-app_/com.google.android.youtube/http/www.youtube.com/channel/UCTH2fnE15t_SDeaLGkcLZ3Q.html]
[www.youtube.com/ios-app_/544007664/vnd.youtube/www.youtube.com/channel/UCTH2fnE15t_SDeaLGkcLZ3Q.html]
[www.youtube.com/channel/android-app_/com.google.android.youtube/http/www.youtube.com/channel/UCLQPSvXV6b4QMt9GHSJ-X_A.a54.delayed]
[www.youtube.com/channel/ios-app_/544007664/vnd.youtube/www.youtube.com/channel/UCLQPSvXV6b4QMt9GHSJ-X_A.a56.delayed]
[www.youtube.com/channel/UCLQPSvXV6b4QMt9GHSJ-X_A.html]
[www.youtube.com/android-app_/com.google.android.youtube/http/www.youtube.com/channel/UCLQPSvXV6b4QMt9GHSJ-X_A.html]
[www.youtube.com/ios-app_/544007664/vnd.youtube/www.youtube.com/channel/UCLQPSvXV6b4QMt9GHSJ-X_A.html]
[www.youtube.com/channel/android-app_/com.google.android.youtube/http/www.youtube.com/channel/UCKwM-7sO1_Tw9EmYhKfpBBw.a5a.delayed]
[www.youtube.com/channel/ios-app_/544007664/vnd.youtube/www.youtube.com/channel/UCKwM-7sO1_Tw9EmYhKfpBBw.a5c.delayed]
[www.youtube.com/channel/UCKwM-7sO1_Tw9EmYhKfpBBw.html]
[www.youtube.com/android-app_/com.google.android.youtube/http/www.youtube.com/channel/UCKwM-7sO1_Tw9EmYhKfpBBw.html]
[www.youtube.com/ios-app_/544007664/vnd.youtube/www.youtube.com/channel/UCKwM-7sO1_Tw9EmYhKfpBBw.html]
[www.youtube.com/channel/android-app_/com.google.android.youtube/http/www.youtube.com/channel/UCfECR0XVFoy3DunTSQC-E-g.a60.delayed]
[www.youtube.com/channel/ios-app_/544007664/vnd.youtube/www.youtube.com/channel/UCfECR0XVFoy3DunTSQC-E-g.a62.delayed]
[www.youtube.com/channel/UCfECR0XVFoy3DunTSQC-E-g.html]
[www.youtube.com/android-app_/com.google.android.youtube/http/www.youtube.com/channel/UCfECR0XVFoy3DunTSQC-E-g.html]
[www.youtube.com/ios-app_/544007664/vnd.youtube/www.youtube.com/channel/UCfECR0XVFoy3DunTSQC-E-g.html]
[www.youtube.com/channel/android-app_/com.google.android.youtube/http/www.youtube.com/channel/UClrMJRlvoyoWsVlB-7c61PQ.a66.delayed]
[www.youtube.com/channel/ios-app_/544007664/vnd.youtube/www.youtube.com/channel/UClrMJRlvoyoWsVlB-7c61PQ.a68.delayed]
[www.youtube.com/channel/UClrMJRlvoyoWsVlB-7c61PQ.html]
[www.youtube.com/android-app_/com.google.android.youtube/http/www.youtube.com/channel/UClrMJRlvoyoWsVlB-7c61PQ.html]
[www.youtube.com/ios-app_/544007664/vnd.youtube/www.youtube.com/channel/UClrMJRlvoyoWsVlB-7c61PQ.html]
[www.youtube.com/channel/android-app_/com.google.android.youtube/http/www.youtube.com/channel/UCIJwWYOfsCfz6PjxbONYXSg.a6c.delayed]
[www.youtube.com/channel/ios-app_/544007664/vnd.youtube/www.youtube.com/channel/UCIJwWYOfsCfz6PjxbONYXSg.a6e.delayed]
[www.youtube.com/channel/UCIJwWYOfsCfz6PjxbONYXSg.html]
[www.youtube.com/android-app_/com.google.android.youtube/http/www.youtube.com/channel/UCIJwWYOfsCfz6PjxbONYXSg.html]
[www.youtube.com/ios-app_/544007664/vnd.youtube/www.youtube.com/channel/UCIJwWYOfsCfz6PjxbONYXSg.html]
[www.youtube.com/channel/android-app_/com.google.android.youtube/http/www.youtube.com/channel/UCPD_bxCRGpmmeQcbe2kpPaA.a72.delayed]
[www.youtube.com/channel/ios-app_/544007664/vnd.youtube/www.youtube.com/channel/UCPD_bxCRGpmmeQcbe2kpPaA.a74.delayed]
[www.youtube.com/channel/UCPD_bxCRGpmmeQcbe2kpPaA.html]
[www.youtube.com/android-app_/com.google.android.youtube/http/www.youtube.com/channel/UCPD_bxCRGpmmeQcbe2kpPaA.html]
[www.youtube.com/ios-app_/544007664/vnd.youtube/www.youtube.com/channel/UCPD_bxCRGpmmeQcbe2kpPaA.html]
[www.youtube.com/channel/android-app_/com.google.android.youtube/http/www.youtube.com/channel/UC071KjEQUoDUe3FvDU6j02Q.a78.delayed]
[www.youtube.com/channel/ios-app_/544007664/vnd.youtube/www.youtube.com/channel/UC071KjEQUoDUe3FvDU6j02Q.a7a.delayed]
[www.youtube.com/channel/UC071KjEQUoDUe3FvDU6j02Q.html]
[www.youtube.com/android-app_/com.google.android.youtube/http/www.youtube.com/channel/UC071KjEQUoDUe3FvDU6j02Q.html]
[www.youtube.com/ios-app_/544007664/vnd.youtube/www.youtube.com/channel/UC071KjEQUoDUe3FvDU6j02Q.html]
[www.youtube.com/android-app_/com.google.android.youtube/http/youtube.comhttp_/www.youtube.com/playlist002c.html]
[www.youtube.com/ios-app_/544007664/http/youtube.comhttp_/www.youtube.com/playlist002c.html]
[www.youtube.com/android-app_/com.google.android.youtube/http/ios-app_/544007664/vnd.youtube/www.youtube.com/channel/ios-app_/544007664/vnd.youtube/www.youtube.com/channel/android-app_/com.go/UCjaFblyfqwCBM1-_t2Q9jl]
[www.youtube.com/android-app_/com.google.android.youtube/http/ios-app_/544007664/vnd.youtube/www.youtube.com/channel/ios-app_/544007664/vnd.youtube/www.youtube.com/channel/ios-app_/544007664//UCjaFblyfqwCBM1-_t2Q9jl]
[www.youtube.com/channel/android-app_/com.google.android.youtube/http/www.youtube.com/channel/UCt7PIwo9G4g-K-Ji5B1Jc5g.html]
[www.youtube.com/channel/ios-app_/544007664/vnd.youtube/www.youtube.com/channel/UCt7PIwo9G4g-K-Ji5B1Jc5g.html]
[www.youtube.com/static/media/images/home/mobile-hero/android-app_/com.google.android.youtube/http/www.youtube.com/channel/android-app_/com.google.android.youtube/http/www.youtube.com/channel/UCt7PIwo9G4g-K-Ji5B1Jc5]
[www.youtube.com/static/media/images/home/mobile-hero/android-app_/com.google.android.youtube/http/www.youtube.com/channel/ios-app_/544007664/vnd.youtube/www.youtube.com/channel/UCt7PIwo9G4g-K-Ji5B1Jc5g.html]
[www.youtube.com/static/media/images/home/mobile-hero/ios-app_/544007664/vnd.youtube/www.youtube.com/channel/android-app_/com.google.android.youtube/http/www.youtube.com/channel/UCt7PIwo9G4g-K-Ji5B1Jc5g.html]
[www.youtube.com/static/media/images/home/mobile-hero/ios-app_/544007664/vnd.youtube/www.youtube.com/channel/ios-app_/544007664/vnd.youtube/www.youtube.com/channel/UCt7PIwo9G4g-K-Ji5B1Jc5g.html]
[www.youtube.com/embed/QOOw2E_qAsE390b.html]
[www.youtube.com/trends/articles/coming-out-videos-nikkietutorials/index.html]
[www.youtube.com/embed/NpTExshOGpY390b.html]
[www.youtube.com/trends/articles/stay-home-day-in-the-life/index.html]
[www.youtube.com/trends/articles/elden-ring-launch-story/index.html]
[www.youtube.com/trends/2021.html]
[www.youtube.com/trends/articles/2020-youtube-music-stats/index.html]
[www.youtube.com/trends/articles/on-the-rise-handcam-videos/index.html]
[www.youtube.com/trends/articles/-like-and-describe-podcast-vtubers/index.html]
[www.youtube.com/trends/articles/2020-youtube-gaming-stats/index.html]
[www.youtube.com/embed/8_igTYoM_VI390b.html]
[www.youtube.com/trends/articles/retrogaming-community-1000x-growth/index.html]
[www.youtube.com/trends/articles/fitness-community-in-depth/index.html]
[www.youtube.com/embed/R9hv6NsWndM390b.html]
[www.youtube.com/trends/articles/spc-foundation-youtube-trends/index.html]
[www.youtube.com/embed/I_1I3ZLUUKE390b.html]
[www.youtube.com/trends/articles/stay-home-distance-learning/index.html]
[www.youtube.com/trends/articles/the-dream-smp-modern-epic/index.html]
[www.youtube.com/embed/G3VTVnLLsGU390b.html]
[www.youtube.com/trends/articles/stay-home-face-mask-sewing-tutorials/index.html]
[www.youtube.com/embed/mbX2e2CopSE390b.html]
[www.youtube.com/channel/UCAxW1XT0iEJo0TYlRfn6rYQ.html]
[www.youtube.com/watche265.html]
[www.youtube.com/watch91fc.html]
[www.youtube.com/watchaa32.html]
[www.youtube.com/channel/UCVl6ZdslZz2Zj-34bMJFPbg.html]
[www.youtube.com/channel/UCDUlDJcPPOOQK-3UrxEyhAQ/videos.html]
[www.youtube.com/channel/UCpQ34afVgk8cRQBjSJ1xuJQ.html]
[www.youtube.com/user/KozakSportsPerform/featured.html]
[www.youtube.com/user/ChloesAddiction/featured.html]
[www.youtube.com/watch018e.html]
[www.youtube.com/trends/articles/stay-home-workout-at-home/index.html]
[www.youtube.com/watch2ce3.html]
[www.youtube.com/watcha023.html]
[www.youtube.com/embed/oq2Rz2I11l0390b.html]
[www.youtube.com/trends/articles/garena-free-fire-five-fast-facts/index.html]
[www.youtube.com/embed/-iQEKtOd6cM390b.html]
[www.youtube.com/watchde71.html]
[www.youtube.com/trends/articles/stay-home-sourdough-tutorials/index.html]
[www.youtube.com/trends/articles/covid-impact/index.html]
[www.youtube.com/trends/articles/community-spotlight-speedrunning/index.html]
[www.youtube.com/channel/UCbxtF9IpNoYXcw0kz5Qhnhw.html]
[www.youtube.com/channel/UCv5gQgP_uGbJxImWVoUC_Ng.html]
[www.youtube.com/watch5010.html]
[www.youtube.com/embed/v2jdVXRTQuI390b.html]
[www.youtube.com/c/MrDsb.html]
[www.youtube.com/embed/fRP8o96effA390b.html]
[www.youtube.com/watchad29.html]
[www.youtube.com/c/TheFamousFilms.html]
[www.youtube.com/embed/SM8LgPJ3jlg390b.html]
[www.youtube.com/c/LogicProXGaming/featured.html]
[www.youtube.com/trends/articles/minecraft-1t-cultural-expression/index.html]
[www.youtube.com/embed/i5VzQbyAN9g390b.html]
[www.youtube.com/trends/static/deep-dive/hey-guys/assets/emma.mp4]
[www.youtube.com/trends/static/compiled/guys.mina627.js]
[www.youtube.com/trends/articles/hey-guys/index.html]
[www.youtube.com/trends/static/compiled/index.minefec.css]
[www.youtube.com/trends/static/compiled/report.min.css]
[www.youtube.com/trends/static/deep-dive/youtube-aesthetics/assets/images/flower-tile-2.jpg]
[www.youtube.com/trends/static/deep-dive/youtube-aesthetics/assets/images/vapor.jpg]
[www.youtube.com/trends/static/deep-dive/youtube-aesthetics/assets/images/old-paper.jpg]
[www.youtube.com/trends/static/deep-dive/youtube-aesthetics/assets/images/y2k.jpg]
[www.youtube.com/trends/static/deep-dive/youtube-aesthetics/assets/images/dark-academia.jpg]
[www.youtube.com/trends/static/deep-dive/youtube-aesthetics/assets/images/book-cover-2.jpg]
[www.youtube.com/trends/static/deep-dive/youtube-aesthetics/assets/images/paper.jpg]
[www.youtube.com/trends/static/deep-dive/youtube-aesthetics/assets/images/flourish-2.png]
[i.ytimg.com/vi/K-a8s8OLBSE/maxresdefault.jpg]
[www.youtube.com/trends/static/compiled/aesthetics.min87c5.css]
[www.youtube.com/android-app_/com.google.android.youtube/http/www.youtube.com/watcha152.html]
[www.youtube.com/ios-app_/544007664/vnd.youtube/www.youtube.com/watch.ab8a152.delayed]
[www.youtube.com/oembede36c.json]
[www.youtube.com/oembed8bbe]
[i.ytimg.com/vi/3dCnwRDDBZw/maxresdefault.jpg]
[www.youtube.com/embed/3dCnwRDDBZw.html]
[www.youtube.com/@LIMC.html]
[i.ytimg.com/vi/3dCnwRDDBZw/hqdefault.jpg]
[www.youtube.com/watcha152.html]
[www.youtube.com/results09d5.html]
[www.youtube.com/embed/6yvfU8xK_VQ390b.html]
[www.youtube.com/watch018a.html]
[www.youtube.com/embed/HcNvWfGyoso390b.html]
[www.youtube.com/embed/YTrJ_w2qEFk390b.html]
[www.youtube.com/trends/articles/among-us-september/index.html]
[www.youtube.com/embed/32s6iS9ihpA390b.html]
[www.youtube.com/embed/LKxewamUrIc390b.html]
[www.youtube.com/watch09fe.html]
[www.youtube.com/feeds/videosae0f.xml]
[www.youtube.com/channel/android-app_/com.google.android.youtube/http/www.youtube.com/channel/UCOe_y6KKvS3PdIfb9q9pGug.aca.delayed]
[www.youtube.com/channel/ios-app_/544007664/vnd.youtube/www.youtube.com/channel/UCOe_y6KKvS3PdIfb9q9pGug.acc.delayed]
[www.youtube.com/channel/UCOe_y6KKvS3PdIfb9q9pGug.html]
[www.youtube.com/feeds/videosc449.xml]
[www.youtube.com/channel/android-app_/com.google.android.youtube/http/www.youtube.com/channel/UCwWhs_6x42TyRM4Wstoq8HA.ad0.delayed]
[www.youtube.com/channel/ios-app_/544007664/vnd.youtube/www.youtube.com/channel/UCwWhs_6x42TyRM4Wstoq8HA.ad2.delayed]
[www.youtube.com/channel/UCwWhs_6x42TyRM4Wstoq8HA.html]
[www.youtube.com/android-app_/com.google.android.youtube/http/www.youtube.com/watcha5cb.html]
[www.youtube.com/ios-app_/544007664/vnd.youtube/www.youtube.com/watch.ad7a5cb.delayed]
[www.youtube.com/watcha5cb.html]
[www.youtube.com/feeds/videos0797.xml]
[www.youtube.com/channel/android-app_/com.google.android.youtube/http/www.youtube.com/channel/UCYJdpnjuSWVOLgGT9fIzL0g.adc.delayed]
[www.youtube.com/channel/ios-app_/544007664/vnd.youtube/www.youtube.com/channel/UCYJdpnjuSWVOLgGT9fIzL0g.ade.delayed]
[www.youtube.com/channel/UCYJdpnjuSWVOLgGT9fIzL0g.html]
[www.youtube.com/feeds/videosf6a8.xml]
[www.youtube.com/channel/android-app_/com.google.android.youtube/http/www.youtube.com/channel/UCcuLSr4UhAU8Rdegc264srg.ae2.delayed]
[www.youtube.com/channel/ios-app_/544007664/vnd.youtube/www.youtube.com/channel/UCcuLSr4UhAU8Rdegc264srg.ae4.delayed]
[www.youtube.com/channel/UCcuLSr4UhAU8Rdegc264srg.html]
[www.youtube.com/feeds/videos9398.xml]
[www.youtube.com/channel/android-app_/com.google.android.youtube/http/www.youtube.com/channel/UCNepEAWZH0TBu7dkxIbluDw.ae8.delayed]
[www.youtube.com/channel/ios-app_/544007664/vnd.youtube/www.youtube.com/channel/UCNepEAWZH0TBu7dkxIbluDw.aea.delayed]
[www.youtube.com/channel/UCNepEAWZH0TBu7dkxIbluDw.html]
[www.youtube.com/embed/HPJKxAhLw5I390b.html]
[www.youtube.com/watch9988.html]
[www.youtube.com/channel/UCX6OQ3DkcsbYNE6H8uQQuVA.html]
[www.youtube.com/trends/articles/team-trees-plants-20-million-trees/index.html]
[www.youtube.com/user/onemeeeliondollars.html]
[www.youtube.com/watch8be5.html]
[www.youtube.com/embed/7oIsAv2i3Js390b.html]
[www.youtube.com/watch8ea6.html]
[www.youtube.com/embed/yQVMGEsYDhc390b.html]
[www.youtube.com/watchffe3.html]
[www.youtube.com/channel/UCShWWbQXLQRSzncnDm51JtQ.html]
[www.youtube.com/channel/UCg4XK-l40KZD7fLi12pJ1YA.html]
[www.youtube.com/channel/UCj-wTLj0p0YvTkS-9-ACm0A.html]
[www.youtube.com/channel/UCIYIqgRv_yexwamrVb7Va7Q.html]
[www.youtube.com/trends/articles/rust-and-egoland/index.html]
[www.youtube.com/embed/xMR-WlwbxyU390b.html]
[www.youtube.com/trends/articles/report-sources/index.html]
[www.youtube.com/trends/articles/technoblade-never-dies-video/index.html]
[www.youtube.com/trends/articles/international-cat-day-2022/index.html]
[www.youtube.com/trends/articles/minecraft-1t-derivakat/index.html]
[www.youtube.com/trends/articles/yoga-community/index.html]
[www.youtube.com/embed/R_fZjGm2OrM390b.html]
[www.youtube.com/android-app_/com.google.android.youtube/http/www.youtube.com/watchf125.html]
[www.youtube.com/ios-app_/544007664/vnd.youtube/www.youtube.com/watch.afef125.delayed]
[www.youtube.com/oembed6d97.json]
[www.youtube.com/oembed7a99]
[i.ytimg.com/vi/TqsmW3oO4UM/maxresdefault.jpg]
[www.youtube.com/@CoffeeFuelledGenius.html]
[www.youtube.com/embed/TqsmW3oO4UM.html]
[i.ytimg.com/vi/TqsmW3oO4UM/hqdefault.jpg]
[www.youtube.com/watchf125.html]
[www.youtube.com/android-app_/com.google.android.youtube/http/www.youtube.com/watch7acb.html]
[www.youtube.com/ios-app_/544007664/vnd.youtube/www.youtube.com/watch.b0a7acb.delayed]
[www.youtube.com/watch7acb.html]
[www.youtube.com/android-app_/com.google.android.youtube/http/www.youtube.com/watch58f2.html]
[www.youtube.com/ios-app_/544007664/vnd.youtube/www.youtube.com/watch.b1058f2.delayed]
[www.youtube.com/oembeda476.json]
[www.youtube.com/oembeda99a]
[i.ytimg.com/vi/sHFeuBlBUos/maxresdefault.jpg]
[www.youtube.com/embed/sHFeuBlBUos.html]
[www.youtube.com/@alanbecker.html]
[i.ytimg.com/vi/sHFeuBlBUos/hqdefault.jpg]
[www.youtube.com/watch58f2.html]
[www.youtube.com/channel/UCEnqwW6f7bYidXHAI13hhMA.html]
[www.youtube.com/feeds/videos8d1c.xml]
[www.youtube.com/c/android-app_/com.google.android.youtube/http/www.youtube.com/channel/UCEnqwW6f7bYidXHAI13hhMA.html]
[www.youtube.com/c/ios-app_/544007664/vnd.youtube/www.youtube.com/channel/UCEnqwW6f7bYidXHAI13hhMA.b1e.delayed]
[www.youtube.com/c/JakeFellman.html]
[www.youtube.com/android-app_/com.google.android.youtube/http/www.youtube.com/watchaa7e.html]
[www.youtube.com/ios-app_/544007664/vnd.youtube/www.youtube.com/watch.b23aa7e.delayed]
[www.youtube.com/oembed5eb4.json]
[www.youtube.com/oembedc348]
[i.ytimg.com/vi/n702ZqKYudQ/maxresdefault.jpg]
[www.youtube.com/embed/n702ZqKYudQ.html]
[www.youtube.com/@jschlattLIVE.html]
[i.ytimg.com/vi/n702ZqKYudQ/hqdefault.jpg]
[www.youtube.com/watchaa7e.html]
[www.youtube.com/android-app_/com.google.android.youtube/http/www.youtube.com/watchfbfa.html]
[www.youtube.com/ios-app_/544007664/vnd.youtube/www.youtube.com/watch.b2ffbfa.delayed]
[www.youtube.com/oembed4f7b.json]
[www.youtube.com/oembedb60f]
[i.ytimg.com/vi/rWJlMuElWY0/maxresdefault.jpg]
[www.youtube.com/@CallMeCarsonLIVE.html]
[www.youtube.com/embed/rWJlMuElWY0.html]
[i.ytimg.com/vi/rWJlMuElWY0/hqdefault.jpg]
[www.youtube.com/watchfbfa.html]
[www.youtube.com/android-app_/com.google.android.youtube/http/youtube.comhttp_/www.youtube.com/playlist532f.html]
[www.youtube.com/ios-app_/544007664/http/youtube.comhttp_/www.youtube.com/playlist.b3b532f.delayed]
[www.youtube.com/playlist532f.html]
[www.youtube.com/android-app_/com.google.android.youtube/http/www.youtube.com/watch3f5e.html]
[www.youtube.com/ios-app_/544007664/vnd.youtube/www.youtube.com/watch.b403f5e.delayed]
[www.youtube.com/oembed4158.json]
[www.youtube.com/oembed61fb]
[i.ytimg.com/vi/7h3rieDKRtw/maxresdefault.jpg]
[www.youtube.com/embed/7h3rieDKRtw.html]
[www.youtube.com/@BuildCraft23.html]
[i.ytimg.com/vi/7h3rieDKRtw/hqdefault.jpg]
[www.youtube.com/watch3f5e.html]
[www.youtube.com/android-app_/com.google.android.youtube/http/www.youtube.com/watch1354.html]
[www.youtube.com/ios-app_/544007664/vnd.youtube/www.youtube.com/watch.b4c1354.delayed]
[www.youtube.com/oembed156e.json]
[www.youtube.com/oembedbb9f]
[i.ytimg.com/vi/yCNUP2NAt-A/maxresdefault.jpg]
[www.youtube.com/@SquaredMediaYT.html]
[www.youtube.com/embed/yCNUP2NAt-A.html]
[i.ytimg.com/vi/yCNUP2NAt-A/hqdefault.jpg]
[www.youtube.com/watch1354.html]
[www.youtube.com/watch13a4.html]
[www.youtube.com/embed/knHejfHJKtc390b.html]
[www.youtube.com/channel/UC-J69_lkam--1V2wDU3aggg.html]
[www.youtube.com/watchedc2.html]
[www.youtube.com/embed/HlBJbKHeU00390b.html]
[www.youtube.com/c/InfiniteDrift.html]
[www.youtube.com/playliste572.html]
[www.youtube.com/channel/UCzF0i37bQNFYwzSh3GVsTkA.html]
[www.youtube.com/embed/b5awNWktScQ390b.html]
[www.youtube.com/c/watchedwalker/featured.html]
[www.youtube.com/c/KelpieTheFox/featured.html]
[www.youtube.com/embed/dI-DJdBTseI390b.html]
[www.youtube.com/watch4619.html]
[www.youtube.com/watchd7bd.html]
[www.youtube.com/c/TrixyBlox/featured.html]
[www.youtube.com/trends/articles/minecraft-1t-chillin-vibin/index.html]
[www.youtube.com/trends/articles/report-sources-tr20/index.html]
[www.youtube.com/embed/VmFwf6CXbdc390b.html]
[www.youtube.com/trends/static/compiled/with.minb62c.css]
[www.youtube.com/results01ac.html]
[www.youtube.com/results45ac.html]
[www.youtube.com/results8d4b.html]
[www.youtube.com/results35ff.html]
[www.youtube.com/results76d6.html]
[www.youtube.com/resultsd87e.html]
[www.youtube.com/results74c6.html]
[www.youtube.com/results95ed.html]
[www.youtube.com/resultsd82c.html]
[www.youtube.com/results5b4f.html]
[www.youtube.com/resultsd3ac.html]
[www.youtube.com/trends/static/deep-dive/with-me-interactive/images/interaction.svg]
[www.youtube.com/resultsea3a.html]
[www.youtube.com/resultsd6ab.html]
[www.youtube.com/resultse5d3.html]
[www.youtube.com/results46a3.html]
[www.youtube.com/results07b0.html]
[www.youtube.com/results2c15.html]
[www.youtube.com/resultse80e.html]
[www.youtube.com/resultsc811.html]
[www.youtube.com/results99b9.html]
[www.youtube.com/resultsa25d.html]
[www.youtube.com/results3fa5.html]
[www.youtube.com/results3857.html]
[www.youtube.com/results4795.html]
[www.youtube.com/resultse8fe.html]
[www.youtube.com/results7cc2.html]
[www.youtube.com/channel/UCSVSAF79XotyQpB6rArTCmQ.html]
[www.youtube.com/feeds/videos04eb.xml]
[www.youtube.com/channel/UCSVSAF79XotyQpB6rArTCmQ/android-app_/com.google.android.youtube/http/www.youtube.com/channel/UCSVSAF79XotyQpB6rArTCmQ.html]
[www.youtube.com/channel/UCSVSAF79XotyQpB6rArTCmQ/index.html]
[www.youtube.com/channel/UCSVSAF79XotyQpB6rArTCmQ/ios-app_/544007664/vnd.youtube/www.youtube.com/channel/UCSVSAF79XotyQpB6rArTCmQ.html]
[www.youtube.com/android-app_/com.google.android.youtube/http/www.youtube.com/watch2b8b.html]
[www.youtube.com/ios-app_/544007664/vnd.youtube/www.youtube.com/watch.b8b2b8b.delayed]
[www.youtube.com/oembed8b94.json]
[www.youtube.com/oembeddccd]
[i.ytimg.com/vi/uhqdqj35raI/maxresdefault.jpg]
[www.youtube.com/embed/uhqdqj35raI.html]
[www.youtube.com/@styledbyale.html]
[i.ytimg.com/vi/uhqdqj35raI/hqdefault.jpg]
[www.youtube.com/watch2b8b.html]
[www.youtube.com/android-app_/com.google.android.youtube/http/www.youtube.com/watchf693.html]
[www.youtube.com/ios-app_/544007664/vnd.youtube/www.youtube.com/watch.b97f693.delayed]
[www.youtube.com/oembed9246.json]
[www.youtube.com/oembed0826]
[i.ytimg.com/vi/eRpFy8PG8OQ/maxresdefault.jpg]
[www.youtube.com/embed/eRpFy8PG8OQ.html]
[www.youtube.com/@dagibee.html]
[i.ytimg.com/vi/eRpFy8PG8OQ/hqdefault.jpg]
[www.youtube.com/watchf693.html]
[www.youtube.com/feeds/videos5429.xml]
[www.youtube.com/channel/android-app_/com.google.android.youtube/http/www.youtube.com/channel/UCyG7zAV_2JlPnxhwDxZN6sA.ba2.delayed]
[www.youtube.com/channel/ios-app_/544007664/vnd.youtube/www.youtube.com/channel/UCyG7zAV_2JlPnxhwDxZN6sA.ba4.delayed]
[www.youtube.com/channel/UCyG7zAV_2JlPnxhwDxZN6sA.html]
[www.youtube.com/feeds/videos39af.xml]
[www.youtube.com/channel/android-app_/com.google.android.youtube/http/www.youtube.com/channel/UCsr86khxLo3PUkMKDtvZDyw.ba8.delayed]
[www.youtube.com/channel/ios-app_/544007664/vnd.youtube/www.youtube.com/channel/UCsr86khxLo3PUkMKDtvZDyw.baa.delayed]
[www.youtube.com/channel/UCsr86khxLo3PUkMKDtvZDyw.html]
[www.youtube.com/feeds/videos7d9d.xml]
[www.youtube.com/channel/UCPo70pynefJ90wBqCEryZWg.html]
[www.youtube.com/channel/UCPo70pynefJ90wBqCEryZWg/android-app_/com.google.android.youtube/http/www.youtube.com/channel/UCPo70pynefJ90wBqCEryZWg.html]
[www.youtube.com/channel/UCPo70pynefJ90wBqCEryZWg/featured.html]
[www.youtube.com/channel/UCPo70pynefJ90wBqCEryZWg/ios-app_/544007664/vnd.youtube/www.youtube.com/channel/UCPo70pynefJ90wBqCEryZWg.html]
[www.youtube.com/android-app_/com.google.android.youtube/http/www.youtube.com/watch366c.html]
[www.youtube.com/ios-app_/544007664/vnd.youtube/www.youtube.com/watch.bb6366c.delayed]
[www.youtube.com/watch366c.html]
[www.youtube.com/android-app_/com.google.android.youtube/http/www.youtube.com/watch708c.html]
[www.youtube.com/ios-app_/544007664/vnd.youtube/www.youtube.com/watch.bbc708c.delayed]
[www.youtube.com/watch708c.html]
[www.youtube.com/android-app_/com.google.android.youtube/http/www.youtube.com/watchf72f.html]
[www.youtube.com/ios-app_/544007664/vnd.youtube/www.youtube.com/watch.bc2f72f.delayed]
[www.youtube.com/oembed6e19.json]
[www.youtube.com/oembeddf1f]
[i.ytimg.com/vi/SRsOZ_Jatgg/hqdefault.jpg]
[www.youtube.com/@jhyun_u.html]
[www.youtube.com/watchf72f.html]
[www.youtube.com/embed/SRsOZ_Jatgg390b.html]
[www.youtube.com/embed/SRsOZ_Jatgg.html]
[www.youtube.com/android-app_/com.google.android.youtube/http/www.youtube.com/watch6007.html]
[www.youtube.com/ios-app_/544007664/vnd.youtube/www.youtube.com/watch.bcd6007.delayed]
[www.youtube.com/oembedbbcc.json]
[www.youtube.com/oembeddde1]
[i.ytimg.com/vi/34yXJFpYzNo/maxresdefault.jpg]
[www.youtube.com/embed/34yXJFpYzNo.html]
[www.youtube.com/@zoe_one.html]
[i.ytimg.com/vi/34yXJFpYzNo/hqdefault.jpg]
[www.youtube.com/watch6007.html]
[www.youtube.com/embed/34yXJFpYzNo390b.html]
[www.youtube.com/android-app_/com.google.android.youtube/http/www.youtube.com/watcha574.html]
[www.youtube.com/ios-app_/544007664/vnd.youtube/www.youtube.com/watch.bd9a574.delayed]
[www.youtube.com/oembed1890.json]
[www.youtube.com/oembedda99]
[i.ytimg.com/vi/GK2_2dUxtLI/maxresdefault.jpg]
[www.youtube.com/@juncafevlog.html]
[www.youtube.com/embed/GK2_2dUxtLI.html]
[i.ytimg.com/vi/GK2_2dUxtLI/hqdefault.jpg]
[www.youtube.com/watcha574.html]
[www.youtube.com/embed/GK2_2dUxtLI390b.html]
[www.youtube.com/android-app_/com.google.android.youtube/http/www.youtube.com/watche663.html]
[www.youtube.com/ios-app_/544007664/vnd.youtube/www.youtube.com/watch.be5e663.delayed]
[www.youtube.com/oembed9cbb.json]
[www.youtube.com/oembedddf1]
[i.ytimg.com/vi/ix6A9hdGqzY/maxresdefault.jpg]
[www.youtube.com/@hyeon7825.html]
[www.youtube.com/embed/ix6A9hdGqzY.html]
[i.ytimg.com/vi/ix6A9hdGqzY/hqdefault.jpg]
[www.youtube.com/watche663.html]
[www.youtube.com/embed/ix6A9hdGqzY390b.html]
[www.youtube.com/trends/articles/what-it-means-to-stayhome-on-youtube/index.html]
[www.youtube.com/trends/static/deep-dive/minecraft-trillion/assets/fonts/Minecraft-Tenv2.woff2]
[www.youtube.com/trends/static/deep-dive/minecraft-trillion/assets/fonts/Minecraft-Seven_v2.woff2]
[www.youtube.com/trends/static/deep-dive/minecraft-trillion/assets/images/intro-dark.png]
[www.youtube.com/trends/static/deep-dive/minecraft-trillion/assets/images/intro-grass.png]
[www.youtube.com/trends/static/deep-dive/minecraft-trillion/assets/images/intro-block-initial.png]
[www.youtube.com/trends/static/deep-dive/minecraft-trillion/assets/images/intro-block-repeat.png]
[www.youtube.com/trends/static/deep-dive/minecraft-trillion/assets/images/cube.png]
[www.youtube.com/trends/static/deep-dive/minecraft-trillion/assets/images/diamond_sword.png]
[www.youtube.com/trends/static/compiled/minecraft.min9c6f.css]
[www.youtube.com/watch393b.html]
[www.youtube.com/watch68df.html]
[www.youtube.com/watch09a6.html]
[www.youtube.com/watchc194.html]
[www.youtube.com/c/AyuGaming.html]
[www.youtube.com/c/ayubrazil.html]
[www.youtube.com/c/ForeverPlayer.html]
[www.youtube.com/c/Sam-Mbi.html]
[www.youtube.com/channel/UC7bEKSgQraTJ0USfATkZ-Hw.html]
[www.youtube.com/c/JudyGaming.html]
[www.youtube.com/channel/UCKizsKkBBjuEoY_fgRx-4QQ.html]
[www.youtube.com/channel/UCG0HA4uyuuzPzeq_US_ywVg.html]
[www.youtube.com/channel/UCFGhmTw1Eve6MF31RkRXswA.html]
[www.youtube.com/channel/UC2XbMXD6jSrixkpgs7vHFUA.html]
[www.youtube.com/c/OopsChanny.html]
[www.youtube.com/channel/UCX4N3DioqqrugFeilxTkSIw.html]
[www.youtube.com/c/Dươngrecord.html]
[www.youtube.com/watch6089.html]
[www.youtube.com/c/ZloYxpAvi/featured.html]
[www.youtube.com/c/markiplier.html]
[www.youtube.com/watch8355.html]
[www.youtube.com/c/BobicraftMC.html]
[www.youtube.com/channel/UCvnNkJsbONVhdXuHY_LpsdA.html]
[www.youtube.com/trends/articles/minecraft-1t-global/index.html]
[www.youtube.com/guude.html]
[www.youtube.com/feeds/videos639d.xml]
[www.youtube.com/channel/android-app_/com.google.android.youtube/http/www.youtube.com/channel/UCzYfz8uibvnB7Yc1LjePi4g.c10.delayed]
[www.youtube.com/channel/ios-app_/544007664/vnd.youtube/www.youtube.com/channel/UCzYfz8uibvnB7Yc1LjePi4g.c12.delayed]
[www.youtube.com/channel/UCzYfz8uibvnB7Yc1LjePi4g.html]
[www.youtube.com/feeds/videos1d1d.xml]
[www.youtube.com/channel/android-app_/com.google.android.youtube/http/www.youtube.com/channel/UCOFrSKpT2CFpv8rxSU4nlQg.c16.delayed]
[www.youtube.com/channel/ios-app_/544007664/vnd.youtube/www.youtube.com/channel/UCOFrSKpT2CFpv8rxSU4nlQg.c18.delayed]
[www.youtube.com/channel/UCOFrSKpT2CFpv8rxSU4nlQg.html]
[www.youtube.com/feeds/videosf02e.xml]
[www.youtube.com/channel/android-app_/com.google.android.youtube/http/www.youtube.com/channel/UCAtWPQw_rUROGGjEPSFboIA.c1c.delayed]
[www.youtube.com/channel/ios-app_/544007664/vnd.youtube/www.youtube.com/channel/UCAtWPQw_rUROGGjEPSFboIA.c1e.delayed]
[www.youtube.com/channel/UCAtWPQw_rUROGGjEPSFboIA.html]
[www.youtube.com/feeds/videosfa20.xml]
[www.youtube.com/channel/android-app_/com.google.android.youtube/http/www.youtube.com/channel/UCshoKvlZGZ20rVgazZp5vnQ.c22.delayed]
[www.youtube.com/channel/ios-app_/544007664/vnd.youtube/www.youtube.com/channel/UCshoKvlZGZ20rVgazZp5vnQ.c24.delayed]
[www.youtube.com/channel/UCshoKvlZGZ20rVgazZp5vnQ.html]
[www.youtube.com/feeds/videos1512.xml]
[www.youtube.com/channel/android-app_/com.google.android.youtube/http/www.youtube.com/channel/UCrYnLkVfvVf0Qy0YOUQdk2A.c28.delayed]
[www.youtube.com/channel/ios-app_/544007664/vnd.youtube/www.youtube.com/channel/UCrYnLkVfvVf0Qy0YOUQdk2A.c2a.delayed]
[www.youtube.com/channel/UCrYnLkVfvVf0Qy0YOUQdk2A.html]
[www.youtube.com/feeds/videosb091.xml]
[www.youtube.com/channel/android-app_/com.google.android.youtube/http/www.youtube.com/channel/UC2D-GCxeE69hCUmRwISXABw.c2e.delayed]
[www.youtube.com/channel/ios-app_/544007664/vnd.youtube/www.youtube.com/channel/UC2D-GCxeE69hCUmRwISXABw.c30.delayed]
[www.youtube.com/channel/UC2D-GCxeE69hCUmRwISXABw.html]
[www.youtube.com/feeds/videos5b4c.xml]
[www.youtube.com/channel/android-app_/com.google.android.youtube/http/www.youtube.com/channel/UCo_IB5145EVNcf8hw1Kku7w.c34.delayed]
[www.youtube.com/channel/ios-app_/544007664/vnd.youtube/www.youtube.com/channel/UCo_IB5145EVNcf8hw1Kku7w.c36.delayed]
[www.youtube.com/channel/UCo_IB5145EVNcf8hw1Kku7w.html]
[www.youtube.com/feeds/videos27a3.xml]
[www.youtube.com/channel/android-app_/com.google.android.youtube/http/www.youtube.com/channel/UCJZam2u1G0syq3kyqrCXrNw.c3a.delayed]
[www.youtube.com/channel/ios-app_/544007664/vnd.youtube/www.youtube.com/channel/UCJZam2u1G0syq3kyqrCXrNw.c3c.delayed]
[www.youtube.com/channel/UCJZam2u1G0syq3kyqrCXrNw.html]
[www.youtube.com/feeds/videosc971.xml]
[www.youtube.com/channel/android-app_/com.google.android.youtube/http/www.youtube.com/channel/UC4f1zAG2BTkfOQV4_nFbpBQ.c40.delayed]
[www.youtube.com/channel/ios-app_/544007664/vnd.youtube/www.youtube.com/channel/UC4f1zAG2BTkfOQV4_nFbpBQ.c42.delayed]
[www.youtube.com/channel/UC4f1zAG2BTkfOQV4_nFbpBQ.html]
[www.youtube.com/trends/articles/minecraft-trillion/ââhttps_/www.youtube.com/channel/UCU9pX8hKcrx06XfOB-VQLdw.html]
[www.youtube.com/c/Ihascupquakeplus/videos.html]
[www.youtube.com/watch6593.html]
[www.youtube.com/channel/UC-oleeXG4SNe7yv91Q7s64g.html]
[www.youtube.com/watch367a.html]
[www.youtube.com/trends/articles/minecraft-one-trillion-pioneers/index.html]
[www.youtube.com/channel/UCqg2eLFNUu3QN3dttNeOWkw.html]
[www.youtube.com/embed/thA_T13Wnqo390b.html]
[www.youtube.com/watch31d8.html]
[www.youtube.com/embed/dFZki6TcY4w390b.html]
[www.youtube.com/trends/articles/eoy-2021-methodology-assets/index.html]
[www.youtube.com/watch6354.html]
[www.youtube.com/channel/android-app_/com.google.android.youtube/http/www.youtube.com/channel/UCtNdVINwfYFTQEEZgMiQ8FA.c4c.delayed]
[www.youtube.com/channel/ios-app_/544007664/vnd.youtube/www.youtube.com/channel/UCtNdVINwfYFTQEEZgMiQ8FA.c4e.delayed]
[www.youtube.com/channel/UCtNdVINwfYFTQEEZgMiQ8FA.html]
[www.youtube.com/c/android-app_/com.google.android.youtube/http/www.youtube.com/channel/UCtNdVINwfYFTQEEZgMiQ8FA.html]
[www.youtube.com/c/ios-app_/544007664/vnd.youtube/www.youtube.com/channel/UCtNdVINwfYFTQEEZgMiQ8FA.html]
[www.youtube.com/shorts/android-app_/com.google.android.youtube/http/www.youtube.com/shorts/cGo2HCCea_g.c5220ce.delayed]
[www.youtube.com/shorts/ios-app_/544007664/vnd.youtube/www.youtube.com/shorts/cGo2HCCea_g.c5420ce.delayed]
[www.youtube.com/shorts/cGo2HCCea_g20ce.html]
[www.youtube.com/shorts/android-app_/com.google.android.youtube/http/www.youtube.com/shorts/cGo2HCCea_g.html]
[www.youtube.com/shorts/ios-app_/544007664/vnd.youtube/www.youtube.com/shorts/cGo2HCCea_g.html]
[www.youtube.com/embed/cGo2HCCea_g.html]
[www.youtube.com/android-app_/com.google.android.youtube/http/youtube.comhttp_/www.youtube.com/android-app_/com.google.android.youtube/http/www.youtube.com/channel/android-app_/com.google.and/UCjaFblyfqwCBM1-_t2Q9jl]
[www.youtube.com/android-app_/com.google.android.youtube/http/youtube.comhttp_/www.youtube.com/android-app_/com.google.android.youtube/http/www.youtube.com/channel/ios-app_/544007664/vnd.yout/UCjaFblyfqwCBM1-_t2Q9jl]
[www.youtube.com/android-app_/com.google.android.youtube/http/youtube.comhttp_/www.youtube.com/ios-app_/544007664/vnd.youtube/www.youtube.com/channel/android-app_/com.google.android.youtube/h/UCjaFblyfqwCBM1-_t2Q9jl]
[www.youtube.com/android-app_/com.google.android.youtube/http/youtube.comhttp_/www.youtube.com/ios-app_/544007664/vnd.youtube/www.youtube.com/channel/ios-app_/544007664/vnd.youtube/www.youtub/UCjaFblyfqwCBM1-_t2Q9jl]
[www.youtube.com/shorts/android-app_/com.google.android.youtube/http/www.youtube.com/shorts/5opGptBHhWU20ce.html]
[www.youtube.com/shorts/ios-app_/544007664/vnd.youtube/www.youtube.com/shorts/5opGptBHhWU20ce.html]
[www.youtube.com/shorts/android-app_/com.google.android.youtube/http/www.youtube.com/shorts/iPlNwnJkZFc20ce.html]
[www.youtube.com/shorts/ios-app_/544007664/vnd.youtube/www.youtube.com/shorts/iPlNwnJkZFc20ce.html]
[www.youtube.com/channel/android-app_/com.google.android.youtube/http/www.youtube.com/channel/UCIa6QxmPtInX8ccGEfPA-kg.html]
[www.youtube.com/channel/ios-app_/544007664/vnd.youtube/www.youtube.com/channel/UCIa6QxmPtInX8ccGEfPA-kg.html]
[www.youtube.com/channel/POST.html]
[www.youtube.com/channel/android-app_/com.google.android.youtube/http/www.youtube.com/channel/UCi7TVXyvrIwqeS9tfYD8UDA.html]
[www.youtube.com/channel/ios-app_/544007664/vnd.youtube/www.youtube.com/channel/UCi7TVXyvrIwqeS9tfYD8UDA.html]
[www.youtube.com/android-app_/com.google.android.youtube/http/www.youtube.com/watche1c3.html]
[www.youtube.com/ios-app_/544007664/vnd.youtube/www.youtube.com/watche1c3.html]
[www.youtube.com/intl/en_us/creators/partner-program/shopping/index.html]
[www.youtube.com/feeds/videos8613.xml]
[www.youtube.com/channel/android-app_/com.google.android.youtube/http/www.youtube.com/channel/UCkRfArvrzheW2E7b6SVT7vQ.c59.delayed]
[www.youtube.com/channel/ios-app_/544007664/vnd.youtube/www.youtube.com/channel/UCkRfArvrzheW2E7b6SVT7vQ.c5b.delayed]
[www.youtube.com/channel/UCkRfArvrzheW2E7b6SVT7vQ.html]
[www.youtube.com/channel/UCEDkO7wshcDZ7UZo17rPkzQ.html]
[www.youtube.com/feeds/videos8775.xml]
[www.youtube.com/c/android-app_/com.google.android.youtube/http/www.youtube.com/channel/UCEDkO7wshcDZ7UZo17rPkzQ.html]
[www.youtube.com/c/ios-app_/544007664/vnd.youtube/www.youtube.com/channel/UCEDkO7wshcDZ7UZo17rPkzQ.c62.delayed]
[www.youtube.com/c/hellomayuko.html]
[www.youtube.com/channel/UCVbVao4QtBLarbX01DX9YRg.html]
[www.youtube.com/feeds/videos5d53.xml]
[www.youtube.com/c/android-app_/com.google.android.youtube/http/www.youtube.com/channel/UCVbVao4QtBLarbX01DX9YRg.html]
[www.youtube.com/c/ios-app_/544007664/vnd.youtube/www.youtube.com/channel/UCVbVao4QtBLarbX01DX9YRg.c69.delayed]
[www.youtube.com/c/LasizweDambuza.html]
[www.youtube.com/channel/UC_iWTl1xK3DpGHuvppbHh9w.html]
[www.youtube.com/feeds/videos1a26.xml]
[www.youtube.com/c/android-app_/com.google.android.youtube/http/www.youtube.com/channel/UC_iWTl1xK3DpGHuvppbHh9w.html]
[www.youtube.com/c/ios-app_/544007664/vnd.youtube/www.youtube.com/channel/UC_iWTl1xK3DpGHuvppbHh9w.c70.delayed]
[www.youtube.com/c/DeeperThanHairTv.html]
[www.youtube.com/c/android-app_/com.google.android.youtube/http/www.youtube.com/channel/UCq0EGvLTyy-LLT1oUSO_0FQ.html]
[www.youtube.com/c/ios-app_/544007664/vnd.youtube/www.youtube.com/channel/UCq0EGvLTyy-LLT1oUSO_0FQ.c75.delayed]
[www.youtube.com/c/misterwootube.html]
[www.youtube.com/channel/UC-cnbLlplnXA4oc7rR21qzg.html]
[www.youtube.com/feeds/videosd116.xml]
[www.youtube.com/c/android-app_/com.google.android.youtube/http/www.youtube.com/channel/UC-cnbLlplnXA4oc7rR21qzg.html]
[www.youtube.com/c/ios-app_/544007664/vnd.youtube/www.youtube.com/channel/UC-cnbLlplnXA4oc7rR21qzg.c7c.delayed]
[www.youtube.com/c/SrtaLynaV.html]
[www.youtube.com/feeds/videos7430.xml]
[www.youtube.com/channel/UC28AnQ61wEXxpt3sJay7hQg.html]
[www.youtube.com/c/android-app_/com.google.android.youtube/http/www.youtube.com/channel/UC28AnQ61wEXxpt3sJay7hQg.html]
[www.youtube.com/c/ios-app_/544007664/vnd.youtube/www.youtube.com/channel/UC28AnQ61wEXxpt3sJay7hQg.c83.delayed]
[www.youtube.com/c/TravelerasPeru.html]
[www.youtube.com/intl/en_us/creators/why-be-a-creator/index.html]
[www.youtube.com/channel/UCD9Oybf28FhVdVDG6hwg6Yw.html]
[www.youtube.com/feeds/videos6033.xml]
[www.youtube.com/c/chrisbossiobarber/android-app_/com.google.android.youtube/http/www.youtube.com/channel/UCD9Oybf28FhVdVDG6hwg6Yw.html]
[www.youtube.com/c/chrisbossiobarber/featured.html]
[www.youtube.com/intl/en_us/join/index.html]
[www.youtube.com/channel/UCVC5-Y6ez4sk3mtbUmN-SUQ.html]
[www.youtube.com/c/chrisbossiobarber/ios-app_/544007664/vnd.youtube/www.youtube.com/channel/UCD9Oybf28FhVdVDG6hwg6Yw.html]
[www.youtube.com/feeds/videos08da.xml]
[www.youtube.com/c/CallMeAgent00/android-app_/com.google.android.youtube/http/www.youtube.com/channel/UCVC5-Y6ez4sk3mtbUmN-SUQ.html]
[www.youtube.com/c/CallMeAgent00/featured.html]
[www.youtube.com/c/CallMeAgent00/ios-app_/544007664/vnd.youtube/www.youtube.com/channel/UCVC5-Y6ez4sk3mtbUmN-SUQ.html]
[www.youtube.com/feeds/videosea0d.xml]
[www.youtube.com/channel/UCzqbfYjQmf9nLQPMxVgPhiA.html]
[www.youtube.com/c/emmymade/android-app_/com.google.android.youtube/http/www.youtube.com/channel/UCzqbfYjQmf9nLQPMxVgPhiA.html]
[www.youtube.com/c/emmymade/featured.html]
[www.youtube.com/c/emmymade/ios-app_/544007664/vnd.youtube/www.youtube.com/channel/UCzqbfYjQmf9nLQPMxVgPhiA.html]
[www.youtube.com/c/GoddessEarthHealing/featured.html]
[www.youtube.com/intl/en_us/creators/shorts/index.html]
[www.youtube.com/c/LizzyCapri/featured.html]
[www.youtube.com/channel/UCYGea7GGe5GSODuxqYjWvJw.html]
[www.youtube.com/feeds/videos2f15.xml]
[www.youtube.com/c/RezaPujaKhan/android-app_/com.google.android.youtube/http/www.youtube.com/channel/UCYGea7GGe5GSODuxqYjWvJw.html]
[www.youtube.com/c/RezaPujaKhan/featured.html]
[www.youtube.com/c/RezaPujaKhan/ios-app_/544007664/vnd.youtube/www.youtube.com/channel/UCYGea7GGe5GSODuxqYjWvJw.html]
[www.youtube.com/intl/en_us/creators/research/index.html]
[www.youtube.com/creators/welcome-creators/index.html]
[www.youtube.com/creators/how-things-work/getting-started/index.html]
[www.youtube.com/creators/top-questions/index.html]
[www.youtube.com/embed/U_9NWg51JS8.html]
[www.youtube.com/watch7998.html]
[www.youtube.com/watch177f.html]
[www.youtube.com/embed/vwYWiDZrEOY.html]
[www.youtube.com/watcha92c.html]
[www.youtube.com/embed/MeG27pk6i6c.html]
[www.youtube.com/watch73c6.html]
[www.youtube.com/embed/zFuze1Dvdp4.html]
[www.youtube.com/watch2c35.html]
[www.youtube.com/embed/rRLniJ5aMQ0.html]
[www.youtube.com/watch9abc.html]
[www.youtube.com/embed/ad120X8IJVU.html]
[www.youtube.com/watchfffd.html]
[www.youtube.com/embed/HKTFLI-PfzE.html]
[www.youtube.com/embed/GlxzYLsSpWg.html]
[www.youtube.com/watch9f56.html]
[www.youtube.com/watch47bf.html]
[www.youtube.com/embed/qf1yNpadysY.html]
[www.youtube.com/intl/en_in/creators/channel-memberships/index.html]
[www.youtube.com/watch2acd.html]
[www.youtube.com/android-app_/com.google.android.youtube/http/www.youtube.com/watchbf03.html]
[www.youtube.com/ios-app_/544007664/vnd.youtube/www.youtube.com/watch.cb2bf03.delayed]
[www.youtube.com/oembeda42b.json]
[www.youtube.com/oembeded4e]
[i.ytimg.com/vi/G17aWK7JGuw/maxresdefault.jpg]
[www.youtube.com/embed/G17aWK7JGuw.html]
[i.ytimg.com/vi/G17aWK7JGuw/hqdefault.jpg]
[www.youtube.com/watchbf03.html]
[www.youtube.com/android-app_/com.google.android.youtube/http/www.youtube.com/watch2cdf.html]
[www.youtube.com/ios-app_/544007664/vnd.youtube/www.youtube.com/watch.cbc2cdf.delayed]
[www.youtube.com/oembedb819.json]
[www.youtube.com/oembed0d8c]
[i.ytimg.com/vi/C-nREEPF2XA/maxresdefault.jpg]
[www.youtube.com/embed/C-nREEPF2XA.html]
[i.ytimg.com/vi/C-nREEPF2XA/hqdefault.jpg]
[www.youtube.com/watch2cdf.html]
[www.youtube.com/android-app_/com.google.android.youtube/http/www.youtube.com/watch7348.html]
[www.youtube.com/ios-app_/544007664/vnd.youtube/www.youtube.com/watch.cc67348.delayed]
[www.youtube.com/oembed1cca.json]
[www.youtube.com/oembedf5cb]
[i.ytimg.com/vi/HmTwRP-3nQQ/maxresdefault.jpg]
[www.youtube.com/embed/HmTwRP-3nQQ.html]
[i.ytimg.com/vi/HmTwRP-3nQQ/hqdefault.jpg]
[www.youtube.com/watch7348.html]
[www.youtube.com/android-app_/com.google.android.youtube/http/www.youtube.com/watchd7be.html]
[www.youtube.com/ios-app_/544007664/vnd.youtube/www.youtube.com/watch.cd0d7be.delayed]
[www.youtube.com/oembed16d9.json]
[www.youtube.com/oembed1718]
[i.ytimg.com/vi/q865aensNuA/maxresdefault.jpg]
[www.youtube.com/embed/q865aensNuA.html]
[i.ytimg.com/vi/q865aensNuA/hqdefault.jpg]
[www.youtube.com/watchd7be.html]
[www.youtube.com/channel/UCIG4gr_wIy5CIlcFciUbIQw.html]
[www.youtube.com/feeds/videosf238.xml]
[www.youtube.com/android-app_/com.google.android.youtube/http/www.youtube.com/channel/UCIG4gr_wIy5CIlcFciUbIQw.html]
[www.youtube.com/ios-app_/544007664/vnd.youtube/www.youtube.com/channel/UCIG4gr_wIy5CIlcFciUbIQw.cdc.delayed]
[www.youtube.com/@jinyongjin_official.html]
[www.youtube.com/channel/UCDJWinHf7IBqJe1eqzWwdAw.html]
[www.youtube.com/feeds/videos086d.xml]
[www.youtube.com/android-app_/com.google.android.youtube/http/www.youtube.com/channel/UCDJWinHf7IBqJe1eqzWwdAw.html]
[www.youtube.com/ios-app_/544007664/vnd.youtube/www.youtube.com/channel/UCDJWinHf7IBqJe1eqzWwdAw.ce3.delayed]
[www.youtube.com/@IhaJustImus.html]
[www.youtube.com/feeds/videos8095.xml]
[www.youtube.com/channel/UCrXzMVbjcaVvVtihxNpBvMQ.html]
[www.youtube.com/android-app_/com.google.android.youtube/http/www.youtube.com/channel/UCrXzMVbjcaVvVtihxNpBvMQ.html]
[www.youtube.com/ios-app_/544007664/vnd.youtube/www.youtube.com/channel/UCrXzMVbjcaVvVtihxNpBvMQ.cea.delayed]
[www.youtube.com/@yeptheboys.html]
[www.youtube.com/feeds/videosa63a.xml]
[www.youtube.com/channel/UCG55VTJ1YD08Cq6KxBNrtiw.html]
[www.youtube.com/android-app_/com.google.android.youtube/http/www.youtube.com/channel/UCG55VTJ1YD08Cq6KxBNrtiw.html]
[www.youtube.com/ios-app_/544007664/vnd.youtube/www.youtube.com/channel/UCG55VTJ1YD08Cq6KxBNrtiw.cf1.delayed]
[www.youtube.com/@bettylazcano.html]
[www.youtube.com/channel/UCDVGOdW7sH-hCNwlBhqcsrw.html]
[www.youtube.com/feeds/videosc8b7.xml]
[www.youtube.com/channel/android-app_/com.google.android.youtube/http/www.youtube.com/channel/UCDVGOdW7sH-hCNwlBhqcsrw.cf6.delayed]
[www.youtube.com/channel/ios-app_/544007664/vnd.youtube/www.youtube.com/channel/UCDVGOdW7sH-hCNwlBhqcsrw.cf8.delayed]
[www.youtube.com/channel/UCDVGOdW7sH-hCNwlBhqcsrw01d8.html]
[www.youtube.com/channel/UCNJuJfXCKNWu4-VifYixs8A.html]
[www.youtube.com/feeds/videos8463.xml]
[www.youtube.com/android-app_/com.google.android.youtube/http/www.youtube.com/channel/UCNJuJfXCKNWu4-VifYixs8A.html]
[www.youtube.com/ios-app_/544007664/vnd.youtube/www.youtube.com/channel/UCNJuJfXCKNWu4-VifYixs8A.cff.delayed]
[www.youtube.com/@AquariumCoop.html]
[www.youtube.com/channel/UCOIOo7ybnNFNdwjSCgYDtOw.html]
[www.youtube.com/feeds/videosc1a9.xml]
[www.youtube.com/c/android-app_/com.google.android.youtube/http/www.youtube.com/channel/UCOIOo7ybnNFNdwjSCgYDtOw.html]
[www.youtube.com/c/ios-app_/544007664/vnd.youtube/www.youtube.com/channel/UCOIOo7ybnNFNdwjSCgYDtOw.d06.delayed]
[www.youtube.com/c/90sBabyShow.html]
[www.youtube.com/channel/android-app_/com.google.android.youtube/http/www.youtube.com/channel/UCoIkReksSL5mBLRKmLRZ1fg.html]
[www.youtube.com/channel/ios-app_/544007664/vnd.youtube/www.youtube.com/channel/UCoIkReksSL5mBLRKmLRZ1fg.html]
[www.youtube.com/android-app_/com.google.android.youtube/http/youtube.comhttp_/www.youtube.com/playlistacc7.html]
[www.youtube.com/ios-app_/544007664/http/youtube.comhttp_/www.youtube.com/playlistacc7.html]
[www.youtube.com/android-app_/com.google.android.youtube/http/youtube.comhttp_/www.youtube.com/playlist5edd.html]
[www.youtube.com/ios-app_/544007664/http/youtube.comhttp_/www.youtube.com/playlist5edd.html]
[www.youtube.com/channel/android-app_/com.google.android.youtube/http/www.youtube.com/channel/UCBR8-60-B28hp2BmDPdntcQ.html]
[www.youtube.com/channel/ios-app_/544007664/vnd.youtube/www.youtube.com/channel/UCBR8-60-B28hp2BmDPdntcQ.html]
[www.youtube.com/t/terms_paidservicec0fd.html]
[www.youtube.com/t/terms_nexus_tablet.html]
[www.youtube.com/channel/android-app_/com.google.android.youtube/http/www.youtube.com/channel/UCibTRXCGW9o16HjUODtvTVQ.html]
[www.youtube.com/channel/ios-app_/544007664/vnd.youtube/www.youtube.com/channel/UCibTRXCGW9o16HjUODtvTVQ.html]
[www.youtube.com/channel/android-app_/com.google.android.youtube/http/www.youtube.com/channel/UC_EshLIDgTK_PQ6EC5VIY8A.html]
[www.youtube.com/channel/ios-app_/544007664/vnd.youtube/www.youtube.com/channel/UC_EshLIDgTK_PQ6EC5VIY8A.html]
[www.youtube.com/channel/android-app_/com.google.android.youtube/http/www.youtube.com/channel/UCw4G4L-F-mD5zMljpvc2gtA.html]
[www.youtube.com/channel/ios-app_/544007664/vnd.youtube/www.youtube.com/channel/UCw4G4L-F-mD5zMljpvc2gtA.html]
[www.youtube.com/channel/android-app_/com.google.android.youtube/http/www.youtube.com/channel/UCr0YdpMlGqS8LmQhDzkZv0A.html]
[www.youtube.com/channel/ios-app_/544007664/vnd.youtube/www.youtube.com/channel/UCr0YdpMlGqS8LmQhDzkZv0A.html]
[www.youtube.com/channel/android-app_/com.google.android.youtube/http/www.youtube.com/channel/UCn_FAXem2-e3HQvmK-mOH4g.html]
[www.youtube.com/channel/ios-app_/544007664/vnd.youtube/www.youtube.com/channel/UCn_FAXem2-e3HQvmK-mOH4g.html]
[www.youtube.com/channel/android-app_/com.google.android.youtube/http/www.youtube.com/channel/UCRU3w2vNPv_6cnKxzgGSTew.html]
[www.youtube.com/channel/ios-app_/544007664/vnd.youtube/www.youtube.com/channel/UCRU3w2vNPv_6cnKxzgGSTew.html]
[www.youtube.com/channel/android-app_/com.google.android.youtube/http/www.youtube.com/channel/UClVrwBHuA2Lnefo3DcbI6Qw.html]
[www.youtube.com/channel/ios-app_/544007664/vnd.youtube/www.youtube.com/channel/UClVrwBHuA2Lnefo3DcbI6Qw.html]
[www.youtube.com/intl/ALL_ca/howyoutubeworks/ai/empowering-creators/index.html]
[www.youtube.com/intl/ALL_ca/howyoutubeworks/kids-and-teens/youth-principles/index.html]
[www.youtube.com/channel/android-app_/com.google.android.youtube/http/www.youtube.com/channel/UCVuLYFJJoGGBO5Tnup11Jdw.d11.delayed]
[www.youtube.com/channel/ios-app_/544007664/vnd.youtube/www.youtube.com/channel/UCVuLYFJJoGGBO5Tnup11Jdw.d13.delayed]
[www.youtube.com/channel/UCVuLYFJJoGGBO5Tnup11Jdw.html]
[www.youtube.com/android-app_/com.google.android.youtube/http/www.youtube.com/channel/UCVuLYFJJoGGBO5Tnup11Jdw.html]
[www.youtube.com/ios-app_/544007664/vnd.youtube/www.youtube.com/channel/UCVuLYFJJoGGBO5Tnup11Jdw.html]
[www.youtube.com/channel/android-app_/com.google.android.youtube/http/www.youtube.com/channel/UCUPVStGvo-fAsoRAdum7yfw.d17.delayed]
[www.youtube.com/channel/ios-app_/544007664/vnd.youtube/www.youtube.com/channel/UCUPVStGvo-fAsoRAdum7yfw.d19.delayed]
[www.youtube.com/channel/UCUPVStGvo-fAsoRAdum7yfw.html]
[www.youtube.com/android-app_/com.google.android.youtube/http/www.youtube.com/channel/UCUPVStGvo-fAsoRAdum7yfw.html]
[www.youtube.com/ios-app_/544007664/vnd.youtube/www.youtube.com/channel/UCUPVStGvo-fAsoRAdum7yfw.html]
[www.youtube.com/channel/android-app_/com.google.android.youtube/http/www.youtube.com/channel/UCrh9tOpAY2-Ev5pRssXq2Wg.d1d.delayed]
[www.youtube.com/channel/ios-app_/544007664/vnd.youtube/www.youtube.com/channel/UCrh9tOpAY2-Ev5pRssXq2Wg.d1f.delayed]
[www.youtube.com/channel/UCrh9tOpAY2-Ev5pRssXq2Wg.html]
[www.youtube.com/android-app_/com.google.android.youtube/http/www.youtube.com/channel/UCrh9tOpAY2-Ev5pRssXq2Wg.html]
[www.youtube.com/ios-app_/544007664/vnd.youtube/www.youtube.com/channel/UCrh9tOpAY2-Ev5pRssXq2Wg.html]
[www.youtube.com/channel/android-app_/com.google.android.youtube/http/www.youtube.com/channel/UCWc8CackfCo4q46FpEWBcPg.d23.delayed]
[www.youtube.com/channel/ios-app_/544007664/vnd.youtube/www.youtube.com/channel/UCWc8CackfCo4q46FpEWBcPg.d25.delayed]
[www.youtube.com/channel/UCWc8CackfCo4q46FpEWBcPg.html]
[www.youtube.com/android-app_/com.google.android.youtube/http/www.youtube.com/channel/UCWc8CackfCo4q46FpEWBcPg.html]
[www.youtube.com/ios-app_/544007664/vnd.youtube/www.youtube.com/channel/UCWc8CackfCo4q46FpEWBcPg.html]
[www.youtube.com/channel/android-app_/com.google.android.youtube/http/www.youtube.com/channel/UC5QwYlOxcT1higtcJVGzCCg.d29.delayed]
[www.youtube.com/channel/ios-app_/544007664/vnd.youtube/www.youtube.com/channel/UC5QwYlOxcT1higtcJVGzCCg.d2b.delayed]
[www.youtube.com/channel/UC5QwYlOxcT1higtcJVGzCCg.html]
[www.youtube.com/android-app_/com.google.android.youtube/http/www.youtube.com/channel/UC5QwYlOxcT1higtcJVGzCCg.html]
[www.youtube.com/ios-app_/544007664/vnd.youtube/www.youtube.com/channel/UC5QwYlOxcT1higtcJVGzCCg.html]
[www.youtube.com/channel/android-app_/com.google.android.youtube/http/www.youtube.com/channel/UCcRsTRCvh3PeR1Yog867hqg.d2f.delayed]
[www.youtube.com/channel/ios-app_/544007664/vnd.youtube/www.youtube.com/channel/UCcRsTRCvh3PeR1Yog867hqg.d31.delayed]
[www.youtube.com/channel/UCcRsTRCvh3PeR1Yog867hqg.html]
[www.youtube.com/android-app_/com.google.android.youtube/http/www.youtube.com/channel/UCcRsTRCvh3PeR1Yog867hqg.html]
[www.youtube.com/ios-app_/544007664/vnd.youtube/www.youtube.com/channel/UCcRsTRCvh3PeR1Yog867hqg.html]
[www.youtube.com/channel/android-app_/com.google.android.youtube/http/www.youtube.com/channel/UC3Uv6kBh55Jx0Ou0C7-Gudg.d35.delayed]
[www.youtube.com/channel/ios-app_/544007664/vnd.youtube/www.youtube.com/channel/UC3Uv6kBh55Jx0Ou0C7-Gudg.d37.delayed]
[www.youtube.com/channel/UC3Uv6kBh55Jx0Ou0C7-Gudg.html]
[www.youtube.com/android-app_/com.google.android.youtube/http/www.youtube.com/channel/UC3Uv6kBh55Jx0Ou0C7-Gudg.html]
[www.youtube.com/ios-app_/544007664/vnd.youtube/www.youtube.com/channel/UC3Uv6kBh55Jx0Ou0C7-Gudg.html]
[www.youtube.com/channel/android-app_/com.google.android.youtube/http/www.youtube.com/channel/UCa-ZgzdNQYDOet7t_yrcPHw.d3b.delayed]
[www.youtube.com/channel/ios-app_/544007664/vnd.youtube/www.youtube.com/channel/UCa-ZgzdNQYDOet7t_yrcPHw.d3d.delayed]
[www.youtube.com/channel/UCa-ZgzdNQYDOet7t_yrcPHw.html]
[www.youtube.com/android-app_/com.google.android.youtube/http/www.youtube.com/channel/UCa-ZgzdNQYDOet7t_yrcPHw.html]
[www.youtube.com/ios-app_/544007664/vnd.youtube/www.youtube.com/channel/UCa-ZgzdNQYDOet7t_yrcPHw.html]
[www.youtube.com/intl/fr_ca/howyoutubeworks/ai/empowering-creators/index.html]
[www.youtube.com/intl/fr_ca/howyoutubeworks/kids-and-teens/youth-principles/index.html]
[www.youtube.com/intl/fr_ca/howyoutubeworks/kids-and-teens/advisory-committee/index.html]
[www.youtube.com/channel/android-app_/com.google.android.youtube/http/www.youtube.com/channel/UCwL9_LxuPEfkWA0v7E0G-uw.d41.delayed]
[www.youtube.com/channel/ios-app_/544007664/vnd.youtube/www.youtube.com/channel/UCwL9_LxuPEfkWA0v7E0G-uw.d43.delayed]
[www.youtube.com/channel/UCwL9_LxuPEfkWA0v7E0G-uw.html]
[www.youtube.com/android-app_/com.google.android.youtube/http/www.youtube.com/channel/UCwL9_LxuPEfkWA0v7E0G-uw.html]
[www.youtube.com/ios-app_/544007664/vnd.youtube/www.youtube.com/channel/UCwL9_LxuPEfkWA0v7E0G-uw.html]
[www.youtube.com/channel/android-app_/com.google.android.youtube/http/www.youtube.com/channel/UCQgovvTTLPxAazVQE6X2ivQ.d47.delayed]
[www.youtube.com/channel/ios-app_/544007664/vnd.youtube/www.youtube.com/channel/UCQgovvTTLPxAazVQE6X2ivQ.d49.delayed]
[www.youtube.com/channel/UCQgovvTTLPxAazVQE6X2ivQ.html]
[www.youtube.com/android-app_/com.google.android.youtube/http/www.youtube.com/channel/UCQgovvTTLPxAazVQE6X2ivQ.html]
[www.youtube.com/ios-app_/544007664/vnd.youtube/www.youtube.com/channel/UCQgovvTTLPxAazVQE6X2ivQ.html]
[www.youtube.com/channel/android-app_/com.google.android.youtube/http/www.youtube.com/channel/UCMHqohIwUQf4oEXTFoXTu1g.d4d.delayed]
[www.youtube.com/channel/ios-app_/544007664/vnd.youtube/www.youtube.com/channel/UCMHqohIwUQf4oEXTFoXTu1g.d4f.delayed]
[www.youtube.com/channel/UCMHqohIwUQf4oEXTFoXTu1g.html]
[www.youtube.com/android-app_/com.google.android.youtube/http/www.youtube.com/channel/UCMHqohIwUQf4oEXTFoXTu1g.html]
[www.youtube.com/ios-app_/544007664/vnd.youtube/www.youtube.com/channel/UCMHqohIwUQf4oEXTFoXTu1g.html]
[www.youtube.com/channel/android-app_/com.google.android.youtube/http/www.youtube.com/channel/UC71wXCoTvVy63AW2s0jdwvw.d53.delayed]
[www.youtube.com/channel/ios-app_/544007664/vnd.youtube/www.youtube.com/channel/UC71wXCoTvVy63AW2s0jdwvw.d55.delayed]
[www.youtube.com/channel/UC71wXCoTvVy63AW2s0jdwvw.html]
[www.youtube.com/android-app_/com.google.android.youtube/http/www.youtube.com/channel/UC71wXCoTvVy63AW2s0jdwvw.html]
[www.youtube.com/ios-app_/544007664/vnd.youtube/www.youtube.com/channel/UC71wXCoTvVy63AW2s0jdwvw.html]
[www.youtube.com/channel/android-app_/com.google.android.youtube/http/www.youtube.com/channel/UCu4ik9G1180gq0Ag0eA0YeQ.d59.delayed]
[www.youtube.com/channel/ios-app_/544007664/vnd.youtube/www.youtube.com/channel/UCu4ik9G1180gq0Ag0eA0YeQ.d5b.delayed]
[www.youtube.com/channel/UCu4ik9G1180gq0Ag0eA0YeQ.html]
[www.youtube.com/android-app_/com.google.android.youtube/http/www.youtube.com/channel/UCu4ik9G1180gq0Ag0eA0YeQ.html]
[www.youtube.com/ios-app_/544007664/vnd.youtube/www.youtube.com/channel/UCu4ik9G1180gq0Ag0eA0YeQ.html]
[www.youtube.com/intl/en_be/howyoutubeworks/ai/empowering-creators/index.html]
[www.youtube.com/intl/en_be/howyoutubeworks/kids-and-teens/youth-principles/index.html]
[www.youtube.com/intl/en_be/howyoutubeworks/kids-and-teens/advisory-committee/index.html]
[www.youtube.com/channel/android-app_/com.google.android.youtube/http/www.youtube.com/channel/UCzrwDTU6gomqaAV8Wxr6G5g.d5f.delayed]
[www.youtube.com/channel/ios-app_/544007664/vnd.youtube/www.youtube.com/channel/UCzrwDTU6gomqaAV8Wxr6G5g.d61.delayed]
[www.youtube.com/channel/UCzrwDTU6gomqaAV8Wxr6G5g.html]
[www.youtube.com/android-app_/com.google.android.youtube/http/www.youtube.com/channel/UCzrwDTU6gomqaAV8Wxr6G5g.html]
[www.youtube.com/ios-app_/544007664/vnd.youtube/www.youtube.com/channel/UCzrwDTU6gomqaAV8Wxr6G5g.html]
[www.youtube.com/channel/android-app_/com.google.android.youtube/http/www.youtube.com/channel/UC43IWjQLZgyPTbhkFS-xh4Q.d65.delayed]
[www.youtube.com/channel/ios-app_/544007664/vnd.youtube/www.youtube.com/channel/UC43IWjQLZgyPTbhkFS-xh4Q.d67.delayed]
[www.youtube.com/channel/UC43IWjQLZgyPTbhkFS-xh4Q.html]
[www.youtube.com/android-app_/com.google.android.youtube/http/www.youtube.com/channel/UC43IWjQLZgyPTbhkFS-xh4Q.html]
[www.youtube.com/ios-app_/544007664/vnd.youtube/www.youtube.com/channel/UC43IWjQLZgyPTbhkFS-xh4Q.html]
[www.youtube.com/channel/android-app_/com.google.android.youtube/http/www.youtube.com/channel/UCoBVPh4f6Pd2eeSbUhqfn1Q.d6b.delayed]
[www.youtube.com/channel/ios-app_/544007664/vnd.youtube/www.youtube.com/channel/UCoBVPh4f6Pd2eeSbUhqfn1Q.d6d.delayed]
[www.youtube.com/channel/UCoBVPh4f6Pd2eeSbUhqfn1Q.html]
[www.youtube.com/android-app_/com.google.android.youtube/http/www.youtube.com/channel/UCoBVPh4f6Pd2eeSbUhqfn1Q.html]
[www.youtube.com/ios-app_/544007664/vnd.youtube/www.youtube.com/channel/UCoBVPh4f6Pd2eeSbUhqfn1Q.html]
[www.youtube.com/channel/android-app_/com.google.android.youtube/http/www.youtube.com/channel/UC8KFs307LrTkQCu-P1Fl6dw.d71.delayed]
[www.youtube.com/channel/ios-app_/544007664/vnd.youtube/www.youtube.com/channel/UC8KFs307LrTkQCu-P1Fl6dw.d73.delayed]
[www.youtube.com/channel/UC8KFs307LrTkQCu-P1Fl6dw.html]
[www.youtube.com/android-app_/com.google.android.youtube/http/www.youtube.com/channel/UC8KFs307LrTkQCu-P1Fl6dw.html]
[www.youtube.com/ios-app_/544007664/vnd.youtube/www.youtube.com/channel/UC8KFs307LrTkQCu-P1Fl6dw.html]
[www.youtube.com/channel/android-app_/com.google.android.youtube/http/www.youtube.com/channel/UCa43RopvUywkwQ_sVoKb_Lw.d77.delayed]
[www.youtube.com/channel/ios-app_/544007664/vnd.youtube/www.youtube.com/channel/UCa43RopvUywkwQ_sVoKb_Lw.d79.delayed]
[www.youtube.com/channel/UCa43RopvUywkwQ_sVoKb_Lw.html]
[www.youtube.com/android-app_/com.google.android.youtube/http/www.youtube.com/channel/UCa43RopvUywkwQ_sVoKb_Lw.html]
[www.youtube.com/ios-app_/544007664/vnd.youtube/www.youtube.com/channel/UCa43RopvUywkwQ_sVoKb_Lw.html]
[www.youtube.com/intl/ALL_de/howyoutubeworks/ai/empowering-creators/index.html]
[www.youtube.com/intl/ALL_de/howyoutubeworks/kids-and-teens/youth-principles/index.html]
[www.youtube.com/intl/ALL_de/howyoutubeworks/kids-and-teens/advisory-committee/index.html]
[www.youtube.com/channel/android-app_/com.google.android.youtube/http/www.youtube.com/channel/UCaURsy4dyscx-4G2aMNKNKw.d7d.delayed]
[www.youtube.com/channel/ios-app_/544007664/vnd.youtube/www.youtube.com/channel/UCaURsy4dyscx-4G2aMNKNKw.d7f.delayed]
[www.youtube.com/channel/UCaURsy4dyscx-4G2aMNKNKw.html]
[www.youtube.com/android-app_/com.google.android.youtube/http/www.youtube.com/channel/UCaURsy4dyscx-4G2aMNKNKw.html]
[www.youtube.com/ios-app_/544007664/vnd.youtube/www.youtube.com/channel/UCaURsy4dyscx-4G2aMNKNKw.html]
[www.youtube.com/channel/android-app_/com.google.android.youtube/http/www.youtube.com/channel/UC_EnhS-vNDc6Eo9nyQHC2YQ.d83.delayed]
[www.youtube.com/channel/ios-app_/544007664/vnd.youtube/www.youtube.com/channel/UC_EnhS-vNDc6Eo9nyQHC2YQ.d85.delayed]
[www.youtube.com/channel/UC_EnhS-vNDc6Eo9nyQHC2YQ.html]
[www.youtube.com/android-app_/com.google.android.youtube/http/www.youtube.com/channel/UC_EnhS-vNDc6Eo9nyQHC2YQ.html]
[www.youtube.com/ios-app_/544007664/vnd.youtube/www.youtube.com/channel/UC_EnhS-vNDc6Eo9nyQHC2YQ.html]
[www.youtube.com/channel/android-app_/com.google.android.youtube/http/www.youtube.com/channel/UCTMD22pIImmgGSxddcxXPcg.d89.delayed]
[www.youtube.com/channel/ios-app_/544007664/vnd.youtube/www.youtube.com/channel/UCTMD22pIImmgGSxddcxXPcg.d8b.delayed]
[www.youtube.com/channel/UCTMD22pIImmgGSxddcxXPcg.html]
[www.youtube.com/android-app_/com.google.android.youtube/http/www.youtube.com/channel/UCTMD22pIImmgGSxddcxXPcg.html]
[www.youtube.com/ios-app_/544007664/vnd.youtube/www.youtube.com/channel/UCTMD22pIImmgGSxddcxXPcg.html]
[www.youtube.com/channel/android-app_/com.google.android.youtube/http/www.youtube.com/channel/UCy0FxMgGUlRnkxCoNZUNRQQ.d8f.delayed]
[www.youtube.com/channel/ios-app_/544007664/vnd.youtube/www.youtube.com/channel/UCy0FxMgGUlRnkxCoNZUNRQQ.d91.delayed]
[www.youtube.com/channel/UCy0FxMgGUlRnkxCoNZUNRQQ.html]
[www.youtube.com/android-app_/com.google.android.youtube/http/www.youtube.com/channel/UCy0FxMgGUlRnkxCoNZUNRQQ.html]
[www.youtube.com/ios-app_/544007664/vnd.youtube/www.youtube.com/channel/UCy0FxMgGUlRnkxCoNZUNRQQ.html]
[www.youtube.com/channel/android-app_/com.google.android.youtube/http/www.youtube.com/channel/UCOfQ0nZG7YClwNSaL-xULKQ.d95.delayed]
[www.youtube.com/channel/ios-app_/544007664/vnd.youtube/www.youtube.com/channel/UCOfQ0nZG7YClwNSaL-xULKQ.d97.delayed]
[www.youtube.com/channel/UCOfQ0nZG7YClwNSaL-xULKQ.html]
[www.youtube.com/android-app_/com.google.android.youtube/http/www.youtube.com/channel/UCOfQ0nZG7YClwNSaL-xULKQ.html]
[www.youtube.com/ios-app_/544007664/vnd.youtube/www.youtube.com/channel/UCOfQ0nZG7YClwNSaL-xULKQ.html]
[www.youtube.com/intl/ALL_jp/howyoutubeworks/ai/empowering-creators/index.html]
[www.youtube.com/intl/ALL_jp/howyoutubeworks/kids-and-teens/youth-principles/index.html]
[www.youtube.com/intl/ALL_jp/howyoutubeworks/kids-and-teens/advisory-committee/index.html]
[www.youtube.com/channel/android-app_/com.google.android.youtube/http/www.youtube.com/channel/UC7ly4Q6oT3rcdOKQcQVvMgg.d9b.delayed]
[www.youtube.com/channel/ios-app_/544007664/vnd.youtube/www.youtube.com/channel/UC7ly4Q6oT3rcdOKQcQVvMgg.d9d.delayed]
[www.youtube.com/channel/UC7ly4Q6oT3rcdOKQcQVvMgg.html]
[www.youtube.com/android-app_/com.google.android.youtube/http/www.youtube.com/channel/UC7ly4Q6oT3rcdOKQcQVvMgg.html]
[www.youtube.com/ios-app_/544007664/vnd.youtube/www.youtube.com/channel/UC7ly4Q6oT3rcdOKQcQVvMgg.html]
[www.youtube.com/channel/android-app_/com.google.android.youtube/http/www.youtube.com/channel/UCljYHFazflmGaDr5Lo90KmA.da1.delayed]
[www.youtube.com/channel/ios-app_/544007664/vnd.youtube/www.youtube.com/channel/UCljYHFazflmGaDr5Lo90KmA.da3.delayed]
[www.youtube.com/channel/UCljYHFazflmGaDr5Lo90KmA.html]
[www.youtube.com/android-app_/com.google.android.youtube/http/www.youtube.com/channel/UCljYHFazflmGaDr5Lo90KmA.html]
[www.youtube.com/ios-app_/544007664/vnd.youtube/www.youtube.com/channel/UCljYHFazflmGaDr5Lo90KmA.html]
[www.youtube.com/channel/android-app_/com.google.android.youtube/http/www.youtube.com/channel/UCquKQ87U-_9WNFwjJfCJzgA.da7.delayed]
[www.youtube.com/channel/ios-app_/544007664/vnd.youtube/www.youtube.com/channel/UCquKQ87U-_9WNFwjJfCJzgA.da9.delayed]
[www.youtube.com/channel/UCquKQ87U-_9WNFwjJfCJzgA.html]
[www.youtube.com/android-app_/com.google.android.youtube/http/www.youtube.com/channel/UCquKQ87U-_9WNFwjJfCJzgA.html]
[www.youtube.com/ios-app_/544007664/vnd.youtube/www.youtube.com/channel/UCquKQ87U-_9WNFwjJfCJzgA.html]
[www.youtube.com/channel/android-app_/com.google.android.youtube/http/www.youtube.com/channel/UC8yHePe_RgUBE-waRWy6olw.dad.delayed]
[www.youtube.com/channel/ios-app_/544007664/vnd.youtube/www.youtube.com/channel/UC8yHePe_RgUBE-waRWy6olw.daf.delayed]
[www.youtube.com/channel/UC8yHePe_RgUBE-waRWy6olw.html]
[www.youtube.com/android-app_/com.google.android.youtube/http/www.youtube.com/channel/UC8yHePe_RgUBE-waRWy6olw.html]
[www.youtube.com/ios-app_/544007664/vnd.youtube/www.youtube.com/channel/UC8yHePe_RgUBE-waRWy6olw.html]
[www.youtube.com/channel/android-app_/com.google.android.youtube/http/www.youtube.com/channel/UCriL9o4WlGQvTQw_pZ4ZqIQ.db3.delayed]
[www.youtube.com/channel/ios-app_/544007664/vnd.youtube/www.youtube.com/channel/UCriL9o4WlGQvTQw_pZ4ZqIQ.db5.delayed]
[www.youtube.com/channel/UCriL9o4WlGQvTQw_pZ4ZqIQ.html]
[www.youtube.com/android-app_/com.google.android.youtube/http/www.youtube.com/channel/UCriL9o4WlGQvTQw_pZ4ZqIQ.html]
[www.youtube.com/ios-app_/544007664/vnd.youtube/www.youtube.com/channel/UCriL9o4WlGQvTQw_pZ4ZqIQ.html]
[www.youtube.com/intl/ALL_kr/howyoutubeworks/ai/empowering-creators/index.html]
[www.youtube.com/intl/ALL_kr/howyoutubeworks/kids-and-teens/youth-principles/index.html]
[www.youtube.com/intl/ALL_kr/howyoutubeworks/kids-and-teens/advisory-committee/index.html]
[www.youtube.com/channel/android-app_/com.google.android.youtube/http/www.youtube.com/channel/UCcdwLMPsaU2ezNSJU1nFoBQ.db9.delayed]
[www.youtube.com/channel/ios-app_/544007664/vnd.youtube/www.youtube.com/channel/UCcdwLMPsaU2ezNSJU1nFoBQ.dbb.delayed]
[www.youtube.com/channel/UCcdwLMPsaU2ezNSJU1nFoBQ.html]
[www.youtube.com/android-app_/com.google.android.youtube/http/www.youtube.com/channel/UCcdwLMPsaU2ezNSJU1nFoBQ.html]
[www.youtube.com/ios-app_/544007664/vnd.youtube/www.youtube.com/channel/UCcdwLMPsaU2ezNSJU1nFoBQ.html]
[www.youtube.com/channel/android-app_/com.google.android.youtube/http/www.youtube.com/channel/UCdrBnBNLsN4_cH32HWbr9qg.dbf.delayed]
[www.youtube.com/channel/ios-app_/544007664/vnd.youtube/www.youtube.com/channel/UCdrBnBNLsN4_cH32HWbr9qg.dc1.delayed]
[www.youtube.com/channel/UCdrBnBNLsN4_cH32HWbr9qg.html]
[www.youtube.com/android-app_/com.google.android.youtube/http/www.youtube.com/channel/UCdrBnBNLsN4_cH32HWbr9qg.html]
[www.youtube.com/ios-app_/544007664/vnd.youtube/www.youtube.com/channel/UCdrBnBNLsN4_cH32HWbr9qg.html]
[www.youtube.com/channel/android-app_/com.google.android.youtube/http/www.youtube.com/channel/UC9kmlDcqksaOnCkC_qzGacA.dc5.delayed]
[www.youtube.com/channel/ios-app_/544007664/vnd.youtube/www.youtube.com/channel/UC9kmlDcqksaOnCkC_qzGacA.dc7.delayed]
[www.youtube.com/channel/UC9kmlDcqksaOnCkC_qzGacA.html]
[www.youtube.com/android-app_/com.google.android.youtube/http/www.youtube.com/channel/UC9kmlDcqksaOnCkC_qzGacA.html]
[www.youtube.com/ios-app_/544007664/vnd.youtube/www.youtube.com/channel/UC9kmlDcqksaOnCkC_qzGacA.html]
[www.youtube.com/channel/android-app_/com.google.android.youtube/http/www.youtube.com/channel/UCMc4EmuDxnHPc6pgGW-QWvQ.dcb.delayed]
[www.youtube.com/channel/ios-app_/544007664/vnd.youtube/www.youtube.com/channel/UCMc4EmuDxnHPc6pgGW-QWvQ.dcd.delayed]
[www.youtube.com/channel/UCMc4EmuDxnHPc6pgGW-QWvQ.html]
[www.youtube.com/android-app_/com.google.android.youtube/http/www.youtube.com/channel/UCMc4EmuDxnHPc6pgGW-QWvQ.html]
[www.youtube.com/ios-app_/544007664/vnd.youtube/www.youtube.com/channel/UCMc4EmuDxnHPc6pgGW-QWvQ.html]
[www.youtube.com/intl/ALL_uk/howyoutubeworks/ai/empowering-creators/index.html]
[www.youtube.com/intl/ALL_uk/howyoutubeworks/kids-and-teens/youth-principles/index.html]
[www.youtube.com/intl/ALL_uk/howyoutubeworks/kids-and-teens/advisory-committee/index.html]
[www.youtube.com/channel/android-app_/com.google.android.youtube/http/www.youtube.com/channel/UCisy6taOAeLfyaCqcMQDfig.dd1.delayed]
[www.youtube.com/channel/ios-app_/544007664/vnd.youtube/www.youtube.com/channel/UCisy6taOAeLfyaCqcMQDfig.dd3.delayed]
[www.youtube.com/channel/UCisy6taOAeLfyaCqcMQDfig.html]
[www.youtube.com/android-app_/com.google.android.youtube/http/www.youtube.com/channel/UCisy6taOAeLfyaCqcMQDfig.html]
[www.youtube.com/ios-app_/544007664/vnd.youtube/www.youtube.com/channel/UCisy6taOAeLfyaCqcMQDfig.html]
[www.youtube.com/channel/android-app_/com.google.android.youtube/http/www.youtube.com/channel/UCyQ-DUV6lZgoL8wiPusYiUg.dd7.delayed]
[www.youtube.com/channel/ios-app_/544007664/vnd.youtube/www.youtube.com/channel/UCyQ-DUV6lZgoL8wiPusYiUg.dd9.delayed]
[www.youtube.com/channel/UCyQ-DUV6lZgoL8wiPusYiUg.html]
[www.youtube.com/android-app_/com.google.android.youtube/http/www.youtube.com/channel/UCyQ-DUV6lZgoL8wiPusYiUg.html]
[www.youtube.com/ios-app_/544007664/vnd.youtube/www.youtube.com/channel/UCyQ-DUV6lZgoL8wiPusYiUg.html]
[www.youtube.com/channel/android-app_/com.google.android.youtube/http/www.youtube.com/channel/UCFvDMQ0DRm0Jjp6XaukjJSA.ddd.delayed]
[www.youtube.com/channel/ios-app_/544007664/vnd.youtube/www.youtube.com/channel/UCFvDMQ0DRm0Jjp6XaukjJSA.ddf.delayed]
[www.youtube.com/channel/UCFvDMQ0DRm0Jjp6XaukjJSA.html]
[www.youtube.com/android-app_/com.google.android.youtube/http/www.youtube.com/channel/UCFvDMQ0DRm0Jjp6XaukjJSA.html]
[www.youtube.com/ios-app_/544007664/vnd.youtube/www.youtube.com/channel/UCFvDMQ0DRm0Jjp6XaukjJSA.html]
[www.youtube.com/channel/android-app_/com.google.android.youtube/http/www.youtube.com/channel/UCOf6pX571cKC0rhOZqv2y7Q.de3.delayed]
[www.youtube.com/channel/ios-app_/544007664/vnd.youtube/www.youtube.com/channel/UCOf6pX571cKC0rhOZqv2y7Q.de5.delayed]
[www.youtube.com/channel/UCOf6pX571cKC0rhOZqv2y7Q.html]
[www.youtube.com/android-app_/com.google.android.youtube/http/www.youtube.com/channel/UCOf6pX571cKC0rhOZqv2y7Q.html]
[www.youtube.com/ios-app_/544007664/vnd.youtube/www.youtube.com/channel/UCOf6pX571cKC0rhOZqv2y7Q.html]
[www.youtube.com/channel/android-app_/com.google.android.youtube/http/www.youtube.com/channel/UCSMqateX8OA2s1wsOR2EgJA.de9.delayed]
[www.youtube.com/channel/ios-app_/544007664/vnd.youtube/www.youtube.com/channel/UCSMqateX8OA2s1wsOR2EgJA.deb.delayed]
[www.youtube.com/channel/UCSMqateX8OA2s1wsOR2EgJA.html]
[www.youtube.com/android-app_/com.google.android.youtube/http/www.youtube.com/channel/UCSMqateX8OA2s1wsOR2EgJA.html]
[www.youtube.com/ios-app_/544007664/vnd.youtube/www.youtube.com/channel/UCSMqateX8OA2s1wsOR2EgJA.html]
[www.youtube.com/intl/ALL_br/howyoutubeworks/ai/empowering-creators/index.html]
[www.youtube.com/intl/ALL_br/howyoutubeworks/kids-and-teens/youth-principles/index.html]
[www.youtube.com/intl/ALL_br/howyoutubeworks/kids-and-teens/advisory-committee/index.html]
[www.youtube.com/channel/android-app_/com.google.android.youtube/http/www.youtube.com/channel/UCnRxhDE44UzWRfvfSs58q5Q.def.delayed]
[www.youtube.com/channel/ios-app_/544007664/vnd.youtube/www.youtube.com/channel/UCnRxhDE44UzWRfvfSs58q5Q.df1.delayed]
[www.youtube.com/channel/UCnRxhDE44UzWRfvfSs58q5Q.html]
[www.youtube.com/android-app_/com.google.android.youtube/http/www.youtube.com/channel/UCnRxhDE44UzWRfvfSs58q5Q.html]
[www.youtube.com/ios-app_/544007664/vnd.youtube/www.youtube.com/channel/UCnRxhDE44UzWRfvfSs58q5Q.html]
[www.youtube.com/channel/android-app_/com.google.android.youtube/http/www.youtube.com/channel/UCWh6Rqp-mO38iPJbAVNflvQ.df5.delayed]
[www.youtube.com/channel/ios-app_/544007664/vnd.youtube/www.youtube.com/channel/UCWh6Rqp-mO38iPJbAVNflvQ.df7.delayed]
[www.youtube.com/channel/UCWh6Rqp-mO38iPJbAVNflvQ.html]
[www.youtube.com/android-app_/com.google.android.youtube/http/www.youtube.com/channel/UCWh6Rqp-mO38iPJbAVNflvQ.html]
[www.youtube.com/ios-app_/544007664/vnd.youtube/www.youtube.com/channel/UCWh6Rqp-mO38iPJbAVNflvQ.html]
[www.youtube.com/channel/android-app_/com.google.android.youtube/http/www.youtube.com/channel/UCzAhrXRwNLDRenxBqi8y86Q.dfb.delayed]
[www.youtube.com/channel/ios-app_/544007664/vnd.youtube/www.youtube.com/channel/UCzAhrXRwNLDRenxBqi8y86Q.dfd.delayed]
[www.youtube.com/channel/UCzAhrXRwNLDRenxBqi8y86Q.html]
[www.youtube.com/android-app_/com.google.android.youtube/http/www.youtube.com/channel/UCzAhrXRwNLDRenxBqi8y86Q.html]
[www.youtube.com/ios-app_/544007664/vnd.youtube/www.youtube.com/channel/UCzAhrXRwNLDRenxBqi8y86Q.html]
[www.youtube.com/channel/android-app_/com.google.android.youtube/http/www.youtube.com/channel/UCG-eghyORxNrzSG8FkAWKyw.e01.delayed]
[www.youtube.com/channel/ios-app_/544007664/vnd.youtube/www.youtube.com/channel/UCG-eghyORxNrzSG8FkAWKyw.e03.delayed]
[www.youtube.com/channel/UCG-eghyORxNrzSG8FkAWKyw.html]
[www.youtube.com/user/android-app_/com.google.android.youtube/http/www.youtube.com/channel/UCG-eghyORxNrzSG8FkAWKyw.html]
[www.youtube.com/user/ios-app_/544007664/vnd.youtube/www.youtube.com/channel/UCG-eghyORxNrzSG8FkAWKyw.html]
[www.youtube.com/channel/android-app_/com.google.android.youtube/http/www.youtube.com/channel/UC70mr11REaCqgKke7DPJoLg.e06.delayed]
[www.youtube.com/channel/ios-app_/544007664/vnd.youtube/www.youtube.com/channel/UC70mr11REaCqgKke7DPJoLg.e08.delayed]
[www.youtube.com/channel/UC70mr11REaCqgKke7DPJoLg.html]
[www.youtube.com/android-app_/com.google.android.youtube/http/www.youtube.com/channel/UC70mr11REaCqgKke7DPJoLg.html]
[www.youtube.com/ios-app_/544007664/vnd.youtube/www.youtube.com/channel/UC70mr11REaCqgKke7DPJoLg.html]
[www.youtube.com/channel/android-app_/com.google.android.youtube/http/www.youtube.com/channel/UCL9aTJb0ur4sovxcppAopEw.e0c.delayed]
[www.youtube.com/channel/ios-app_/544007664/vnd.youtube/www.youtube.com/channel/UCL9aTJb0ur4sovxcppAopEw.e0e.delayed]
[www.youtube.com/channel/UCL9aTJb0ur4sovxcppAopEw.html]
[www.youtube.com/android-app_/com.google.android.youtube/http/www.youtube.com/channel/UCL9aTJb0ur4sovxcppAopEw.html]
[www.youtube.com/ios-app_/544007664/vnd.youtube/www.youtube.com/channel/UCL9aTJb0ur4sovxcppAopEw.html]
[www.youtube.com/channel/android-app_/com.google.android.youtube/http/www.youtube.com/channel/UCCTuFofVWD9uORhQqgn-d7Q.e12.delayed]
[www.youtube.com/channel/ios-app_/544007664/vnd.youtube/www.youtube.com/channel/UCCTuFofVWD9uORhQqgn-d7Q.e14.delayed]
[www.youtube.com/channel/UCCTuFofVWD9uORhQqgn-d7Q.html]
[www.youtube.com/android-app_/com.google.android.youtube/http/www.youtube.com/channel/UCCTuFofVWD9uORhQqgn-d7Q.html]
[www.youtube.com/ios-app_/544007664/vnd.youtube/www.youtube.com/channel/UCCTuFofVWD9uORhQqgn-d7Q.html]
[www.youtube.com/channel/android-app_/com.google.android.youtube/http/www.youtube.com/channel/UCLemmOzGbJqOz_pSVVPAMaA.e18.delayed]
[www.youtube.com/channel/ios-app_/544007664/vnd.youtube/www.youtube.com/channel/UCLemmOzGbJqOz_pSVVPAMaA.e1a.delayed]
[www.youtube.com/channel/UCLemmOzGbJqOz_pSVVPAMaA.html]
[www.youtube.com/android-app_/com.google.android.youtube/http/www.youtube.com/channel/UCLemmOzGbJqOz_pSVVPAMaA.html]
[www.youtube.com/ios-app_/544007664/vnd.youtube/www.youtube.com/channel/UCLemmOzGbJqOz_pSVVPAMaA.html]
[www.youtube.com/channel/android-app_/com.google.android.youtube/http/www.youtube.com/channel/UC-E7qrQ2Q1poO9WKnFF3Elg.e1e.delayed]
[www.youtube.com/channel/ios-app_/544007664/vnd.youtube/www.youtube.com/channel/UC-E7qrQ2Q1poO9WKnFF3Elg.e20.delayed]
[www.youtube.com/channel/UC-E7qrQ2Q1poO9WKnFF3Elg.html]
[www.youtube.com/android-app_/com.google.android.youtube/http/www.youtube.com/channel/UC-E7qrQ2Q1poO9WKnFF3Elg.html]
[www.youtube.com/ios-app_/544007664/vnd.youtube/www.youtube.com/channel/UC-E7qrQ2Q1poO9WKnFF3Elg.html]
[www.youtube.com/channel/android-app_/com.google.android.youtube/http/www.youtube.com/channel/UC0rzsIrAxF4kCsALP6J2EsA.html]
[www.youtube.com/channel/ios-app_/544007664/vnd.youtube/www.youtube.com/channel/UC0rzsIrAxF4kCsALP6J2EsA.html]
[www.youtube.com/channel/android-app_/com.google.android.youtube/http/www.youtube.com/channel/UCY1bGdpom5tXC9M8-Ahu8dQ.html]
[www.youtube.com/channel/ios-app_/544007664/vnd.youtube/www.youtube.com/channel/UCY1bGdpom5tXC9M8-Ahu8dQ.html]
[www.youtube.com/channel/android-app_/com.google.android.youtube/http/www.youtube.com/channel/UCH9AFSwY4WqgHoCLG2XIveg.html]
[www.youtube.com/channel/ios-app_/544007664/vnd.youtube/www.youtube.com/channel/UCH9AFSwY4WqgHoCLG2XIveg.html]
[www.youtube.com/channel/android-app_/com.google.android.youtube/http/www.youtube.com/channel/UCatpv2M0zqBC9Xq1Qdb-YLw.html]
[www.youtube.com/channel/ios-app_/544007664/vnd.youtube/www.youtube.com/channel/UCatpv2M0zqBC9Xq1Qdb-YLw.html]
[www.youtube.com/channel/android-app_/com.google.android.youtube/http/www.youtube.com/channel/UCTH2fnE15t_SDeaLGkcLZ3Q.html]
[www.youtube.com/channel/ios-app_/544007664/vnd.youtube/www.youtube.com/channel/UCTH2fnE15t_SDeaLGkcLZ3Q.html]
[www.youtube.com/channel/android-app_/com.google.android.youtube/http/www.youtube.com/channel/UCLQPSvXV6b4QMt9GHSJ-X_A.html]
[www.youtube.com/channel/ios-app_/544007664/vnd.youtube/www.youtube.com/channel/UCLQPSvXV6b4QMt9GHSJ-X_A.html]
[www.youtube.com/channel/android-app_/com.google.android.youtube/http/www.youtube.com/channel/UCKwM-7sO1_Tw9EmYhKfpBBw.html]
[www.youtube.com/channel/ios-app_/544007664/vnd.youtube/www.youtube.com/channel/UCKwM-7sO1_Tw9EmYhKfpBBw.html]
[www.youtube.com/channel/android-app_/com.google.android.youtube/http/www.youtube.com/channel/UCfECR0XVFoy3DunTSQC-E-g.html]
[www.youtube.com/channel/ios-app_/544007664/vnd.youtube/www.youtube.com/channel/UCfECR0XVFoy3DunTSQC-E-g.html]
[www.youtube.com/channel/android-app_/com.google.android.youtube/http/www.youtube.com/channel/UClrMJRlvoyoWsVlB-7c61PQ.html]
[www.youtube.com/channel/ios-app_/544007664/vnd.youtube/www.youtube.com/channel/UClrMJRlvoyoWsVlB-7c61PQ.html]
[www.youtube.com/channel/android-app_/com.google.android.youtube/http/www.youtube.com/channel/UCIJwWYOfsCfz6PjxbONYXSg.html]
[www.youtube.com/channel/ios-app_/544007664/vnd.youtube/www.youtube.com/channel/UCIJwWYOfsCfz6PjxbONYXSg.html]
[www.youtube.com/channel/android-app_/com.google.android.youtube/http/www.youtube.com/channel/UCPD_bxCRGpmmeQcbe2kpPaA.html]
[www.youtube.com/channel/ios-app_/544007664/vnd.youtube/www.youtube.com/channel/UCPD_bxCRGpmmeQcbe2kpPaA.html]
[www.youtube.com/channel/android-app_/com.google.android.youtube/http/www.youtube.com/channel/UC071KjEQUoDUe3FvDU6j02Q.html]
[www.youtube.com/channel/ios-app_/544007664/vnd.youtube/www.youtube.com/channel/UC071KjEQUoDUe3FvDU6j02Q.html]
[www.youtube.com/static/media/images/home/mobile-hero/android-app_/com.google.android.youtube/http/www.youtube.com/channel/ios-app_/544007664/vnd.youtube/www.youtube.com/channel/android-app_//UCt7PIwo9G4g-K-Ji5B1Jc5]
[www.youtube.com/static/media/images/home/mobile-hero/android-app_/com.google.android.youtube/http/www.youtube.com/channel/ios-app_/544007664/vnd.youtube/www.youtube.com/channel/ios-app_/5440/UCt7PIwo9G4g-K-Ji5B1Jc5]
[www.youtube.com/static/media/images/home/mobile-hero/ios-app_/544007664/vnd.youtube/www.youtube.com/channel/android-app_/com.google.android.youtube/http/www.youtube.com/channel/android-app_//UCt7PIwo9G4g-K-Ji5B1Jc5]
[www.youtube.com/static/media/images/home/mobile-hero/ios-app_/544007664/vnd.youtube/www.youtube.com/channel/android-app_/com.google.android.youtube/http/www.youtube.com/channel/ios-app_/5440/UCt7PIwo9G4g-K-Ji5B1Jc5]
[www.youtube.com/static/media/images/home/mobile-hero/ios-app_/544007664/vnd.youtube/www.youtube.com/channel/ios-app_/544007664/vnd.youtube/www.youtube.com/channel/android-app_/com.google.and/UCt7PIwo9G4g-K-Ji5B1Jc5]
[www.youtube.com/static/media/images/home/mobile-hero/ios-app_/544007664/vnd.youtube/www.youtube.com/channel/ios-app_/544007664/vnd.youtube/www.youtube.com/channel/ios-app_/544007664/vnd.yout/UCt7PIwo9G4g-K-Ji5B1Jc5]
[www.youtube.com/embed/QOOw2E_qAsE390b.html]
[www.youtube.com/watch44dc.html]
[www.youtube.com/embed/NpTExshOGpY390b.html]
[www.youtube.com/watch85fa.html]
[www.youtube.com/embed/di7iONXeuQM390b.html]
[www.youtube.com/embed/Ov3egnjWG_A390b.html]
[www.youtube.com/watch1db6.html]
[www.youtube.com/watchec07.html]
[www.youtube.com/embed/0wKK_WOfNZE390b.html]
[www.youtube.com/embed/VbV0pVRlYGo390b.html]
[www.youtube.com/watch2a45.html]
[www.youtube.com/watchd0c7.html]
[www.youtube.com/trends/articles/stay-home-day-in-the-life/index.html]
[www.youtube.com/embed/J9YgLOX2Gzo390b.html]
[www.youtube.com/watch0731.html]
[www.youtube.com/trends/2021/index.html]
[www.youtube.com/trends/static/compiled/eoy2021.minff02.js]
[www.youtube.com/trends/2021.html]
[www.youtube.com/trends/articles/2020-youtube-music-stats/index.html]
[www.youtube.com/embed/3tv1zIdSTWw390b.html]
[www.youtube.com/watch8a52.html]
[www.youtube.com/embed/JslHOR_10gA390b.html]
[www.youtube.com/embed/bdBR-4BOS1Y390b.html]
[www.youtube.com/channel/UCUdF4kyAKLyT1xYTjddW5_w.html]
[www.youtube.com/channel/UCVYe9OwcrGrlRmlX8cSWgvg.html]
[www.youtube.com/channel/UCh5fwwlEPTqN68kZYL8nK5A.html]
[www.youtube.com/channel/UCmVzcQ5hXNecXAcbn6y7TEg.html]
[www.youtube.com/channel/UCgh9zWRC1xoItWngP_x-zxA.html]
[www.youtube.com/watch374b.html]
[www.youtube.com/trends/articles/on-the-rise-handcam-videos/index.html]
[www.youtube.com/channel/UCKyEHvXMFaECMG2JQ2GoX4w.html]
[www.youtube.com/trends/articles/2019-trends-to-follow/index.html]
[www.youtube.com/embed/8_igTYoM_VI390b.html]
[www.youtube.com/watch0cd9.html]
[www.youtube.com/trends/articles/retrogaming-community-1000x-growth/index.html]
[www.youtube.com/embed/3p713bNaO4A390b.html]
[www.youtube.com/watch6e45.html]
[www.youtube.com/watchd780.html]
[www.youtube.com/user/yogawithadriene.html]
[www.youtube.com/watch620d.html]
[www.youtube.com/watch411e.html]
[www.youtube.com/watch6eb7.html]
[www.youtube.com/user/JDCav24.html]
[www.youtube.com/watch35ae.html]
[www.youtube.com/watch63db.html]
[www.youtube.com/user/blogilates.html]
[www.youtube.com/watch326d.html]
[www.youtube.com/watch2c46.html]
[www.youtube.com/watch36d2.html]
[www.youtube.com/user/OutLawzFR.html]
[www.youtube.com/watch95e1.html]
[www.youtube.com/watch535d.html]
[www.youtube.com/user/gymvirtual.html]
[www.youtube.com/user/Secretosdechicas/featured.html]
[www.youtube.com/embed/4aRPLMQslSg390b.html]
[www.youtube.com/watchc042.html]
[www.youtube.com/watch5f8d.html]
[www.youtube.com/embed/WC0z9B0p1L4390b.html]
[www.youtube.com/embed/bQKIczEj8m4390b.html]
[www.youtube.com/watch3886.html]
[www.youtube.com/watch3a77.html]
[www.youtube.com/embed/Ga6Vr3Ec2Mc390b.html]
[www.youtube.com/embed/BkS1-El_WlE390b.html]
[www.youtube.com/watche5fb.html]
[www.youtube.com/watchbb5f.html]
[www.youtube.com/watch056c.html]
[www.youtube.com/watch6212.html]
[www.youtube.com/watch9cd9.html]
[www.youtube.com/trends/articles/fitness-community-in-depth/index.html]
[www.youtube.com/watchc766.html]
[www.youtube.com/trends/articles/racial-justice-content-on-youtube-explainer/index.html]
[www.youtube.com/embed/R9hv6NsWndM390b.html]
[www.youtube.com/watch5f62.html]
[www.youtube.com/embed/I_1I3ZLUUKE390b.html]
[www.youtube.com/watch1819.html]
[www.youtube.com/embed/lIvr-ORN3_w390b.html]
[www.youtube.com/watch7afd.html]
[www.youtube.com/watch2bc1.html]
[www.youtube.com/watch5882.html]
[www.youtube.com/watchc691.html]
[www.youtube.com/watch9933.html]
[www.youtube.com/watch68fc.html]
[www.youtube.com/watchbe45.html]
[www.youtube.com/watchc981.html]
[www.youtube.com/watchb395.html]
[www.youtube.com/watchbfaa.html]
[www.youtube.com/channel/UCf4ktrnK_jWG1mC7U7fNphA.html]
[www.youtube.com/channel/UCUC_22Y1A_uHZ9kEXSRPCKA.html]
[www.youtube.com/channel/UCbQ6t7WIw5XiIeW8v-AOnAw.html]
[www.youtube.com/channel/UCbAc0_6yP7RQuOPrfkb0ODw.html]
[www.youtube.com/embed/Uc87gWfIJtc390b.html]
[www.youtube.com/watch0589.html]
[www.youtube.com/watch50b3.html]
[www.youtube.com/watch3a7c.html]
[www.youtube.com/watchdf0e.html]
[www.youtube.com/watch1ae7.html]
[www.youtube.com/watch3714.html]
[www.youtube.com/watcha69e.html]
[www.youtube.com/watchb9c2.html]
[www.youtube.com/watch494f.html]
[www.youtube.com/watch2e7f.html]
[www.youtube.com/watche381.html]
[www.youtube.com/watchfc46.html]
[www.youtube.com/watch2e16.html]
[www.youtube.com/watchaa0e.html]
[www.youtube.com/embed/svmGQhQLuBQ390b.html]
[www.youtube.com/trends/articles/stay-home-distance-learning/index.html]
[www.youtube.com/embed/uUOwyIgzFOU390b.html]
[www.youtube.com/watch9a8f.html]
[www.youtube.com/embed/G3VTVnLLsGU390b.html]
[www.youtube.com/watchdbba.html]
[www.youtube.com/embed/DqlmDf6_hsY390b.html]
[www.youtube.com/channel/UCJmEkeFVWQ_2vtHNonYzVxA.html]
[www.youtube.com/embed/9tBg0Os5FWQ390b.html]
[www.youtube.com/channel/UCXchirenk1vN2hI1187MIrQ.html]
[www.youtube.com/channel/UCcXMGAm6Cx72kveyt9P6pBw.html]
[www.youtube.com/embed/k-gKo43s6nw390b.html]
[www.youtube.com/channel/UCviGwbBCkSd7wzBg7VpC9tg.html]
[www.youtube.com/channel/UC2ae70W6xXjT3ehS0G-NBUQ.html]
[www.youtube.com/embed/KIR1tLAz8RM390b.html]
[www.youtube.com/user/Joanndotcom.html]
[www.youtube.com/trends/articles/stay-home-face-mask-sewing-tutorials/index.html]
[www.youtube.com/embed/VgHrnS6n4iA390b.html]
[www.youtube.com/embed/mbX2e2CopSE390b.html]
[www.youtube.com/watch2804.html]
[www.youtube.com/feeds/videos66fb.xml]
[www.youtube.com/channel/android-app_/com.google.android.youtube/http/www.youtube.com/channel/UCAxW1XT0iEJo0TYlRfn6rYQ.e91.delayed]
[www.youtube.com/channel/ios-app_/544007664/vnd.youtube/www.youtube.com/channel/UCAxW1XT0iEJo0TYlRfn6rYQ.e93.delayed]
[www.youtube.com/channel/UCAxW1XT0iEJo0TYlRfn6rYQ.html]
[www.youtube.com/watche99b.html]
[www.youtube.com/android-app_/com.google.android.youtube/http/www.youtube.com/watche265.html]
[www.youtube.com/ios-app_/544007664/vnd.youtube/www.youtube.com/watch.e99e265.delayed]
[www.youtube.com/oembed654f.json]
[www.youtube.com/oembed9c44]
[i.ytimg.com/vi/DfRSBksRA9I/maxresdefault.jpg]
[www.youtube.com/@LeslieSansonesWalkatHome.html]
[www.youtube.com/embed/DfRSBksRA9I.html]
[i.ytimg.com/vi/DfRSBksRA9I/hqdefault.jpg]
[www.youtube.com/watche265.html]
[www.youtube.com/android-app_/com.google.android.youtube/http/www.youtube.com/watch91fc.html]
[www.youtube.com/watch9967.html]
[www.youtube.com/ios-app_/544007664/vnd.youtube/www.youtube.com/watch.ea691fc.delayed]
[www.youtube.com/oembed02ac.json]
[www.youtube.com/oembeddf44]
[i.ytimg.com/vi/VgBoh8dwTZw/hqdefault.jpg]
[www.youtube.com/watch91fc.html]
[www.youtube.com/embed/VgBoh8dwTZw.html]
[www.youtube.com/@ZumbaClass.html]
[www.youtube.com/watch40bb.html]
[www.youtube.com/android-app_/com.google.android.youtube/http/www.youtube.com/watchaa32.html]
[www.youtube.com/ios-app_/544007664/vnd.youtube/www.youtube.com/watch.eb2aa32.delayed]
[www.youtube.com/oembedd2b1.json]
[www.youtube.com/oembed4fd0]
[i.ytimg.com/vi/gUHu68SB22U/hqdefault.jpg]
[www.youtube.com/watchaa32.html]
[www.youtube.com/embed/gUHu68SB22U.html]
[www.youtube.com/@JennyMcClendonFitStart.html]
[www.youtube.com/feeds/videosb528.xml]
[www.youtube.com/channel/android-app_/com.google.android.youtube/http/www.youtube.com/channel/UCVl6ZdslZz2Zj-34bMJFPbg.ebc.delayed]
[www.youtube.com/channel/ios-app_/544007664/vnd.youtube/www.youtube.com/channel/UCVl6ZdslZz2Zj-34bMJFPbg.ebe.delayed]
[www.youtube.com/channel/UCVl6ZdslZz2Zj-34bMJFPbg.html]
[www.youtube.com/channel/UCDUlDJcPPOOQK-3UrxEyhAQ.html]
[www.youtube.com/feeds/videosc5af.xml]
[www.youtube.com/channel/UCDUlDJcPPOOQK-3UrxEyhAQ/android-app_/com.google.android.youtube/http/www.youtube.com/channel/UCDUlDJcPPOOQK-3UrxEyhAQ.html]
[www.youtube.com/channel/UCDUlDJcPPOOQK-3UrxEyhAQ/videos.html]
[www.youtube.com/channel/UCDUlDJcPPOOQK-3UrxEyhAQ/ios-app_/544007664/vnd.youtube/www.youtube.com/channel/UCDUlDJcPPOOQK-3UrxEyhAQ.html]
[www.youtube.com/feeds/videos16a4.xml]
[www.youtube.com/channel/android-app_/com.google.android.youtube/http/www.youtube.com/channel/UCpQ34afVgk8cRQBjSJ1xuJQ.ec9.delayed]
[www.youtube.com/channel/ios-app_/544007664/vnd.youtube/www.youtube.com/channel/UCpQ34afVgk8cRQBjSJ1xuJQ.ecb.delayed]
[www.youtube.com/channel/UCpQ34afVgk8cRQBjSJ1xuJQ.html]
[www.youtube.com/channel/UCXIJ2-RSIGn53HA-x9RDevA.html]
[www.youtube.com/feeds/videosc9cd.xml]
[www.youtube.com/user/KozakSportsPerform/android-app_/com.google.android.youtube/http/www.youtube.com/channel/UCXIJ2-RSIGn53HA-x9RDevA.html]
[www.youtube.com/user/KozakSportsPerform/featured.html]
[www.youtube.com/user/KozakSportsPerform/ios-app_/544007664/vnd.youtube/www.youtube.com/channel/UCXIJ2-RSIGn53HA-x9RDevA.html]
[www.youtube.com/channel/UCCgLoMYIyP0U56dEhEL1wXQ.html]
[www.youtube.com/feeds/videos2eb4.xml]
[www.youtube.com/user/ChloesAddiction/android-app_/com.google.android.youtube/http/www.youtube.com/channel/UCCgLoMYIyP0U56dEhEL1wXQ.html]
[www.youtube.com/user/ChloesAddiction/featured.html]
[www.youtube.com/user/ChloesAddiction/ios-app_/544007664/vnd.youtube/www.youtube.com/channel/UCCgLoMYIyP0U56dEhEL1wXQ.html]
[www.youtube.com/android-app_/com.google.android.youtube/http/www.youtube.com/watch018e.html]
[www.youtube.com/ios-app_/544007664/vnd.youtube/www.youtube.com/watch.ede018e.delayed]
[www.youtube.com/oembed56bd.json]
[www.youtube.com/oembed7092]
[i.ytimg.com/vi/mbX2e2CopSE/maxresdefault.jpg]
[www.youtube.com/@ChloeTing.html]
[www.youtube.com/embed/mbX2e2CopSE.html]
[i.ytimg.com/vi/mbX2e2CopSE/hqdefault.jpg]
[www.youtube.com/watch018e.html]
[www.youtube.com/watch547a.html]
[www.youtube.com/android-app_/com.google.android.youtube/http/www.youtube.com/watch2ce3.html]
[www.youtube.com/ios-app_/544007664/vnd.youtube/www.youtube.com/watch.eeb2ce3.delayed]
[www.youtube.com/oembedeedc.json]
[www.youtube.com/oembeddf46]
[i.ytimg.com/vi/mTgc6gpCEng/maxresdefault.jpg]
[www.youtube.com/embed/mTgc6gpCEng.html]
[i.ytimg.com/vi/mTgc6gpCEng/hqdefault.jpg]
[www.youtube.com/watch2ce3.html]
[www.youtube.com/android-app_/com.google.android.youtube/http/www.youtube.com/watcha023.html]
[www.youtube.com/ios-app_/544007664/vnd.youtube/www.youtube.com/watch.ef5a023.delayed]
[www.youtube.com/oembedd525.json]
[www.youtube.com/oembed9492]
[i.ytimg.com/vi/pKUu6PKNyzk/maxresdefault.jpg]
[www.youtube.com/@GarenaFreeFireIndonesia.html]
[www.youtube.com/embed/pKUu6PKNyzk.html]
[i.ytimg.com/vi/pKUu6PKNyzk/hqdefault.jpg]
[www.youtube.com/watcha023.html]
[www.youtube.com/embed/oq2Rz2I11l0390b.html]
[www.youtube.com/watch8fad.html]
[www.youtube.com/android-app_/com.google.android.youtube/http/www.youtube.com/watchde71.html]
[www.youtube.com/ios-app_/544007664/vnd.youtube/www.youtube.com/watch.f02de71.delayed]
[www.youtube.com/oembed6656.json]
[www.youtube.com/oembed7c6a]
[i.ytimg.com/vi/-iQEKtOd6cM/maxresdefault.jpg]
[www.youtube.com/embed/-iQEKtOd6cM.html]
[www.youtube.com/@GarenaFreeFireLATAM.html]
[i.ytimg.com/vi/-iQEKtOd6cM/hqdefault.jpg]
[www.youtube.com/watchde71.html]
[www.youtube.com/embed/-iQEKtOd6cM390b.html]
[www.youtube.com/embed/XfTkSeHZiH8390b.html]
[www.youtube.com/channel/UChBEbMKI1eCcejTtmI32UEw.html]
[www.youtube.com/user/FrenchGuyCooking.html]
[www.youtube.com/watchfbb1.html]
[www.youtube.com/watch8ec1.html]
[www.youtube.com/watchfd7d.html]
[www.youtube.com/watchb494.html]
[www.youtube.com/watch1058.html]
[www.youtube.com/watch1579.html]
[www.youtube.com/watch9b26.html]
[www.youtube.com/embed/APEavQg8rMw390b.html]
[www.youtube.com/watch1750.html]
[www.youtube.com/watch52a3.html]
[www.youtube.com/embed/sTAiDki7AQA390b.html]
[www.youtube.com/watchb85a.html]
[www.youtube.com/user/BrothersGreenEats/featured.html]
[www.youtube.com/watch4ad6.html]
[www.youtube.com/embed/yg5nLQVg4VY390b.html]
[www.youtube.com/watchfae2.html]
[www.youtube.com/channel/UCqsvmrjWY7fPcKqWHnYVTMA.html]
[www.youtube.com/trends/articles/stay-home-sourdough-tutorials/index.html]
[www.youtube.com/trends/static/deep-dive/covid-impact/assets/diagram.png]
[www.youtube.com/watch19f7.html]
[www.youtube.com/trends/static/deep-dive/covid-impact/assets/selfcare.png]
[www.youtube.com/trends/static/deep-dive/covid-impact/assets/social.png]
[www.youtube.com/trends/static/deep-dive/covid-impact/assets/identity.png]
[www.youtube.com/trends/static/compiled/polygraph.minf47f.js]
[www.youtube.com/trends/articles/covid-impact/index.html]
[www.youtube.com/c/Dr4gonBlitz1.html]
[www.youtube.com/c/EazySpeezy/featured.html]
[www.youtube.com/c/DarkViperAU.html]
[www.youtube.com/watch091b.html]
[www.youtube.com/watche62b.html]
[www.youtube.com/channel/UC3ltptWa0xfrDweghW94Acg.html]
[www.youtube.com/c/ProfessorBiggyMinecraft/videos.html]
[www.youtube.com/watch9525.html]
[www.youtube.com/watch1413.html]
[www.youtube.com/watch168b.html]
[www.youtube.com/channel/UCHRA6fEWNHArzC6yNRj8WDg.html]
[www.youtube.com/watchfb02.html]
[www.youtube.com/watchb4bd.html]
[www.youtube.com/watch8562.html]
[www.youtube.com/watchb2ab.html]
[www.youtube.com/watch7d0f.html]
[www.youtube.com/channel/UCBfBelr49jSWBML-rkEdHbg.html]
[www.youtube.com/c/EZScapeSpeedruns.html]
[www.youtube.com/c/karljobst.html]
[www.youtube.com/watchb9dd.html]
[www.youtube.com/watchc192.html]
[www.youtube.com/watch016e.html]
[www.youtube.com/watchd222.html]
[www.youtube.com/watchdedc.html]
[www.youtube.com/watchd138.html]
[www.youtube.com/c/IamMoBo/featured.html]
[www.youtube.com/watch50cb.html]
[www.youtube.com/embed/-G8x-KiBLfw390b.html]
[www.youtube.com/watchef7e.html]
[www.youtube.com/embed/HpPm7ULW7wU390b.html]
[www.youtube.com/embed/L5aQzCJW5-s390b.html]
[www.youtube.com/embed/8uSE7G_Dv7w390b.html]
[www.youtube.com/trends/articles/community-spotlight-speedrunning/index.html]
[www.youtube.com/embed/CVv_qpH2340390b.html]
[www.youtube.com/feeds/videosba42.xml]
[www.youtube.com/channel/android-app_/com.google.android.youtube/http/www.youtube.com/channel/UCbxtF9IpNoYXcw0kz5Qhnhw.f49.delayed]
[www.youtube.com/channel/ios-app_/544007664/vnd.youtube/www.youtube.com/channel/UCbxtF9IpNoYXcw0kz5Qhnhw.f4b.delayed]
[www.youtube.com/channel/UCbxtF9IpNoYXcw0kz5Qhnhw.html]
[www.youtube.com/feeds/videos58b9.xml]
[www.youtube.com/channel/android-app_/com.google.android.youtube/http/www.youtube.com/channel/UCv5gQgP_uGbJxImWVoUC_Ng.f4f.delayed]
[www.youtube.com/channel/ios-app_/544007664/vnd.youtube/www.youtube.com/channel/UCv5gQgP_uGbJxImWVoUC_Ng.f51.delayed]
[www.youtube.com/channel/UCv5gQgP_uGbJxImWVoUC_Ng.html]
[www.youtube.com/watch391f.html]
[www.youtube.com/android-app_/com.google.android.youtube/http/www.youtube.com/watch5010.html]
[www.youtube.com/ios-app_/544007664/vnd.youtube/www.youtube.com/watch.f575010.delayed]
[www.youtube.com/oembed541a.json]
[www.youtube.com/oembed5c65]
[i.ytimg.com/vi/v2jdVXRTQuI/maxresdefault.jpg]
[www.youtube.com/embed/v2jdVXRTQuI.html]
[www.youtube.com/@KhatarnakIshan.html]
[i.ytimg.com/vi/v2jdVXRTQuI/hqdefault.jpg]
[www.youtube.com/watch5010.html]
[www.youtube.com/embed/v2jdVXRTQuI390b.html]
[www.youtube.com/channel/UCjZOeRcwSIEwRIVqwGbKqEA.html]
[www.youtube.com/feeds/videosd13d.xml]
[www.youtube.com/c/android-app_/com.google.android.youtube/http/www.youtube.com/channel/UCjZOeRcwSIEwRIVqwGbKqEA.html]
[www.youtube.com/c/ios-app_/544007664/vnd.youtube/www.youtube.com/channel/UCjZOeRcwSIEwRIVqwGbKqEA.f65.delayed]
[www.youtube.com/c/MrDsb.html]
[www.youtube.com/watch2a7c.html]
[www.youtube.com/android-app_/com.google.android.youtube/http/www.youtube.com/watchad29.html]
[www.youtube.com/ios-app_/544007664/vnd.youtube/www.youtube.com/watch.f6bad29.delayed]
[www.youtube.com/oembed9448.json]
[www.youtube.com/oembede19c]
[i.ytimg.com/vi/-fYau0O5U9U/maxresdefault.jpg]
[www.youtube.com/@MrDsb.html]
[www.youtube.com/embed/-fYau0O5U9U.html]
[i.ytimg.com/vi/-fYau0O5U9U/hqdefault.jpg]
[www.youtube.com/watchad29.html]
[www.youtube.com/embed/fRP8o96effA390b.html]
[www.youtube.com/watch5169.html]
[www.youtube.com/channel/UCnnHqtApBbQDFy0YEnJXKjg.html]
[www.youtube.com/feeds/videose509.xml]
[www.youtube.com/c/android-app_/com.google.android.youtube/http/www.youtube.com/channel/UCnnHqtApBbQDFy0YEnJXKjg.html]
[www.youtube.com/c/ios-app_/544007664/vnd.youtube/www.youtube.com/channel/UCnnHqtApBbQDFy0YEnJXKjg.f7a.delayed]
[www.youtube.com/c/TheFamousFilms.html]
[www.youtube.com/embed/SM8LgPJ3jlg390b.html]
[www.youtube.com/watch4f4e.html]
[www.youtube.com/channel/UCPBy8SaMtEat8TmNLP6bmKQ.html]
[www.youtube.com/feeds/videos2166.xml]
[www.youtube.com/c/LogicProXGaming/android-app_/com.google.android.youtube/http/www.youtube.com/channel/UCPBy8SaMtEat8TmNLP6bmKQ.html]
[www.youtube.com/c/LogicProXGaming/featured.html]
[www.youtube.com/c/LogicProXGaming/ios-app_/544007664/vnd.youtube/www.youtube.com/channel/UCPBy8SaMtEat8TmNLP6bmKQ.html]
[www.youtube.com/embed/i5VzQbyAN9g390b.html]
[www.youtube.com/android-app_/com.google.android.youtube/http/www.youtube.com/watcha152.html]
[www.youtube.com/ios-app_/544007664/vnd.youtube/www.youtube.com/watcha152.html]
[www.youtube.com/watch5b50.html]
[www.youtube.com/channel/UCaHT88aobpcvRFEuy4v5Clg.html]
[www.youtube.com/feeds/videosa512.xml]
[www.youtube.com/android-app_/com.google.android.youtube/http/www.youtube.com/channel/UCaHT88aobpcvRFEuy4v5Clg.html]
[www.youtube.com/ios-app_/544007664/vnd.youtube/www.youtube.com/channel/UCaHT88aobpcvRFEuy4v5Clg.f8b.delayed]
[www.youtube.com/@LIMC.html]
[www.youtube.com/embed/3dCnwRDDBZw.html]
[www.youtube.com/ios-app_/544007664/vnd.youtube/www.youtube.com/watch.f90018a.delayed]
[www.youtube.com/android-app_/com.google.android.youtube/http/www.youtube.com/watch018a.html]
[www.youtube.com/oembed71c8.json]
[www.youtube.com/oembed3ae1]
[i.ytimg.com/vi/Mr9gKq4Aco4/maxresdefault.jpg]
[www.youtube.com/@Zaccrim.html]
[www.youtube.com/embed/Mr9gKq4Aco4.html]
[i.ytimg.com/vi/Mr9gKq4Aco4/hqdefault.jpg]
[www.youtube.com/watch018a.html]
[www.youtube.com/embed/6yvfU8xK_VQ390b.html]
[www.youtube.com/embed/HcNvWfGyoso390b.html]
[www.youtube.com/watch5ffd.html]
[www.youtube.com/watch8709.html]
[www.youtube.com/embed/YTrJ_w2qEFk390b.html]
[www.youtube.com/watchee8a.html]
[www.youtube.com/embed/32s6iS9ihpA390b.html]
[www.youtube.com/watchc630.html]
[www.youtube.com/android-app_/com.google.android.youtube/http/www.youtube.com/watch09fe.html]
[www.youtube.com/ios-app_/544007664/vnd.youtube/www.youtube.com/watch.fa009fe.delayed]
[www.youtube.com/oembedb0d1.json]
[www.youtube.com/oembed7f4d]
[i.ytimg.com/vi/LKxewamUrIc/maxresdefault.jpg]
[www.youtube.com/@YouTubeForBusiness.html]
[www.youtube.com/embed/LKxewamUrIc.html]
[i.ytimg.com/vi/LKxewamUrIc/hqdefault.jpg]
[www.youtube.com/watch09fe.html]
[www.youtube.com/channel/android-app_/com.google.android.youtube/http/www.youtube.com/channel/UCOe_y6KKvS3PdIfb9q9pGug.html]
[www.youtube.com/channel/ios-app_/544007664/vnd.youtube/www.youtube.com/channel/UCOe_y6KKvS3PdIfb9q9pGug.html]
[www.youtube.com/channel/android-app_/com.google.android.youtube/http/www.youtube.com/channel/UCwWhs_6x42TyRM4Wstoq8HA.html]
[www.youtube.com/channel/ios-app_/544007664/vnd.youtube/www.youtube.com/channel/UCwWhs_6x42TyRM4Wstoq8HA.html]
[www.youtube.com/android-app_/com.google.android.youtube/http/www.youtube.com/watcha5cb.html]
[www.youtube.com/ios-app_/544007664/vnd.youtube/www.youtube.com/watcha5cb.html]
[i.ytimg.com/vi/Ih2WTyY62J4/hqdefault.jpg]
[www.youtube.com/channel/android-app_/com.google.android.youtube/http/www.youtube.com/channel/UCYJdpnjuSWVOLgGT9fIzL0g.html]
[www.youtube.com/channel/ios-app_/544007664/vnd.youtube/www.youtube.com/channel/UCYJdpnjuSWVOLgGT9fIzL0g.html]
[www.youtube.com/channel/android-app_/com.google.android.youtube/http/www.youtube.com/channel/UCcuLSr4UhAU8Rdegc264srg.html]
[www.youtube.com/channel/ios-app_/544007664/vnd.youtube/www.youtube.com/channel/UCcuLSr4UhAU8Rdegc264srg.html]
[www.youtube.com/channel/android-app_/com.google.android.youtube/http/www.youtube.com/channel/UCNepEAWZH0TBu7dkxIbluDw.html]
[www.youtube.com/channel/ios-app_/544007664/vnd.youtube/www.youtube.com/channel/UCNepEAWZH0TBu7dkxIbluDw.html]
[www.youtube.com/embed/HPJKxAhLw5I390b.html]
[www.youtube.com/android-app_/com.google.android.youtube/http/www.youtube.com/watch9988.html]
[www.youtube.com/ios-app_/544007664/vnd.youtube/www.youtube.com/watch.fad9988.delayed]
[www.youtube.com/oembed0f75.json]
[www.youtube.com/oembed1b3a]
[i.ytimg.com/vi/HPJKxAhLw5I/maxresdefault.jpg]
[www.youtube.com/embed/HPJKxAhLw5I.html]
[www.youtube.com/@MrBeast.html]
[i.ytimg.com/vi/HPJKxAhLw5I/hqdefault.jpg]
[www.youtube.com/watch9988.html]
[www.youtube.com/feeds/videos09dc.xml]
[www.youtube.com/channel/android-app_/com.google.android.youtube/http/www.youtube.com/channel/UCX6OQ3DkcsbYNE6H8uQQuVA.fb8.delayed]
[www.youtube.com/channel/ios-app_/544007664/vnd.youtube/www.youtube.com/channel/UCX6OQ3DkcsbYNE6H8uQQuVA.fba.delayed]
[www.youtube.com/channel/UCX6OQ3DkcsbYNE6H8uQQuVA.html]
[www.youtube.com/feeds/videos7368.xml]
[www.youtube.com/channel/UCY1kMZp36IQSyNx_9h4mpCg.html]
[www.youtube.com/user/android-app_/com.google.android.youtube/http/www.youtube.com/channel/UCY1kMZp36IQSyNx_9h4mpCg.fbf.delayed]
[www.youtube.com/user/ios-app_/544007664/vnd.youtube/www.youtube.com/channel/UCY1kMZp36IQSyNx_9h4mpCg.fc1.delayed]
[www.youtube.com/user/onemeeeliondollars.html]
[www.youtube.com/android-app_/com.google.android.youtube/http/www.youtube.com/watch8be5.html]
[www.youtube.com/ios-app_/544007664/vnd.youtube/www.youtube.com/watch.fc68be5.delayed]
[www.youtube.com/oembeda0a8.json]
[www.youtube.com/oembedcfbd]
[i.ytimg.com/vi/YlInGZ2Jb8A/maxresdefault.jpg]
[www.youtube.com/@AroyittGaming.html]
[www.youtube.com/embed/YlInGZ2Jb8A.html]
[i.ytimg.com/vi/YlInGZ2Jb8A/hqdefault.jpg]
[www.youtube.com/watch8be5.html]
[www.youtube.com/embed/7oIsAv2i3Js390b.html]
[www.youtube.com/watch727a.html]
[www.youtube.com/android-app_/com.google.android.youtube/http/www.youtube.com/watchffe3.html]
[www.youtube.com/ios-app_/544007664/vnd.youtube/www.youtube.com/watch.fd3ffe3.delayed]
[www.youtube.com/oembedba28.json]
[www.youtube.com/oembed7551]
[i.ytimg.com/vi/htkY6OcWIH4/maxresdefault.jpg]
[www.youtube.com/embed/htkY6OcWIH4.html]
[www.youtube.com/Mikecrack.html]
[i.ytimg.com/vi/htkY6OcWIH4/hqdefault.jpg]
[www.youtube.com/watchffe3.html]
[www.youtube.com/android-app_/com.google.android.youtube/http/www.youtube.com/watch8ea6.html]
[www.youtube.com/ios-app_/544007664/vnd.youtube/www.youtube.com/watch.fe08ea6.delayed]
[www.youtube.com/oembed949a.json]
[www.youtube.com/oembed34e7]
[i.ytimg.com/vi/HVqLEjh4F4U/maxresdefault.jpg]
[www.youtube.com/embed/HVqLEjh4F4U.html]
[www.youtube.com/@luzugames.html]
[i.ytimg.com/vi/HVqLEjh4F4U/hqdefault.jpg]
[www.youtube.com/watch8ea6.html]
[www.youtube.com/embed/yQVMGEsYDhc390b.html]
[www.youtube.com/watchf015.html]
[www.youtube.com/feeds/videos7597.xml]
[www.youtube.com/channel/android-app_/com.google.android.youtube/http/www.youtube.com/channel/UCShWWbQXLQRSzncnDm51JtQ.fec.delayed]
[www.youtube.com/channel/ios-app_/544007664/vnd.youtube/www.youtube.com/channel/UCShWWbQXLQRSzncnDm51JtQ.fee.delayed]
[www.youtube.com/channel/UCShWWbQXLQRSzncnDm51JtQ.html]
[www.youtube.com/feeds/videos97b4.xml]
[www.youtube.com/channel/android-app_/com.google.android.youtube/http/www.youtube.com/channel/UCg4XK-l40KZD7fLi12pJ1YA.ff2.delayed]
[www.youtube.com/channel/ios-app_/544007664/vnd.youtube/www.youtube.com/channel/UCg4XK-l40KZD7fLi12pJ1YA.ff4.delayed]
[www.youtube.com/channel/UCg4XK-l40KZD7fLi12pJ1YA.html]
[www.youtube.com/feeds/videos5dfc.xml]
[www.youtube.com/channel/android-app_/com.google.android.youtube/http/www.youtube.com/channel/UCj-wTLj0p0YvTkS-9-ACm0A.ff8.delayed]
[www.youtube.com/channel/ios-app_/544007664/vnd.youtube/www.youtube.com/channel/UCj-wTLj0p0YvTkS-9-ACm0A.ffa.delayed]
[www.youtube.com/channel/UCj-wTLj0p0YvTkS-9-ACm0A.html]
[www.youtube.com/feeds/videos7c60.xml]
[www.youtube.com/channel/android-app_/com.google.android.youtube/http/www.youtube.com/channel/UCIYIqgRv_yexwamrVb7Va7Q.ffe.delayed]
[www.youtube.com/channel/ios-app_/544007664/vnd.youtube/www.youtube.com/channel/UCIYIqgRv_yexwamrVb7Va7Q.1000.delayed]
[www.youtube.com/channel/UCIYIqgRv_yexwamrVb7Va7Q.html]
[www.youtube.com/embed/xMR-WlwbxyU390b.html]
[www.youtube.com/watch8e1b.html]
[www.youtube.com/trends/articles/minecraft-1t-derivakat/index.html]
[www.youtube.com/embed/lCpszkhqV-o390b.html]
[www.youtube.com/embed/N3Lrxk1KBng390b.html]
[www.youtube.com/c/ThatLittlePuff.html]
[www.youtube.com/watchb22c.html]
[www.youtube.com/watch426f.html]
[www.youtube.com/watch5e52.html]
[www.youtube.com/embed/tPEE9ZwTmy0390b.html]
[www.youtube.com/watch0d05.html]
[www.youtube.com/shorts/KDDECxXwE4E.html]
[www.youtube.com/embed/KDDECxXwE4E390b.html]
[www.youtube.com/c/CookingCat料理貓王/featured.html]
[www.youtube.com/embed/l6Vg7ybO5Ac390b.html]
[www.youtube.com/c/OwlKitty.html]
[www.youtube.com/trends/articles/international-cat-day-2022/index.html]
[www.youtube.com/playlistfddb.html]
[www.youtube.com/trends/articles/report-sources/here.1011.delayed]
[www.youtube.com/trends/articles/report-sources/index.html]
[www.youtube.com/embed/R_fZjGm2OrM390b.html]
[www.youtube.com/watchf0a6.html]
[www.youtube.com/watch7614.html]
[www.youtube.com/channel/UCFKE7WVJfvaHW5q283SxchA.html]
[www.youtube.com/watch7d6b.html]
[www.youtube.com/watchb009.html]
[www.youtube.com/watchcaf1.html]
[www.youtube.com/channel/UCb-ODDTys9PeeSyreyh___w.html]
[www.youtube.com/watchef8e.html]
[www.youtube.com/channel/UCWN2FPlvg9r-LnUyepH9IaQ.html]
[www.youtube.com/watchcffb.html]
[www.youtube.com/watch3573.html]
[www.youtube.com/c/XuanLanYoga/videos.html]
[www.youtube.com/channel/UCHJBoCDxaCTRrwCHXEBA-BA.html]
[www.youtube.com/watch1f8d.html]
[www.youtube.com/watch1971.html]
[www.youtube.com/watch2a84.html]
[www.youtube.com/watch4ef9.html]
[www.youtube.com/watch44a6.html]
[www.youtube.com/watch34d8.html]
[www.youtube.com/watch00fa.html]
[www.youtube.com/watch4f01.html]
[www.youtube.com/watchbbfa.html]
[www.youtube.com/watch684c.html]
[www.youtube.com/trends/articles/yoga-community/index.html]
[www.youtube.com/android-app_/com.google.android.youtube/http/www.youtube.com/watchf125.html]
[www.youtube.com/ios-app_/544007664/vnd.youtube/www.youtube.com/watchf125.html]
[www.youtube.com/watchff14.html]
[www.youtube.com/channel/UCse4ijB3OGm6fWKxEaFvLKw.html]
[www.youtube.com/feeds/videosaba9.xml]
[www.youtube.com/android-app_/com.google.android.youtube/http/www.youtube.com/channel/UCse4ijB3OGm6fWKxEaFvLKw.html]
[www.youtube.com/ios-app_/544007664/vnd.youtube/www.youtube.com/channel/UCse4ijB3OGm6fWKxEaFvLKw.1030.delayed]
[www.youtube.com/@CoffeeFuelledGenius.html]
[www.youtube.com/embed/TqsmW3oO4UM.html]
[www.youtube.com/android-app_/com.google.android.youtube/http/www.youtube.com/watch7acb.html]
[www.youtube.com/ios-app_/544007664/vnd.youtube/www.youtube.com/watch7acb.html]
[i.ytimg.com/vi/mCzjDUwtCYE/hqdefault.jpg]
[www.youtube.com/android-app_/com.google.android.youtube/http/www.youtube.com/watch58f2.html]
[www.youtube.com/ios-app_/544007664/vnd.youtube/www.youtube.com/watch58f2.html]
[www.youtube.com/feeds/videosb8eb.xml]
[www.youtube.com/channel/UCbKWv2x9t6u8yZoB3KcPtnw.html]
[www.youtube.com/ios-app_/544007664/vnd.youtube/www.youtube.com/channel/UCbKWv2x9t6u8yZoB3KcPtnw.1039.delayed]
[www.youtube.com/@alanbecker.html]
[www.youtube.com/embed/sHFeuBlBUos.html]
[www.youtube.com/android-app_/com.google.android.youtube/http/www.youtube.com/channel/UCbKWv2x9t6u8yZoB3KcPtnw.html]
[www.youtube.com/channel/android-app_/com.google.android.youtube/http/www.youtube.com/channel/UCEnqwW6f7bYidXHAI13hhMA.103c.delayed]
[www.youtube.com/channel/ios-app_/544007664/vnd.youtube/www.youtube.com/channel/UCEnqwW6f7bYidXHAI13hhMA.103e.delayed]
[www.youtube.com/channel/UCEnqwW6f7bYidXHAI13hhMA.html]
[www.youtube.com/c/android-app_/com.google.android.youtube/http/www.youtube.com/channel/UCEnqwW6f7bYidXHAI13hhMA.html]
[www.youtube.com/c/ios-app_/544007664/vnd.youtube/www.youtube.com/channel/UCEnqwW6f7bYidXHAI13hhMA.html]
[www.youtube.com/android-app_/com.google.android.youtube/http/www.youtube.com/watchaa7e.html]
[www.youtube.com/ios-app_/544007664/vnd.youtube/www.youtube.com/watchaa7e.html]
[www.youtube.com/feeds/videos3fa5.xml]
[www.youtube.com/channel/UC2mP7il3YV7TxM_3m6U0bwA.html]
[www.youtube.com/android-app_/com.google.android.youtube/http/www.youtube.com/channel/UC2mP7il3YV7TxM_3m6U0bwA.html]
[www.youtube.com/ios-app_/544007664/vnd.youtube/www.youtube.com/channel/UC2mP7il3YV7TxM_3m6U0bwA.1047.delayed]
[www.youtube.com/@jschlattLIVE.html]
[www.youtube.com/embed/n702ZqKYudQ.html]
[www.youtube.com/android-app_/com.google.android.youtube/http/www.youtube.com/watchfbfa.html]
[www.youtube.com/ios-app_/544007664/vnd.youtube/www.youtube.com/watchfbfa.html]
[www.youtube.com/channel/UCmbP0Q_L9NzAQDz8voa4ZTw.html]
[www.youtube.com/feeds/videosa7fe.xml]
[www.youtube.com/android-app_/com.google.android.youtube/http/www.youtube.com/channel/UCmbP0Q_L9NzAQDz8voa4ZTw.html]
[www.youtube.com/ios-app_/544007664/vnd.youtube/www.youtube.com/channel/UCmbP0Q_L9NzAQDz8voa4ZTw.104f.delayed]
[www.youtube.com/@CallMeCarsonLIVE.html]
[www.youtube.com/embed/rWJlMuElWY0.html]
[www.youtube.com/android-app_/com.google.android.youtube/http/youtube.comhttp_/www.youtube.com/playlist532f.html]
[www.youtube.com/ios-app_/544007664/http/youtube.comhttp_/www.youtube.com/playlist532f.html]
[www.youtube.com/android-app_/com.google.android.youtube/http/www.youtube.com/watch3f5e.html]
[www.youtube.com/ios-app_/544007664/vnd.youtube/www.youtube.com/watch3f5e.html]
[www.youtube.com/channel/UCJp3rQ2_ZeTFRDQWrTCWfHQ.html]
[www.youtube.com/feeds/videos83d0.xml]
[www.youtube.com/android-app_/com.google.android.youtube/http/www.youtube.com/channel/UCJp3rQ2_ZeTFRDQWrTCWfHQ.html]
[www.youtube.com/ios-app_/544007664/vnd.youtube/www.youtube.com/channel/UCJp3rQ2_ZeTFRDQWrTCWfHQ.1058.delayed]
[www.youtube.com/@BuildCraft23.html]
[www.youtube.com/embed/7h3rieDKRtw.html]
[www.youtube.com/android-app_/com.google.android.youtube/http/www.youtube.com/watch1354.html]
[www.youtube.com/ios-app_/544007664/vnd.youtube/www.youtube.com/watch1354.html]
[www.youtube.com/channel/UCawEP-InoKYKutsgq_vqIXA.html]
[www.youtube.com/feeds/videosb9b6.xml]
[www.youtube.com/android-app_/com.google.android.youtube/http/www.youtube.com/channel/UCawEP-InoKYKutsgq_vqIXA.html]
[www.youtube.com/ios-app_/544007664/vnd.youtube/www.youtube.com/channel/UCawEP-InoKYKutsgq_vqIXA.1060.delayed]
[www.youtube.com/@SquaredMediaYT.html]
[www.youtube.com/embed/yCNUP2NAt-A.html]
[www.youtube.com/android-app_/com.google.android.youtube/http/www.youtube.com/watch13a4.html]
[www.youtube.com/ios-app_/544007664/vnd.youtube/www.youtube.com/watch.106513a4.delayed]
[www.youtube.com/watch13a4.html]
[www.youtube.com/embed/knHejfHJKtc390b.html]
[www.youtube.com/watch43b9.html]
[www.youtube.com/feeds/videosbcae.xml]
[www.youtube.com/channel/android-app_/com.google.android.youtube/http/www.youtube.com/channel/UC-J69_lkam--1V2wDU3aggg.106b.delayed]
[www.youtube.com/channel/ios-app_/544007664/vnd.youtube/www.youtube.com/channel/UC-J69_lkam--1V2wDU3aggg.106d.delayed]
[www.youtube.com/channel/UC-J69_lkam--1V2wDU3aggg.html]
[www.youtube.com/android-app_/com.google.android.youtube/http/www.youtube.com/watchedc2.html]
[www.youtube.com/ios-app_/544007664/vnd.youtube/www.youtube.com/watch.1072edc2.delayed]
[www.youtube.com/oembedb9a7.json]
[www.youtube.com/oembed9c51]
[i.ytimg.com/vi/HlBJbKHeU00/maxresdefault.jpg]
[www.youtube.com/@theASMRnerd.html]
[www.youtube.com/embed/HlBJbKHeU00.html]
[i.ytimg.com/vi/HlBJbKHeU00/hqdefault.jpg]
[www.youtube.com/watchedc2.html]
[www.youtube.com/embed/HlBJbKHeU00390b.html]
[www.youtube.com/channel/UC_L5DaslvV0_wn_3_OEBCeA.html]
[www.youtube.com/feeds/videos8ee5.xml]
[www.youtube.com/c/android-app_/com.google.android.youtube/http/www.youtube.com/channel/UC_L5DaslvV0_wn_3_OEBCeA.html]
[www.youtube.com/c/ios-app_/544007664/vnd.youtube/www.youtube.com/channel/UC_L5DaslvV0_wn_3_OEBCeA.1080.delayed]
[www.youtube.com/c/InfiniteDrift.html]
[www.youtube.com/android-app_/com.google.android.youtube/http/youtube.comhttp_/www.youtube.com/playliste572.html]
[www.youtube.com/ios-app_/544007664/http/youtube.comhttp_/www.youtube.com/playlist.1085e572.delayed]
[www.youtube.com/playliste572.html]
[www.youtube.com/feeds/videosa055.xml]
[www.youtube.com/channel/android-app_/com.google.android.youtube/http/www.youtube.com/channel/UCzF0i37bQNFYwzSh3GVsTkA.1089.delayed]
[www.youtube.com/channel/ios-app_/544007664/vnd.youtube/www.youtube.com/channel/UCzF0i37bQNFYwzSh3GVsTkA.108b.delayed]
[www.youtube.com/channel/UCzF0i37bQNFYwzSh3GVsTkA.html]
[www.youtube.com/channel/UC_mzz_JnzArhhpGUy8KdGwg.html]
[www.youtube.com/feeds/videos4bad.xml]
[www.youtube.com/c/watchedwalker/android-app_/com.google.android.youtube/http/www.youtube.com/channel/UC_mzz_JnzArhhpGUy8KdGwg.html]
[www.youtube.com/c/watchedwalker/featured.html]
[www.youtube.com/c/watchedwalker/ios-app_/544007664/vnd.youtube/www.youtube.com/channel/UC_mzz_JnzArhhpGUy8KdGwg.html]
[www.youtube.com/embed/b5awNWktScQ390b.html]
[www.youtube.com/watch53e8.html]
[www.youtube.com/channel/UCbLDBxam7cqSM3aO5-NxDGg.html]
[www.youtube.com/feeds/videosaee4.xml]
[www.youtube.com/c/KelpieTheFox/android-app_/com.google.android.youtube/http/www.youtube.com/channel/UCbLDBxam7cqSM3aO5-NxDGg.html]
[www.youtube.com/c/KelpieTheFox/featured.html]
[www.youtube.com/c/KelpieTheFox/ios-app_/544007664/vnd.youtube/www.youtube.com/channel/UCbLDBxam7cqSM3aO5-NxDGg.html]
[www.youtube.com/watchf778.html]
[www.youtube.com/android-app_/com.google.android.youtube/http/www.youtube.com/watch4619.html]
[www.youtube.com/ios-app_/544007664/vnd.youtube/www.youtube.com/watch.10a04619.delayed]
[www.youtube.com/oembed230d.json]
[www.youtube.com/oembed7dee]
[i.ytimg.com/vi/dI-DJdBTseI/maxresdefault.jpg]
[www.youtube.com/embed/dI-DJdBTseI.html]
[www.youtube.com/@KelpieTheFox.html]
[i.ytimg.com/vi/dI-DJdBTseI/hqdefault.jpg]
[www.youtube.com/watch4619.html]
[www.youtube.com/android-app_/com.google.android.youtube/http/www.youtube.com/watchd7bd.html]
[www.youtube.com/ios-app_/544007664/vnd.youtube/www.youtube.com/watch.10acd7bd.delayed]
[www.youtube.com/oembed94df.json]
[www.youtube.com/oembed9d80]
[i.ytimg.com/vi/mbJHsQ7Q6ok/maxresdefault.jpg]
[www.youtube.com/@Typface.html]
[www.youtube.com/embed/mbJHsQ7Q6ok.html]
[i.ytimg.com/vi/mbJHsQ7Q6ok/hqdefault.jpg]
[www.youtube.com/watchd7bd.html]
[www.youtube.com/embed/dI-DJdBTseI390b.html]
[www.youtube.com/channel/UC4UNqGYuB2q49GzGD_CBIVQ.html]
[www.youtube.com/feeds/videosce67.xml]
[www.youtube.com/c/TrixyBlox/android-app_/com.google.android.youtube/http/www.youtube.com/channel/UC4UNqGYuB2q49GzGD_CBIVQ.html]
[www.youtube.com/c/TrixyBlox/featured.html]
[www.youtube.com/c/TrixyBlox/ios-app_/544007664/vnd.youtube/www.youtube.com/channel/UC4UNqGYuB2q49GzGD_CBIVQ.html]
[www.youtube.com/embed/VmFwf6CXbdc390b.html]
[www.youtube.com/trends/static/deep-dive/with-me-interactive/images/interaction.svg]
[www.youtube.com/watchdd1c.html]
[www.youtube.com/channel/android-app_/com.google.android.youtube/http/www.youtube.com/channel/UCSVSAF79XotyQpB6rArTCmQ.10be.delayed]
[www.youtube.com/channel/ios-app_/544007664/vnd.youtube/www.youtube.com/channel/UCSVSAF79XotyQpB6rArTCmQ.10c0.delayed]
[www.youtube.com/channel/UCSVSAF79XotyQpB6rArTCmQ.html]
[www.youtube.com/channel/UCSVSAF79XotyQpB6rArTCmQ/android-app_/com.google.android.youtube/http/www.youtube.com/channel/UCSVSAF79XotyQpB6rArTCmQ.html]
[www.youtube.com/channel/UCSVSAF79XotyQpB6rArTCmQ/android-app_/com.google.android.youtube/http/www.youtube.com/channel/ios-app_/544007664/vnd.youtube/www.youtube.com/channel/UCSVSAF79XotyQpB6rArTCmQ.html]
[www.youtube.com/channel/UCSVSAF79XotyQpB6rArTCmQ/ios-app_/544007664/vnd.youtube/www.youtube.com/channel/android-app_/com.google.android.youtube/http/www.youtube.com/channel/UCSVSAF79XotyQpB6rArTCmQ.html]
[www.youtube.com/channel/UCSVSAF79XotyQpB6rArTCmQ/ios-app_/544007664/vnd.youtube/www.youtube.com/channel/UCSVSAF79XotyQpB6rArTCmQ.html]
[www.youtube.com/android-app_/com.google.android.youtube/http/www.youtube.com/watch2b8b.html]
[www.youtube.com/ios-app_/544007664/vnd.youtube/www.youtube.com/watch2b8b.html]
[www.youtube.com/channel/UCSVSAF79XotyQpB6rArTCmQ/ios-app_/544007664/vnd.youtube/www.youtube.com/channel/ios-app_/544007664/vnd.youtube/www.youtube.com/channel/UCSVSAF79XotyQpB6rArTCmQ.html]
[www.youtube.com/channel/UC_uzIqtjA45jmKjQXDjTNQQ.html]
[www.youtube.com/feeds/videosaaac.xml]
[www.youtube.com/android-app_/com.google.android.youtube/http/www.youtube.com/channel/UC_uzIqtjA45jmKjQXDjTNQQ.html]
[www.youtube.com/ios-app_/544007664/vnd.youtube/www.youtube.com/channel/UC_uzIqtjA45jmKjQXDjTNQQ.10d1.delayed]
[www.youtube.com/@styledbyale.html]
[www.youtube.com/embed/uhqdqj35raI.html]
[www.youtube.com/android-app_/com.google.android.youtube/http/www.youtube.com/watchf693.html]
[www.youtube.com/ios-app_/544007664/vnd.youtube/www.youtube.com/watchf693.html]
[www.youtube.com/channel/UCpZ_DI-ZugwMzXcqccaTVsg.html]
[www.youtube.com/feeds/videosd872.xml]
[www.youtube.com/android-app_/com.google.android.youtube/http/www.youtube.com/channel/UCpZ_DI-ZugwMzXcqccaTVsg.html]
[www.youtube.com/ios-app_/544007664/vnd.youtube/www.youtube.com/channel/UCpZ_DI-ZugwMzXcqccaTVsg.10d9.delayed]
[www.youtube.com/@dagibee.html]
[www.youtube.com/embed/eRpFy8PG8OQ.html]
[www.youtube.com/channel/android-app_/com.google.android.youtube/http/www.youtube.com/channel/UCyG7zAV_2JlPnxhwDxZN6sA.html]
[www.youtube.com/channel/ios-app_/544007664/vnd.youtube/www.youtube.com/channel/UCyG7zAV_2JlPnxhwDxZN6sA.html]
[www.youtube.com/channel/android-app_/com.google.android.youtube/http/www.youtube.com/channel/UCsr86khxLo3PUkMKDtvZDyw.html]
[www.youtube.com/channel/ios-app_/544007664/vnd.youtube/www.youtube.com/channel/UCsr86khxLo3PUkMKDtvZDyw.html]
[www.youtube.com/channel/android-app_/com.google.android.youtube/http/www.youtube.com/channel/UCPo70pynefJ90wBqCEryZWg.10dc.delayed]
[www.youtube.com/channel/ios-app_/544007664/vnd.youtube/www.youtube.com/channel/UCPo70pynefJ90wBqCEryZWg.10de.delayed]
[www.youtube.com/channel/UCPo70pynefJ90wBqCEryZWg.html]
[www.youtube.com/channel/UCPo70pynefJ90wBqCEryZWg/android-app_/com.google.android.youtube/http/www.youtube.com/channel/UCPo70pynefJ90wBqCEryZWg.html]
[www.youtube.com/channel/UCPo70pynefJ90wBqCEryZWg/android-app_/com.google.android.youtube/http/www.youtube.com/channel/ios-app_/544007664/vnd.youtube/www.youtube.com/channel/UCPo70pynefJ90wBqCEryZWg.html]
[www.youtube.com/channel/UCPo70pynefJ90wBqCEryZWg/ios-app_/544007664/vnd.youtube/www.youtube.com/channel/android-app_/com.google.android.youtube/http/www.youtube.com/channel/UCPo70pynefJ90wBqCEryZWg.html]
[www.youtube.com/channel/UCPo70pynefJ90wBqCEryZWg/ios-app_/544007664/vnd.youtube/www.youtube.com/channel/UCPo70pynefJ90wBqCEryZWg.html]
[www.youtube.com/android-app_/com.google.android.youtube/http/www.youtube.com/watch366c.html]
[www.youtube.com/ios-app_/544007664/vnd.youtube/www.youtube.com/watch366c.html]
[i.ytimg.com/vi/Py20EywUey4/hqdefault.jpg]
[www.youtube.com/android-app_/com.google.android.youtube/http/www.youtube.com/watch708c.html]
[www.youtube.com/ios-app_/544007664/vnd.youtube/www.youtube.com/watch708c.html]
[i.ytimg.com/vi/toROX25dT0c/hqdefault.jpg]
[www.youtube.com/android-app_/com.google.android.youtube/http/www.youtube.com/watchf72f.html]
[www.youtube.com/ios-app_/544007664/vnd.youtube/www.youtube.com/watchf72f.html]
[www.youtube.com/channel/UCPo70pynefJ90wBqCEryZWg/ios-app_/544007664/vnd.youtube/www.youtube.com/channel/ios-app_/544007664/vnd.youtube/www.youtube.com/channel/UCPo70pynefJ90wBqCEryZWg.html]
[www.youtube.com/android-app_/com.google.android.youtube/http/www.youtube.com/channel/UCyG7zAV_2JlPnxhwDxZN6sA.html]
[www.youtube.com/ios-app_/544007664/vnd.youtube/www.youtube.com/channel/UCyG7zAV_2JlPnxhwDxZN6sA.10ef.delayed]
[www.youtube.com/@jhyun_u.html]
[www.youtube.com/embed/SRsOZ_Jatgg.html]
[www.youtube.com/android-app_/com.google.android.youtube/http/www.youtube.com/watch6007.html]
[www.youtube.com/ios-app_/544007664/vnd.youtube/www.youtube.com/watch6007.html]
[www.youtube.com/android-app_/com.google.android.youtube/http/www.youtube.com/channel/UCPo70pynefJ90wBqCEryZWg.html]
[www.youtube.com/ios-app_/544007664/vnd.youtube/www.youtube.com/channel/UCPo70pynefJ90wBqCEryZWg.10f5.delayed]
[www.youtube.com/@zoe_one.html]
[www.youtube.com/embed/34yXJFpYzNo.html]
[www.youtube.com/android-app_/com.google.android.youtube/http/www.youtube.com/watcha574.html]
[www.youtube.com/ios-app_/544007664/vnd.youtube/www.youtube.com/watcha574.html]
[www.youtube.com/android-app_/com.google.android.youtube/http/www.youtube.com/channel/UCsr86khxLo3PUkMKDtvZDyw.html]
[www.youtube.com/ios-app_/544007664/vnd.youtube/www.youtube.com/channel/UCsr86khxLo3PUkMKDtvZDyw.10fb.delayed]
[www.youtube.com/@juncafevlog.html]
[www.youtube.com/embed/GK2_2dUxtLI.html]
[www.youtube.com/android-app_/com.google.android.youtube/http/www.youtube.com/watche663.html]
[www.youtube.com/ios-app_/544007664/vnd.youtube/www.youtube.com/watche663.html]
[www.youtube.com/feeds/videosc29e.xml]
[www.youtube.com/android-app_/com.google.android.youtube/http/www.youtube.com/channel/UCFvDpIL1n2fbfG7Be_FZQnw.html]
[www.youtube.com/channel/UCFvDpIL1n2fbfG7Be_FZQnw.html]
[www.youtube.com/ios-app_/544007664/vnd.youtube/www.youtube.com/channel/UCFvDpIL1n2fbfG7Be_FZQnw.1103.delayed]
[www.youtube.com/@hyeon7825.html]
[www.youtube.com/embed/ix6A9hdGqzY.html]
[www.youtube.com/watch100a.html]
[www.youtube.com/android-app_/com.google.android.youtube/http/www.youtube.com/watch393b.html]
[www.youtube.com/ios-app_/544007664/vnd.youtube/www.youtube.com/watch.1109393b.delayed]
[www.youtube.com/oembed4f47.json]
[www.youtube.com/oembed61ba]
[i.ytimg.com/vi/UeCjSEIvOgs/maxresdefault.jpg]
[www.youtube.com/@doktormorris.html]
[www.youtube.com/embed/UeCjSEIvOgsda76.html]
[i.ytimg.com/vi/UeCjSEIvOgs/hqdefault.jpg]
[www.youtube.com/watch393b.html]
[www.youtube.com/android-app_/com.google.android.youtube/http/www.youtube.com/watch09a6.html]
[www.youtube.com/ios-app_/544007664/vnd.youtube/www.youtube.com/watch.111509a6.delayed]
[www.youtube.com/oembed1b3e.json]
[www.youtube.com/oembedbc1c]
[i.ytimg.com/vi/m-euVtIiUQQ/maxresdefault.jpg]
[www.youtube.com/embed/m-euVtIiUQQ.html]
[www.youtube.com/@UjjwalGamer.html]
[i.ytimg.com/vi/m-euVtIiUQQ/hqdefault.jpg]
[www.youtube.com/watch09a6.html]
[www.youtube.com/android-app_/com.google.android.youtube/http/www.youtube.com/watch68df.html]
[www.youtube.com/ios-app_/544007664/vnd.youtube/www.youtube.com/watch.112168df.delayed]
[www.youtube.com/oembed573a.json]
[www.youtube.com/oembedf112]
[i.ytimg.com/vi/MRHIS8OcqcE/maxresdefault.jpg]
[www.youtube.com/embed/MRHIS8OcqcE.html]
[www.youtube.com/@Jazzghost.html]
[i.ytimg.com/vi/MRHIS8OcqcE/hqdefault.jpg]
[www.youtube.com/watch68df.html]
[www.youtube.com/android-app_/com.google.android.youtube/http/www.youtube.com/watchc194.html]
[www.youtube.com/ios-app_/544007664/vnd.youtube/www.youtube.com/watch.112dc194.delayed]
[www.youtube.com/oembeda94a.json]
[www.youtube.com/oembed3a56]
[i.ytimg.com/vi/GQtXy0vsLE8/maxresdefault.jpg]
[www.youtube.com/embed/GQtXy0vsLE8.html]
[www.youtube.com/@RobleisIUTU.html]
[i.ytimg.com/vi/GQtXy0vsLE8/hqdefault.jpg]
[www.youtube.com/watchc194.html]
[www.youtube.com/channel/UC_4LUzR9oHGDLViL3V43vIQ.html]
[www.youtube.com/feeds/videos422f.xml]
[www.youtube.com/c/android-app_/com.google.android.youtube/http/www.youtube.com/channel/UC_4LUzR9oHGDLViL3V43vIQ.html]
[www.youtube.com/c/ios-app_/544007664/vnd.youtube/www.youtube.com/channel/UC_4LUzR9oHGDLViL3V43vIQ.113b.delayed]
[www.youtube.com/c/AyuGaming.html]
[www.youtube.com/channel/UCU3JjZIPax0rTWYXAKF6sig.html]
[www.youtube.com/feeds/videos8b1e.xml]
[www.youtube.com/c/android-app_/com.google.android.youtube/http/www.youtube.com/channel/UCU3JjZIPax0rTWYXAKF6sig.html]
[www.youtube.com/c/ios-app_/544007664/vnd.youtube/www.youtube.com/channel/UCU3JjZIPax0rTWYXAKF6sig.1142.delayed]
[www.youtube.com/c/ayubrazil.html]
[www.youtube.com/feeds/videosbac0.xml]
[www.youtube.com/channel/UCcn0BFXHCtkqJl8CAPDj9og.html]
[www.youtube.com/c/android-app_/com.google.android.youtube/http/www.youtube.com/channel/UCcn0BFXHCtkqJl8CAPDj9og.html]
[www.youtube.com/c/ios-app_/544007664/vnd.youtube/www.youtube.com/channel/UCcn0BFXHCtkqJl8CAPDj9og.1149.delayed]
[www.youtube.com/c/ForeverPlayer.html]
[www.youtube.com/channel/UCfD7mIlH_bZQq383HXUE-kw.html]
[www.youtube.com/feeds/videos7d30.xml]
[www.youtube.com/c/android-app_/com.google.android.youtube/http/www.youtube.com/channel/UCfD7mIlH_bZQq383HXUE-kw.html]
[www.youtube.com/c/ios-app_/544007664/vnd.youtube/www.youtube.com/channel/UCfD7mIlH_bZQq383HXUE-kw.1150.delayed]
[www.youtube.com/c/Sam-Mbi.html]
[www.youtube.com/feeds/videos8877.xml]
[www.youtube.com/channel/android-app_/com.google.android.youtube/http/www.youtube.com/channel/UC7bEKSgQraTJ0USfATkZ-Hw.1154.delayed]
[www.youtube.com/channel/ios-app_/544007664/vnd.youtube/www.youtube.com/channel/UC7bEKSgQraTJ0USfATkZ-Hw.1156.delayed]
[www.youtube.com/channel/UC7bEKSgQraTJ0USfATkZ-Hw.html]
[www.youtube.com/channel/UCDPXhAkSq_JjVdFUU60A-1A.html]
[www.youtube.com/feeds/videos0383.xml]
[www.youtube.com/c/android-app_/com.google.android.youtube/http/www.youtube.com/channel/UCDPXhAkSq_JjVdFUU60A-1A.html]
[www.youtube.com/c/ios-app_/544007664/vnd.youtube/www.youtube.com/channel/UCDPXhAkSq_JjVdFUU60A-1A.115d.delayed]
[www.youtube.com/c/JudyGaming.html]
[www.youtube.com/feeds/videos3cec.xml]
[www.youtube.com/channel/android-app_/com.google.android.youtube/http/www.youtube.com/channel/UCKizsKkBBjuEoY_fgRx-4QQ.1161.delayed]
[www.youtube.com/channel/ios-app_/544007664/vnd.youtube/www.youtube.com/channel/UCKizsKkBBjuEoY_fgRx-4QQ.1163.delayed]
[www.youtube.com/channel/UCKizsKkBBjuEoY_fgRx-4QQ.html]
[www.youtube.com/feeds/videosbda8.xml]
[www.youtube.com/channel/android-app_/com.google.android.youtube/http/www.youtube.com/channel/UCG0HA4uyuuzPzeq_US_ywVg.1167.delayed]
[www.youtube.com/channel/ios-app_/544007664/vnd.youtube/www.youtube.com/channel/UCG0HA4uyuuzPzeq_US_ywVg.1169.delayed]
[www.youtube.com/channel/UCG0HA4uyuuzPzeq_US_ywVg.html]
[www.youtube.com/feeds/videos08ee.xml]
[www.youtube.com/channel/android-app_/com.google.android.youtube/http/www.youtube.com/channel/UCFGhmTw1Eve6MF31RkRXswA.116d.delayed]
[www.youtube.com/channel/ios-app_/544007664/vnd.youtube/www.youtube.com/channel/UCFGhmTw1Eve6MF31RkRXswA.116f.delayed]
[www.youtube.com/channel/UCFGhmTw1Eve6MF31RkRXswA.html]
[www.youtube.com/feeds/videosda25.xml]
[www.youtube.com/channel/android-app_/com.google.android.youtube/http/www.youtube.com/channel/UC2XbMXD6jSrixkpgs7vHFUA.1173.delayed]
[www.youtube.com/channel/ios-app_/544007664/vnd.youtube/www.youtube.com/channel/UC2XbMXD6jSrixkpgs7vHFUA.1175.delayed]
[www.youtube.com/channel/UC2XbMXD6jSrixkpgs7vHFUA.html]
[www.youtube.com/channel/UC-tJ52OfXxNyZJhj-dGqMYQ.html]
[www.youtube.com/feeds/videos46cf.xml]
[www.youtube.com/c/android-app_/com.google.android.youtube/http/www.youtube.com/channel/UC-tJ52OfXxNyZJhj-dGqMYQ.html]
[www.youtube.com/c/ios-app_/544007664/vnd.youtube/www.youtube.com/channel/UC-tJ52OfXxNyZJhj-dGqMYQ.117c.delayed]
[www.youtube.com/c/OopsChanny.html]
[www.youtube.com/feeds/videos59bd.xml]
[www.youtube.com/channel/android-app_/com.google.android.youtube/http/www.youtube.com/channel/UCX4N3DioqqrugFeilxTkSIw.1180.delayed]
[www.youtube.com/channel/ios-app_/544007664/vnd.youtube/www.youtube.com/channel/UCX4N3DioqqrugFeilxTkSIw.1182.delayed]
[www.youtube.com/channel/UCX4N3DioqqrugFeilxTkSIw.html]
[www.youtube.com/channel/UCyRkr5_TJ8SUvyjN9j5c7yw.html]
[www.youtube.com/feeds/videos371e.xml]
[www.youtube.com/c/android-app_/com.google.android.youtube/http/www.youtube.com/channel/UCyRkr5_TJ8SUvyjN9j5c7yw.html]
[www.youtube.com/c/ios-app_/544007664/vnd.youtube/www.youtube.com/channel/UCyRkr5_TJ8SUvyjN9j5c7yw.1189.delayed]
[www.youtube.com/c/Dươngrecord.html]
[www.youtube.com/android-app_/com.google.android.youtube/http/www.youtube.com/watch6089.html]
[www.youtube.com/ios-app_/544007664/vnd.youtube/www.youtube.com/watch.118e6089.delayed]
[www.youtube.com/oembed9403.json]
[www.youtube.com/oembed21c8]
[i.ytimg.com/vi/f4pzVaL63JU/maxresdefault.jpg]
[www.youtube.com/embed/f4pzVaL63JU.html]
[www.youtube.com/@channymc.html]
[i.ytimg.com/vi/f4pzVaL63JU/hqdefault.jpg]
[www.youtube.com/watch6089.html]
[www.youtube.com/channel/UCvFZqf1gW_XSCZyTku15LSA.html]
[www.youtube.com/feeds/videosb79e.xml]
[www.youtube.com/c/ZloYxpAvi/android-app_/com.google.android.youtube/http/www.youtube.com/channel/UCvFZqf1gW_XSCZyTku15LSA.html]
[www.youtube.com/c/ZloYxpAvi/featured.html]
[www.youtube.com/c/ZloYxpAvi/ios-app_/544007664/vnd.youtube/www.youtube.com/channel/UCvFZqf1gW_XSCZyTku15LSA.html]
[www.youtube.com/channel/UC7_YxT-KID8kRbqZo7MyscQ.html]
[www.youtube.com/feeds/videosb41b.xml]
[www.youtube.com/c/android-app_/com.google.android.youtube/http/www.youtube.com/channel/UC7_YxT-KID8kRbqZo7MyscQ.html]
[www.youtube.com/c/ios-app_/544007664/vnd.youtube/www.youtube.com/channel/UC7_YxT-KID8kRbqZo7MyscQ.11a3.delayed]
[www.youtube.com/c/markiplier.html]
[www.youtube.com/ios-app_/544007664/vnd.youtube/www.youtube.com/watch.11a88355.delayed]
[www.youtube.com/oembed30f2.json]
[www.youtube.com/oembed6945]
[i.ytimg.com/vi/P444XBdoUt0/maxresdefaulte974.jpg]
[www.youtube.com/@ZloYxpMP4.html]
[www.youtube.com/android-app_/com.google.android.youtube/http/www.youtube.com/watch8355.html]
[www.youtube.com/embed/P444XBdoUt0.html]
[i.ytimg.com/vi/P444XBdoUt0/hqdefault.jpg]
[www.youtube.com/watch8355.html]
[www.youtube.com/channel/UCMQOumrt3C7fFRT8oBc436Q.html]
[www.youtube.com/feeds/videos9a55.xml]
[www.youtube.com/c/android-app_/com.google.android.youtube/http/www.youtube.com/channel/UCMQOumrt3C7fFRT8oBc436Q.html]
[www.youtube.com/c/ios-app_/544007664/vnd.youtube/www.youtube.com/channel/UCMQOumrt3C7fFRT8oBc436Q.11b6.delayed]
[www.youtube.com/c/BobicraftMC.html]
[www.youtube.com/feeds/videos65ed.xml]
[www.youtube.com/channel/android-app_/com.google.android.youtube/http/www.youtube.com/channel/UCvnNkJsbONVhdXuHY_LpsdA.11ba.delayed]
[www.youtube.com/channel/ios-app_/544007664/vnd.youtube/www.youtube.com/channel/UCvnNkJsbONVhdXuHY_LpsdA.11bc.delayed]
[www.youtube.com/channel/UCvnNkJsbONVhdXuHY_LpsdA.html]
[www.youtube.com/feeds/videos5cf4.xml]
[www.youtube.com/channel/UCAxBpbVbSXT2wsCwZfrIIVg.html]
[www.youtube.com/android-app_/com.google.android.youtube/http/www.youtube.com/channel/UCAxBpbVbSXT2wsCwZfrIIVg.html]
[www.youtube.com/ios-app_/544007664/vnd.youtube/www.youtube.com/channel/UCAxBpbVbSXT2wsCwZfrIIVg.11c3.delayed]
[www.youtube.com/guude.html]
[www.youtube.com/channel/android-app_/com.google.android.youtube/http/www.youtube.com/channel/UCzYfz8uibvnB7Yc1LjePi4g.html]
[www.youtube.com/channel/ios-app_/544007664/vnd.youtube/www.youtube.com/channel/UCzYfz8uibvnB7Yc1LjePi4g.html]
[www.youtube.com/channel/android-app_/com.google.android.youtube/http/www.youtube.com/channel/UCOFrSKpT2CFpv8rxSU4nlQg.html]
[www.youtube.com/channel/ios-app_/544007664/vnd.youtube/www.youtube.com/channel/UCOFrSKpT2CFpv8rxSU4nlQg.html]
[www.youtube.com/channel/android-app_/com.google.android.youtube/http/www.youtube.com/channel/UCAtWPQw_rUROGGjEPSFboIA.html]
[www.youtube.com/channel/ios-app_/544007664/vnd.youtube/www.youtube.com/channel/UCAtWPQw_rUROGGjEPSFboIA.html]
[www.youtube.com/channel/android-app_/com.google.android.youtube/http/www.youtube.com/channel/UCshoKvlZGZ20rVgazZp5vnQ.html]
[www.youtube.com/channel/ios-app_/544007664/vnd.youtube/www.youtube.com/channel/UCshoKvlZGZ20rVgazZp5vnQ.html]
[www.youtube.com/channel/android-app_/com.google.android.youtube/http/www.youtube.com/channel/UCrYnLkVfvVf0Qy0YOUQdk2A.html]
[www.youtube.com/channel/ios-app_/544007664/vnd.youtube/www.youtube.com/channel/UCrYnLkVfvVf0Qy0YOUQdk2A.html]
[www.youtube.com/channel/android-app_/com.google.android.youtube/http/www.youtube.com/channel/UC2D-GCxeE69hCUmRwISXABw.html]
[www.youtube.com/channel/ios-app_/544007664/vnd.youtube/www.youtube.com/channel/UC2D-GCxeE69hCUmRwISXABw.html]
[www.youtube.com/channel/android-app_/com.google.android.youtube/http/www.youtube.com/channel/UCo_IB5145EVNcf8hw1Kku7w.html]
[www.youtube.com/channel/ios-app_/544007664/vnd.youtube/www.youtube.com/channel/UCo_IB5145EVNcf8hw1Kku7w.html]
[www.youtube.com/channel/android-app_/com.google.android.youtube/http/www.youtube.com/channel/UCJZam2u1G0syq3kyqrCXrNw.html]
[www.youtube.com/channel/ios-app_/544007664/vnd.youtube/www.youtube.com/channel/UCJZam2u1G0syq3kyqrCXrNw.html]
[www.youtube.com/channel/android-app_/com.google.android.youtube/http/www.youtube.com/channel/UC4f1zAG2BTkfOQV4_nFbpBQ.html]
[www.youtube.com/channel/ios-app_/544007664/vnd.youtube/www.youtube.com/channel/UC4f1zAG2BTkfOQV4_nFbpBQ.html]
[www.youtube.com/feeds/videos1a38.xml]
[www.youtube.com/c/Ihascupquakeplus/android-app_/com.google.android.youtube/http/www.youtube.com/channel/UCqg2eLFNUu3QN3dttNeOWkw.html]
[www.youtube.com/c/Ihascupquakeplus/videos.html]
[www.youtube.com/c/Ihascupquakeplus/ios-app_/544007664/vnd.youtube/www.youtube.com/channel/UCqg2eLFNUu3QN3dttNeOWkw.html]
[www.youtube.com/android-app_/com.google.android.youtube/http/www.youtube.com/watch6593.html]
[www.youtube.com/ios-app_/544007664/vnd.youtube/www.youtube.com/watch.11ce6593.delayed]
[www.youtube.com/oembed7be0.json]
[www.youtube.com/oembed05e5]
[i.ytimg.com/vi/H5XFmJuL7u4/maxresdefault.jpg]
[www.youtube.com/embed/H5XFmJuL7u4.html]
[www.youtube.com/@iHasCupquake.html]
[i.ytimg.com/vi/H5XFmJuL7u4/hqdefault.jpg]
[www.youtube.com/watch6593.html]
[www.youtube.com/feeds/videosa476.xml]
[www.youtube.com/channel/android-app_/com.google.android.youtube/http/www.youtube.com/channel/UC-oleeXG4SNe7yv91Q7s64g.11d9.delayed]
[www.youtube.com/channel/ios-app_/544007664/vnd.youtube/www.youtube.com/channel/UC-oleeXG4SNe7yv91Q7s64g.11db.delayed]
[www.youtube.com/channel/UC-oleeXG4SNe7yv91Q7s64g.html]
[www.youtube.com/android-app_/com.google.android.youtube/http/www.youtube.com/watch367a.html]
[www.youtube.com/ios-app_/544007664/vnd.youtube/www.youtube.com/watch.11e0367a.delayed]
[www.youtube.com/oembed4a94.json]
[www.youtube.com/oembedbb4f]
[i.ytimg.com/vi/OcprEG4vTV0/hqdefaultff89.jpg]
[www.youtube.com/@MinecraftChick.html]
[www.youtube.com/embed/OcprEG4vTV0.html]
[i.ytimg.com/vi/OcprEG4vTV0/hqdefault.jpg]
[www.youtube.com/watch367a.html]
[www.youtube.com/channel/android-app_/com.google.android.youtube/http/www.youtube.com/channel/UCqg2eLFNUu3QN3dttNeOWkw.11ea.delayed]
[www.youtube.com/channel/ios-app_/544007664/vnd.youtube/www.youtube.com/channel/UCqg2eLFNUu3QN3dttNeOWkw.11ec.delayed]
[www.youtube.com/channel/UCqg2eLFNUu3QN3dttNeOWkw.html]
[www.youtube.com/android-app_/com.google.android.youtube/http/www.youtube.com/watch31d8.html]
[www.youtube.com/ios-app_/544007664/vnd.youtube/www.youtube.com/watch.11f131d8.delayed]
[www.youtube.com/oembeda709.json]
[www.youtube.com/oembedc9ca]
[i.ytimg.com/vi/thA_T13Wnqo/maxresdefault.jpg]
[www.youtube.com/embed/thA_T13Wnqo.html]
[i.ytimg.com/vi/thA_T13Wnqo/hqdefault.jpg]
[www.youtube.com/watch31d8.html]
[www.youtube.com/android-app_/com.google.android.youtube/http/www.youtube.com/watch6354.html]
[www.youtube.com/ios-app_/544007664/vnd.youtube/www.youtube.com/watch.11fb6354.delayed]
[www.youtube.com/oembedaf1a.json]
[www.youtube.com/oembed6338]
[i.ytimg.com/vi/dFZki6TcY4w/hqdefault.jpg]
[www.youtube.com/watch6354.html]
[www.youtube.com/channel/android-app_/com.google.android.youtube/http/www.youtube.com/channel/UCtNdVINwfYFTQEEZgMiQ8FA.html]
[www.youtube.com/channel/ios-app_/544007664/vnd.youtube/www.youtube.com/channel/UCtNdVINwfYFTQEEZgMiQ8FA.html]
[www.youtube.com/shorts/android-app_/com.google.android.youtube/http/www.youtube.com/shorts/cGo2HCCea_g20ce.html]
[www.youtube.com/shorts/ios-app_/544007664/vnd.youtube/www.youtube.com/shorts/cGo2HCCea_g20ce.html]
[www.youtube.com/channel/android-app_/com.google.android.youtube/http/www.youtube.com/channel/UCkRfArvrzheW2E7b6SVT7vQ.html]
[www.youtube.com/channel/ios-app_/544007664/vnd.youtube/www.youtube.com/channel/UCkRfArvrzheW2E7b6SVT7vQ.html]
[www.youtube.com/embed/dFZki6TcY4w.html]
[www.youtube.com/@VideoGamePianist.html]
[www.youtube.com/channel/android-app_/com.google.android.youtube/http/www.youtube.com/channel/UCEDkO7wshcDZ7UZo17rPkzQ.1204.delayed]
[www.youtube.com/channel/ios-app_/544007664/vnd.youtube/www.youtube.com/channel/UCEDkO7wshcDZ7UZo17rPkzQ.1206.delayed]
[www.youtube.com/channel/UCEDkO7wshcDZ7UZo17rPkzQ.html]
[www.youtube.com/c/android-app_/com.google.android.youtube/http/www.youtube.com/channel/UCEDkO7wshcDZ7UZo17rPkzQ.html]
[www.youtube.com/c/ios-app_/544007664/vnd.youtube/www.youtube.com/channel/UCEDkO7wshcDZ7UZo17rPkzQ.html]
[www.youtube.com/channel/android-app_/com.google.android.youtube/http/www.youtube.com/channel/UCVbVao4QtBLarbX01DX9YRg.120a.delayed]
[www.youtube.com/channel/ios-app_/544007664/vnd.youtube/www.youtube.com/channel/UCVbVao4QtBLarbX01DX9YRg.120c.delayed]
[www.youtube.com/channel/UCVbVao4QtBLarbX01DX9YRg.html]
[www.youtube.com/c/android-app_/com.google.android.youtube/http/www.youtube.com/channel/UCVbVao4QtBLarbX01DX9YRg.html]
[www.youtube.com/c/ios-app_/544007664/vnd.youtube/www.youtube.com/channel/UCVbVao4QtBLarbX01DX9YRg.html]
[www.youtube.com/channel/android-app_/com.google.android.youtube/http/www.youtube.com/channel/UC_iWTl1xK3DpGHuvppbHh9w.1210.delayed]
[www.youtube.com/channel/ios-app_/544007664/vnd.youtube/www.youtube.com/channel/UC_iWTl1xK3DpGHuvppbHh9w.1212.delayed]
[www.youtube.com/channel/UC_iWTl1xK3DpGHuvppbHh9w.html]
[www.youtube.com/c/android-app_/com.google.android.youtube/http/www.youtube.com/channel/UC_iWTl1xK3DpGHuvppbHh9w.html]
[www.youtube.com/c/ios-app_/544007664/vnd.youtube/www.youtube.com/channel/UC_iWTl1xK3DpGHuvppbHh9w.html]
[www.youtube.com/c/android-app_/com.google.android.youtube/http/www.youtube.com/channel/UCq0EGvLTyy-LLT1oUSO_0FQ.html]
[www.youtube.com/c/ios-app_/544007664/vnd.youtube/www.youtube.com/channel/UCq0EGvLTyy-LLT1oUSO_0FQ.html]
[www.youtube.com/channel/android-app_/com.google.android.youtube/http/www.youtube.com/channel/UC-cnbLlplnXA4oc7rR21qzg.1217.delayed]
[www.youtube.com/channel/ios-app_/544007664/vnd.youtube/www.youtube.com/channel/UC-cnbLlplnXA4oc7rR21qzg.1219.delayed]
[www.youtube.com/channel/UC-cnbLlplnXA4oc7rR21qzg.html]
[www.youtube.com/c/android-app_/com.google.android.youtube/http/www.youtube.com/channel/UC-cnbLlplnXA4oc7rR21qzg.html]
[www.youtube.com/c/ios-app_/544007664/vnd.youtube/www.youtube.com/channel/UC-cnbLlplnXA4oc7rR21qzg.html]
[www.youtube.com/channel/android-app_/com.google.android.youtube/http/www.youtube.com/channel/UC28AnQ61wEXxpt3sJay7hQg.121d.delayed]
[www.youtube.com/channel/ios-app_/544007664/vnd.youtube/www.youtube.com/channel/UC28AnQ61wEXxpt3sJay7hQg.121f.delayed]
[www.youtube.com/channel/UC28AnQ61wEXxpt3sJay7hQg.html]
[www.youtube.com/c/android-app_/com.google.android.youtube/http/www.youtube.com/channel/UC28AnQ61wEXxpt3sJay7hQg.html]
[www.youtube.com/c/ios-app_/544007664/vnd.youtube/www.youtube.com/channel/UC28AnQ61wEXxpt3sJay7hQg.html]
[www.youtube.com/channel/android-app_/com.google.android.youtube/http/www.youtube.com/channel/UCD9Oybf28FhVdVDG6hwg6Yw.1223.delayed]
[www.youtube.com/channel/ios-app_/544007664/vnd.youtube/www.youtube.com/channel/UCD9Oybf28FhVdVDG6hwg6Yw.1225.delayed]
[www.youtube.com/channel/UCD9Oybf28FhVdVDG6hwg6Yw.html]
[www.youtube.com/c/chrisbossiobarber/android-app_/com.google.android.youtube/http/www.youtube.com/channel/android-app_/com.google.android.youtube/http/www.youtube.com/channel/UCD9Oybf28FhVdVDG6hwg6Yw.html]
[www.youtube.com/c/chrisbossiobarber/android-app_/com.google.android.youtube/http/www.youtube.com/channel/UCD9Oybf28FhVdVDG6hwg6Yw.html]
[www.youtube.com/c/chrisbossiobarber/android-app_/com.google.android.youtube/http/www.youtube.com/channel/ios-app_/544007664/vnd.youtube/www.youtube.com/channel/UCD9Oybf28FhVdVDG6hwg6Yw.html]
[www.youtube.com/c/chrisbossiobarber/ios-app_/544007664/vnd.youtube/www.youtube.com/channel/android-app_/com.google.android.youtube/http/www.youtube.com/channel/UCD9Oybf28FhVdVDG6hwg6Yw.html]
[www.youtube.com/c/chrisbossiobarber/ios-app_/544007664/vnd.youtube/www.youtube.com/channel/UCD9Oybf28FhVdVDG6hwg6Yw.html]
[www.youtube.com/c/chrisbossiobarber/ios-app_/544007664/vnd.youtube/www.youtube.com/channel/ios-app_/544007664/vnd.youtube/www.youtube.com/channel/UCD9Oybf28FhVdVDG6hwg6Yw.html]
[www.youtube.com/channel/android-app_/com.google.android.youtube/http/www.youtube.com/channel/UCVC5-Y6ez4sk3mtbUmN-SUQ.1232.delayed]
[www.youtube.com/channel/ios-app_/544007664/vnd.youtube/www.youtube.com/channel/UCVC5-Y6ez4sk3mtbUmN-SUQ.1234.delayed]
[www.youtube.com/channel/UCVC5-Y6ez4sk3mtbUmN-SUQ.html]
[www.youtube.com/c/CallMeAgent00/android-app_/com.google.android.youtube/http/www.youtube.com/channel/android-app_/com.google.android.youtube/http/www.youtube.com/channel/UCVC5-Y6ez4sk3mtbUmN-SUQ.html]
[www.youtube.com/c/CallMeAgent00/android-app_/com.google.android.youtube/http/www.youtube.com/channel/UCVC5-Y6ez4sk3mtbUmN-SUQ.html]
[www.youtube.com/c/CallMeAgent00/android-app_/com.google.android.youtube/http/www.youtube.com/channel/ios-app_/544007664/vnd.youtube/www.youtube.com/channel/UCVC5-Y6ez4sk3mtbUmN-SUQ.html]
[www.youtube.com/c/CallMeAgent00/ios-app_/544007664/vnd.youtube/www.youtube.com/channel/android-app_/com.google.android.youtube/http/www.youtube.com/channel/UCVC5-Y6ez4sk3mtbUmN-SUQ.html]
[www.youtube.com/c/CallMeAgent00/ios-app_/544007664/vnd.youtube/www.youtube.com/channel/UCVC5-Y6ez4sk3mtbUmN-SUQ.html]
[www.youtube.com/c/CallMeAgent00/ios-app_/544007664/vnd.youtube/www.youtube.com/channel/ios-app_/544007664/vnd.youtube/www.youtube.com/channel/UCVC5-Y6ez4sk3mtbUmN-SUQ.html]
[www.youtube.com/channel/android-app_/com.google.android.youtube/http/www.youtube.com/channel/UCzqbfYjQmf9nLQPMxVgPhiA.1241.delayed]
[www.youtube.com/channel/ios-app_/544007664/vnd.youtube/www.youtube.com/channel/UCzqbfYjQmf9nLQPMxVgPhiA.1243.delayed]
[www.youtube.com/channel/UCzqbfYjQmf9nLQPMxVgPhiA.html]
[www.youtube.com/c/emmymade/android-app_/com.google.android.youtube/http/www.youtube.com/channel/android-app_/com.google.android.youtube/http/www.youtube.com/channel/UCzqbfYjQmf9nLQPMxVgPhiA.html]
[www.youtube.com/c/emmymade/android-app_/com.google.android.youtube/http/www.youtube.com/channel/UCzqbfYjQmf9nLQPMxVgPhiA.html]
[www.youtube.com/c/emmymade/ios-app_/544007664/vnd.youtube/www.youtube.com/channel/android-app_/com.google.android.youtube/http/www.youtube.com/channel/UCzqbfYjQmf9nLQPMxVgPhiA.html]
[www.youtube.com/c/emmymade/ios-app_/544007664/vnd.youtube/www.youtube.com/channel/UCzqbfYjQmf9nLQPMxVgPhiA.html]
[www.youtube.com/c/emmymade/ios-app_/544007664/vnd.youtube/www.youtube.com/channel/ios-app_/544007664/vnd.youtube/www.youtube.com/channel/UCzqbfYjQmf9nLQPMxVgPhiA.html]
[www.youtube.com/c/emmymade/android-app_/com.google.android.youtube/http/www.youtube.com/channel/ios-app_/544007664/vnd.youtube/www.youtube.com/channel/UCzqbfYjQmf9nLQPMxVgPhiA.html]
[www.youtube.com/channel/UC6OM0x2skWZhIv1egczAmFA.html]
[www.youtube.com/feeds/videosc6a7.xml]
[www.youtube.com/c/GoddessEarthHealing/android-app_/com.google.android.youtube/http/www.youtube.com/channel/UC6OM0x2skWZhIv1egczAmFA.html]
[www.youtube.com/c/GoddessEarthHealing/featured.html]
[www.youtube.com/c/GoddessEarthHealing/ios-app_/544007664/vnd.youtube/www.youtube.com/channel/UC6OM0x2skWZhIv1egczAmFA.html]
[www.youtube.com/channel/UCXOSzGyN3EPZfKE2hujeIYA.html]
[www.youtube.com/feeds/videos1b5b.xml]
[www.youtube.com/c/LizzyCapri/android-app_/com.google.android.youtube/http/www.youtube.com/channel/UCXOSzGyN3EPZfKE2hujeIYA.html]
[www.youtube.com/c/LizzyCapri/featured.html]
[www.youtube.com/c/LizzyCapri/ios-app_/544007664/vnd.youtube/www.youtube.com/channel/UCXOSzGyN3EPZfKE2hujeIYA.html]
[www.youtube.com/channel/android-app_/com.google.android.youtube/http/www.youtube.com/channel/UCYGea7GGe5GSODuxqYjWvJw.125e.delayed]
[www.youtube.com/channel/ios-app_/544007664/vnd.youtube/www.youtube.com/channel/UCYGea7GGe5GSODuxqYjWvJw.1260.delayed]
[www.youtube.com/channel/UCYGea7GGe5GSODuxqYjWvJw.html]
[www.youtube.com/c/RezaPujaKhan/android-app_/com.google.android.youtube/http/www.youtube.com/channel/UCYGea7GGe5GSODuxqYjWvJw.html]
[www.youtube.com/c/RezaPujaKhan/android-app_/com.google.android.youtube/http/www.youtube.com/channel/ios-app_/544007664/vnd.youtube/www.youtube.com/channel/UCYGea7GGe5GSODuxqYjWvJw.html]
[www.youtube.com/c/RezaPujaKhan/ios-app_/544007664/vnd.youtube/www.youtube.com/channel/android-app_/com.google.android.youtube/http/www.youtube.com/channel/UCYGea7GGe5GSODuxqYjWvJw.html]
[www.youtube.com/c/RezaPujaKhan/ios-app_/544007664/vnd.youtube/www.youtube.com/channel/UCYGea7GGe5GSODuxqYjWvJw.html]
[www.youtube.com/c/RezaPujaKhan/ios-app_/544007664/vnd.youtube/www.youtube.com/channel/ios-app_/544007664/vnd.youtube/www.youtube.com/channel/UCYGea7GGe5GSODuxqYjWvJw.html]
[www.youtube.com/android-app_/com.google.android.youtube/http/www.youtube.com/watch7998.html]
[www.youtube.com/ios-app_/544007664/vnd.youtube/www.youtube.com/watch.126f7998.delayed]
[www.youtube.com/oembed6819.json]
[www.youtube.com/watch7998.html]
[www.youtube.com/watch177f.html]
[www.youtube.com/watcha92c.html]
[www.youtube.com/watch73c6.html]
[www.youtube.com/watch2c35.html]
[www.youtube.com/watch9abc.html]
[www.youtube.com/ios-app_/544007664/vnd.youtube/www.youtube.com/watch.129dfffd.delayed]
[www.youtube.com/oembed2a41.json]
[www.youtube.com/oembed0431]
[i.ytimg.com/vi/ad120X8IJVU/maxresdefault.jpg]
[i.ytimg.com/vi/ad120X8IJVU/hqdefault.jpg]
[www.youtube.com/watchfffd.html]
[www.youtube.com/android-app_/com.google.android.youtube/http/www.youtube.com/watch9f56.html]
[www.youtube.com/ios-app_/544007664/vnd.youtube/www.youtube.com/watch.12a69f56.delayed]
[www.youtube.com/oembedd049.json]
[www.youtube.com/oembeddf66]
[i.ytimg.com/vi/HKTFLI-PfzE/maxresdefault.jpg]
[i.ytimg.com/vi/HKTFLI-PfzE/hqdefault.jpg]
[www.youtube.com/watch9f56.html]
[www.youtube.com/android-app_/com.google.android.youtube/http/www.youtube.com/watch47bf.html]
[www.youtube.com/ios-app_/544007664/vnd.youtube/www.youtube.com/watch.12af47bf.delayed]
[www.youtube.com/oembed3fd9.json]
[www.youtube.com/oembed2e1d]
[i.ytimg.com/vi/GlxzYLsSpWg/maxresdefault.jpg]
[i.ytimg.com/vi/GlxzYLsSpWg/hqdefault.jpg]
[www.youtube.com/watch47bf.html]
[www.youtube.com/android-app_/com.google.android.youtube/http/www.youtube.com/watch2acd.html]
[www.youtube.com/ios-app_/544007664/vnd.youtube/www.youtube.com/watch.12b82acd.delayed]
[www.youtube.com/oembedb447.json]
[www.youtube.com/oembedc3a4]
[i.ytimg.com/vi/qf1yNpadysY/maxresdefault.jpg]
[i.ytimg.com/vi/qf1yNpadysY/hqdefault.jpg]
[www.youtube.com/watch2acd.html]
[www.youtube.com/android-app_/com.google.android.youtube/http/www.youtube.com/watchbf03.html]
[www.youtube.com/ios-app_/544007664/vnd.youtube/www.youtube.com/watchbf03.html]
[www.youtube.com/embed/G17aWK7JGuw.html]
[www.youtube.com/android-app_/com.google.android.youtube/http/www.youtube.com/watch2cdf.html]
[www.youtube.com/ios-app_/544007664/vnd.youtube/www.youtube.com/watch2cdf.html]
[www.youtube.com/embed/C-nREEPF2XA.html]
[www.youtube.com/android-app_/com.google.android.youtube/http/www.youtube.com/watch7348.html]
[www.youtube.com/ios-app_/544007664/vnd.youtube/www.youtube.com/watch7348.html]
[www.youtube.com/embed/HmTwRP-3nQQ.html]
[www.youtube.com/android-app_/com.google.android.youtube/http/www.youtube.com/watchd7be.html]
[www.youtube.com/ios-app_/544007664/vnd.youtube/www.youtube.com/watchd7be.html]
[www.youtube.com/embed/q865aensNuA.html]
[www.youtube.com/channel/android-app_/com.google.android.youtube/http/www.youtube.com/channel/UCIG4gr_wIy5CIlcFciUbIQw.12c3.delayed]
[www.youtube.com/channel/ios-app_/544007664/vnd.youtube/www.youtube.com/channel/UCIG4gr_wIy5CIlcFciUbIQw.12c5.delayed]
[www.youtube.com/channel/UCIG4gr_wIy5CIlcFciUbIQw.html]
[www.youtube.com/android-app_/com.google.android.youtube/http/www.youtube.com/channel/UCIG4gr_wIy5CIlcFciUbIQw.html]
[www.youtube.com/ios-app_/544007664/vnd.youtube/www.youtube.com/channel/UCIG4gr_wIy5CIlcFciUbIQw.html]
[www.youtube.com/channel/android-app_/com.google.android.youtube/http/www.youtube.com/channel/UCDJWinHf7IBqJe1eqzWwdAw.12c9.delayed]
[www.youtube.com/channel/ios-app_/544007664/vnd.youtube/www.youtube.com/channel/UCDJWinHf7IBqJe1eqzWwdAw.12cb.delayed]
[www.youtube.com/channel/UCDJWinHf7IBqJe1eqzWwdAw.html]
[www.youtube.com/android-app_/com.google.android.youtube/http/www.youtube.com/channel/UCDJWinHf7IBqJe1eqzWwdAw.html]
[www.youtube.com/ios-app_/544007664/vnd.youtube/www.youtube.com/channel/UCDJWinHf7IBqJe1eqzWwdAw.html]
[www.youtube.com/channel/android-app_/com.google.android.youtube/http/www.youtube.com/channel/UCrXzMVbjcaVvVtihxNpBvMQ.12cf.delayed]
[www.youtube.com/channel/ios-app_/544007664/vnd.youtube/www.youtube.com/channel/UCrXzMVbjcaVvVtihxNpBvMQ.12d1.delayed]
[www.youtube.com/channel/UCrXzMVbjcaVvVtihxNpBvMQ.html]
[www.youtube.com/android-app_/com.google.android.youtube/http/www.youtube.com/channel/UCrXzMVbjcaVvVtihxNpBvMQ.html]
[www.youtube.com/ios-app_/544007664/vnd.youtube/www.youtube.com/channel/UCrXzMVbjcaVvVtihxNpBvMQ.html]
[www.youtube.com/channel/android-app_/com.google.android.youtube/http/www.youtube.com/channel/UCG55VTJ1YD08Cq6KxBNrtiw.12d5.delayed]
[www.youtube.com/channel/ios-app_/544007664/vnd.youtube/www.youtube.com/channel/UCG55VTJ1YD08Cq6KxBNrtiw.12d7.delayed]
[www.youtube.com/channel/UCG55VTJ1YD08Cq6KxBNrtiw.html]
[www.youtube.com/android-app_/com.google.android.youtube/http/www.youtube.com/channel/UCG55VTJ1YD08Cq6KxBNrtiw.html]
[www.youtube.com/ios-app_/544007664/vnd.youtube/www.youtube.com/channel/UCG55VTJ1YD08Cq6KxBNrtiw.html]
[www.youtube.com/channel/UCDVGOdW7sH-hCNwlBhqcsrw.html]
[www.youtube.com/channel/android-app_/com.google.android.youtube/http/www.youtube.com/channel/UCDVGOdW7sH-hCNwlBhqcsrw.html]
[www.youtube.com/channel/ios-app_/544007664/vnd.youtube/www.youtube.com/channel/UCDVGOdW7sH-hCNwlBhqcsrw.html]
[www.youtube.com/channel/android-app_/com.google.android.youtube/http/www.youtube.com/channel/UCNJuJfXCKNWu4-VifYixs8A.12dc.delayed]
[www.youtube.com/channel/ios-app_/544007664/vnd.youtube/www.youtube.com/channel/UCNJuJfXCKNWu4-VifYixs8A.12de.delayed]
[www.youtube.com/channel/UCNJuJfXCKNWu4-VifYixs8A.html]
[www.youtube.com/android-app_/com.google.android.youtube/http/www.youtube.com/channel/UCNJuJfXCKNWu4-VifYixs8A.html]
[www.youtube.com/ios-app_/544007664/vnd.youtube/www.youtube.com/channel/UCNJuJfXCKNWu4-VifYixs8A.html]
[www.youtube.com/channel/android-app_/com.google.android.youtube/http/www.youtube.com/channel/UCOIOo7ybnNFNdwjSCgYDtOw.12e2.delayed]
[www.youtube.com/channel/ios-app_/544007664/vnd.youtube/www.youtube.com/channel/UCOIOo7ybnNFNdwjSCgYDtOw.12e4.delayed]
[www.youtube.com/channel/UCOIOo7ybnNFNdwjSCgYDtOw.html]
[www.youtube.com/c/android-app_/com.google.android.youtube/http/www.youtube.com/channel/UCOIOo7ybnNFNdwjSCgYDtOw.html]
[www.youtube.com/c/ios-app_/544007664/vnd.youtube/www.youtube.com/channel/UCOIOo7ybnNFNdwjSCgYDtOw.html]
[www.youtube.com/channel/android-app_/com.google.android.youtube/http/www.youtube.com/channel/UCVuLYFJJoGGBO5Tnup11Jdw.html]
[www.youtube.com/channel/ios-app_/544007664/vnd.youtube/www.youtube.com/channel/UCVuLYFJJoGGBO5Tnup11Jdw.html]
[www.youtube.com/channel/android-app_/com.google.android.youtube/http/www.youtube.com/channel/UCUPVStGvo-fAsoRAdum7yfw.html]
[www.youtube.com/channel/ios-app_/544007664/vnd.youtube/www.youtube.com/channel/UCUPVStGvo-fAsoRAdum7yfw.html]
[www.youtube.com/channel/android-app_/com.google.android.youtube/http/www.youtube.com/channel/UCrh9tOpAY2-Ev5pRssXq2Wg.html]
[www.youtube.com/channel/ios-app_/544007664/vnd.youtube/www.youtube.com/channel/UCrh9tOpAY2-Ev5pRssXq2Wg.html]
[www.youtube.com/channel/android-app_/com.google.android.youtube/http/www.youtube.com/channel/UCWc8CackfCo4q46FpEWBcPg.html]
[www.youtube.com/channel/ios-app_/544007664/vnd.youtube/www.youtube.com/channel/UCWc8CackfCo4q46FpEWBcPg.html]
[www.youtube.com/channel/android-app_/com.google.android.youtube/http/www.youtube.com/channel/UC5QwYlOxcT1higtcJVGzCCg.html]
[www.youtube.com/channel/ios-app_/544007664/vnd.youtube/www.youtube.com/channel/UC5QwYlOxcT1higtcJVGzCCg.html]
[www.youtube.com/channel/android-app_/com.google.android.youtube/http/www.youtube.com/channel/UCcRsTRCvh3PeR1Yog867hqg.html]
[www.youtube.com/channel/ios-app_/544007664/vnd.youtube/www.youtube.com/channel/UCcRsTRCvh3PeR1Yog867hqg.html]
[www.youtube.com/channel/android-app_/com.google.android.youtube/http/www.youtube.com/channel/UC3Uv6kBh55Jx0Ou0C7-Gudg.html]
[www.youtube.com/channel/ios-app_/544007664/vnd.youtube/www.youtube.com/channel/UC3Uv6kBh55Jx0Ou0C7-Gudg.html]
[www.youtube.com/channel/android-app_/com.google.android.youtube/http/www.youtube.com/channel/UCa-ZgzdNQYDOet7t_yrcPHw.html]
[www.youtube.com/channel/ios-app_/544007664/vnd.youtube/www.youtube.com/channel/UCa-ZgzdNQYDOet7t_yrcPHw.html]
[www.youtube.com/channel/android-app_/com.google.android.youtube/http/www.youtube.com/channel/UCwL9_LxuPEfkWA0v7E0G-uw.html]
[www.youtube.com/channel/ios-app_/544007664/vnd.youtube/www.youtube.com/channel/UCwL9_LxuPEfkWA0v7E0G-uw.html]
[www.youtube.com/channel/android-app_/com.google.android.youtube/http/www.youtube.com/channel/UCQgovvTTLPxAazVQE6X2ivQ.html]
[www.youtube.com/channel/ios-app_/544007664/vnd.youtube/www.youtube.com/channel/UCQgovvTTLPxAazVQE6X2ivQ.html]
[www.youtube.com/channel/android-app_/com.google.android.youtube/http/www.youtube.com/channel/UCMHqohIwUQf4oEXTFoXTu1g.html]
[www.youtube.com/channel/ios-app_/544007664/vnd.youtube/www.youtube.com/channel/UCMHqohIwUQf4oEXTFoXTu1g.html]
[www.youtube.com/channel/android-app_/com.google.android.youtube/http/www.youtube.com/channel/UC71wXCoTvVy63AW2s0jdwvw.html]
[www.youtube.com/channel/ios-app_/544007664/vnd.youtube/www.youtube.com/channel/UC71wXCoTvVy63AW2s0jdwvw.html]
[www.youtube.com/channel/android-app_/com.google.android.youtube/http/www.youtube.com/channel/UCu4ik9G1180gq0Ag0eA0YeQ.html]
[www.youtube.com/channel/ios-app_/544007664/vnd.youtube/www.youtube.com/channel/UCu4ik9G1180gq0Ag0eA0YeQ.html]
[www.youtube.com/channel/android-app_/com.google.android.youtube/http/www.youtube.com/channel/UCzrwDTU6gomqaAV8Wxr6G5g.html]
[www.youtube.com/channel/ios-app_/544007664/vnd.youtube/www.youtube.com/channel/UCzrwDTU6gomqaAV8Wxr6G5g.html]
[www.youtube.com/channel/android-app_/com.google.android.youtube/http/www.youtube.com/channel/UC43IWjQLZgyPTbhkFS-xh4Q.html]
[www.youtube.com/channel/ios-app_/544007664/vnd.youtube/www.youtube.com/channel/UC43IWjQLZgyPTbhkFS-xh4Q.html]
[www.youtube.com/channel/android-app_/com.google.android.youtube/http/www.youtube.com/channel/UCoBVPh4f6Pd2eeSbUhqfn1Q.html]
[www.youtube.com/channel/ios-app_/544007664/vnd.youtube/www.youtube.com/channel/UCoBVPh4f6Pd2eeSbUhqfn1Q.html]
[www.youtube.com/channel/android-app_/com.google.android.youtube/http/www.youtube.com/channel/UC8KFs307LrTkQCu-P1Fl6dw.html]
[www.youtube.com/channel/ios-app_/544007664/vnd.youtube/www.youtube.com/channel/UC8KFs307LrTkQCu-P1Fl6dw.html]
[www.youtube.com/channel/android-app_/com.google.android.youtube/http/www.youtube.com/channel/UCa43RopvUywkwQ_sVoKb_Lw.html]
[www.youtube.com/channel/ios-app_/544007664/vnd.youtube/www.youtube.com/channel/UCa43RopvUywkwQ_sVoKb_Lw.html]
[www.youtube.com/channel/android-app_/com.google.android.youtube/http/www.youtube.com/channel/UCaURsy4dyscx-4G2aMNKNKw.html]
[www.youtube.com/channel/ios-app_/544007664/vnd.youtube/www.youtube.com/channel/UCaURsy4dyscx-4G2aMNKNKw.html]
[www.youtube.com/channel/android-app_/com.google.android.youtube/http/www.youtube.com/channel/UC_EnhS-vNDc6Eo9nyQHC2YQ.html]
[www.youtube.com/channel/ios-app_/544007664/vnd.youtube/www.youtube.com/channel/UC_EnhS-vNDc6Eo9nyQHC2YQ.html]
[www.youtube.com/channel/android-app_/com.google.android.youtube/http/www.youtube.com/channel/UCTMD22pIImmgGSxddcxXPcg.html]
[www.youtube.com/channel/ios-app_/544007664/vnd.youtube/www.youtube.com/channel/UCTMD22pIImmgGSxddcxXPcg.html]
[www.youtube.com/channel/android-app_/com.google.android.youtube/http/www.youtube.com/channel/UCy0FxMgGUlRnkxCoNZUNRQQ.html]
[www.youtube.com/channel/ios-app_/544007664/vnd.youtube/www.youtube.com/channel/UCy0FxMgGUlRnkxCoNZUNRQQ.html]
[www.youtube.com/channel/android-app_/com.google.android.youtube/http/www.youtube.com/channel/UCOfQ0nZG7YClwNSaL-xULKQ.html]
[www.youtube.com/channel/ios-app_/544007664/vnd.youtube/www.youtube.com/channel/UCOfQ0nZG7YClwNSaL-xULKQ.html]
[www.youtube.com/channel/android-app_/com.google.android.youtube/http/www.youtube.com/channel/UC7ly4Q6oT3rcdOKQcQVvMgg.html]
[www.youtube.com/channel/ios-app_/544007664/vnd.youtube/www.youtube.com/channel/UC7ly4Q6oT3rcdOKQcQVvMgg.html]
[www.youtube.com/channel/android-app_/com.google.android.youtube/http/www.youtube.com/channel/UCljYHFazflmGaDr5Lo90KmA.html]
[www.youtube.com/channel/ios-app_/544007664/vnd.youtube/www.youtube.com/channel/UCljYHFazflmGaDr5Lo90KmA.html]
[www.youtube.com/channel/android-app_/com.google.android.youtube/http/www.youtube.com/channel/UCquKQ87U-_9WNFwjJfCJzgA.html]
[www.youtube.com/channel/ios-app_/544007664/vnd.youtube/www.youtube.com/channel/UCquKQ87U-_9WNFwjJfCJzgA.html]
[www.youtube.com/channel/android-app_/com.google.android.youtube/http/www.youtube.com/channel/UC8yHePe_RgUBE-waRWy6olw.html]
[www.youtube.com/channel/ios-app_/544007664/vnd.youtube/www.youtube.com/channel/UC8yHePe_RgUBE-waRWy6olw.html]
[www.youtube.com/channel/android-app_/com.google.android.youtube/http/www.youtube.com/channel/UCriL9o4WlGQvTQw_pZ4ZqIQ.html]
[www.youtube.com/channel/ios-app_/544007664/vnd.youtube/www.youtube.com/channel/UCriL9o4WlGQvTQw_pZ4ZqIQ.html]
[www.youtube.com/channel/android-app_/com.google.android.youtube/http/www.youtube.com/channel/UCcdwLMPsaU2ezNSJU1nFoBQ.html]
[www.youtube.com/channel/ios-app_/544007664/vnd.youtube/www.youtube.com/channel/UCcdwLMPsaU2ezNSJU1nFoBQ.html]
[www.youtube.com/channel/android-app_/com.google.android.youtube/http/www.youtube.com/channel/UCdrBnBNLsN4_cH32HWbr9qg.html]
[www.youtube.com/channel/ios-app_/544007664/vnd.youtube/www.youtube.com/channel/UCdrBnBNLsN4_cH32HWbr9qg.html]
[www.youtube.com/channel/android-app_/com.google.android.youtube/http/www.youtube.com/channel/UC9kmlDcqksaOnCkC_qzGacA.html]
[www.youtube.com/channel/ios-app_/544007664/vnd.youtube/www.youtube.com/channel/UC9kmlDcqksaOnCkC_qzGacA.html]
[www.youtube.com/channel/android-app_/com.google.android.youtube/http/www.youtube.com/channel/UCMc4EmuDxnHPc6pgGW-QWvQ.html]
[www.youtube.com/channel/ios-app_/544007664/vnd.youtube/www.youtube.com/channel/UCMc4EmuDxnHPc6pgGW-QWvQ.html]
[www.youtube.com/channel/android-app_/com.google.android.youtube/http/www.youtube.com/channel/UCisy6taOAeLfyaCqcMQDfig.html]
[www.youtube.com/channel/ios-app_/544007664/vnd.youtube/www.youtube.com/channel/UCisy6taOAeLfyaCqcMQDfig.html]
[www.youtube.com/channel/android-app_/com.google.android.youtube/http/www.youtube.com/channel/UCyQ-DUV6lZgoL8wiPusYiUg.html]
[www.youtube.com/channel/ios-app_/544007664/vnd.youtube/www.youtube.com/channel/UCyQ-DUV6lZgoL8wiPusYiUg.html]
[www.youtube.com/channel/android-app_/com.google.android.youtube/http/www.youtube.com/channel/UCFvDMQ0DRm0Jjp6XaukjJSA.html]
[www.youtube.com/channel/ios-app_/544007664/vnd.youtube/www.youtube.com/channel/UCFvDMQ0DRm0Jjp6XaukjJSA.html]
[www.youtube.com/channel/android-app_/com.google.android.youtube/http/www.youtube.com/channel/UCOf6pX571cKC0rhOZqv2y7Q.html]
[www.youtube.com/channel/ios-app_/544007664/vnd.youtube/www.youtube.com/channel/UCOf6pX571cKC0rhOZqv2y7Q.html]
[www.youtube.com/channel/android-app_/com.google.android.youtube/http/www.youtube.com/channel/UCSMqateX8OA2s1wsOR2EgJA.html]
[www.youtube.com/channel/ios-app_/544007664/vnd.youtube/www.youtube.com/channel/UCSMqateX8OA2s1wsOR2EgJA.html]
[www.youtube.com/channel/android-app_/com.google.android.youtube/http/www.youtube.com/channel/UCnRxhDE44UzWRfvfSs58q5Q.html]
[www.youtube.com/channel/ios-app_/544007664/vnd.youtube/www.youtube.com/channel/UCnRxhDE44UzWRfvfSs58q5Q.html]
[www.youtube.com/channel/android-app_/com.google.android.youtube/http/www.youtube.com/channel/UCWh6Rqp-mO38iPJbAVNflvQ.html]
[www.youtube.com/channel/ios-app_/544007664/vnd.youtube/www.youtube.com/channel/UCWh6Rqp-mO38iPJbAVNflvQ.html]
[www.youtube.com/channel/android-app_/com.google.android.youtube/http/www.youtube.com/channel/UCzAhrXRwNLDRenxBqi8y86Q.html]
[www.youtube.com/channel/ios-app_/544007664/vnd.youtube/www.youtube.com/channel/UCzAhrXRwNLDRenxBqi8y86Q.html]
[www.youtube.com/channel/android-app_/com.google.android.youtube/http/www.youtube.com/channel/UCG-eghyORxNrzSG8FkAWKyw.html]
[www.youtube.com/channel/ios-app_/544007664/vnd.youtube/www.youtube.com/channel/UCG-eghyORxNrzSG8FkAWKyw.html]
[www.youtube.com/channel/android-app_/com.google.android.youtube/http/www.youtube.com/channel/UC70mr11REaCqgKke7DPJoLg.html]
[www.youtube.com/channel/ios-app_/544007664/vnd.youtube/www.youtube.com/channel/UC70mr11REaCqgKke7DPJoLg.html]
[www.youtube.com/channel/android-app_/com.google.android.youtube/http/www.youtube.com/channel/UCL9aTJb0ur4sovxcppAopEw.html]
[www.youtube.com/channel/ios-app_/544007664/vnd.youtube/www.youtube.com/channel/UCL9aTJb0ur4sovxcppAopEw.html]
[www.youtube.com/channel/android-app_/com.google.android.youtube/http/www.youtube.com/channel/UCCTuFofVWD9uORhQqgn-d7Q.html]
[www.youtube.com/channel/ios-app_/544007664/vnd.youtube/www.youtube.com/channel/UCCTuFofVWD9uORhQqgn-d7Q.html]
[www.youtube.com/channel/android-app_/com.google.android.youtube/http/www.youtube.com/channel/UCLemmOzGbJqOz_pSVVPAMaA.html]
[www.youtube.com/channel/ios-app_/544007664/vnd.youtube/www.youtube.com/channel/UCLemmOzGbJqOz_pSVVPAMaA.html]
[www.youtube.com/channel/android-app_/com.google.android.youtube/http/www.youtube.com/channel/UC-E7qrQ2Q1poO9WKnFF3Elg.html]
[www.youtube.com/channel/ios-app_/544007664/vnd.youtube/www.youtube.com/channel/UC-E7qrQ2Q1poO9WKnFF3Elg.html]
[www.youtube.com/android-app_/com.google.android.youtube/http/www.youtube.com/watch44dc.html]
[www.youtube.com/ios-app_/544007664/vnd.youtube/www.youtube.com/watch.12ea44dc.delayed]
[www.youtube.com/oembed740c.json]
[www.youtube.com/oembed95b4]
[i.ytimg.com/vi/QOOw2E_qAsE/hqdefault.jpg]
[www.youtube.com/watch44dc.html]
[www.youtube.com/embed/QOOw2E_qAsE.html]
[www.youtube.com/@nikkietutorials.html]
[www.youtube.com/android-app_/com.google.android.youtube/http/www.youtube.com/watch85fa.html]
[www.youtube.com/ios-app_/544007664/vnd.youtube/www.youtube.com/watch.12f585fa.delayed]
[www.youtube.com/oembed30a5.json]
[www.youtube.com/oembed3199]
[i.ytimg.com/vi/NpTExshOGpY/hqdefaultf780.jpg]
[www.youtube.com/@LifeInTransition.html]
[www.youtube.com/embed/NpTExshOGpY.html]
[i.ytimg.com/vi/NpTExshOGpY/hqdefault.jpg]
[www.youtube.com/watch85fa.html]
[www.youtube.com/embed/di7iONXeuQM390b.html]
[www.youtube.com/android-app_/com.google.android.youtube/http/www.youtube.com/watch1db6.html]
[www.youtube.com/ios-app_/544007664/vnd.youtube/www.youtube.com/watch.13011db6.delayed]
[www.youtube.com/oembedd574.json]
[www.youtube.com/oembed1ddf]
[i.ytimg.com/vi/Ov3egnjWG_A/maxresdefault.jpg]
[www.youtube.com/@thatspecialeducator1061.html]
[www.youtube.com/embed/Ov3egnjWG_A.html]
[i.ytimg.com/vi/Ov3egnjWG_A/hqdefault.jpg]
[www.youtube.com/watch1db6.html]
[www.youtube.com/embed/Ov3egnjWG_A390b.html]
[www.youtube.com/android-app_/com.google.android.youtube/http/www.youtube.com/watchec07.html]
[www.youtube.com/ios-app_/544007664/vnd.youtube/www.youtube.com/watch.130dec07.delayed]
[www.youtube.com/oembed568d.json]
[www.youtube.com/oembedd6ec]
[i.ytimg.com/vi/0wKK_WOfNZE/hqdefault.jpg]
[www.youtube.com/@KylieZielinski.html]
[www.youtube.com/watchec07.html]
[www.youtube.com/embed/0wKK_WOfNZE390b.html]
[www.youtube.com/embed/0wKK_WOfNZE.html]
[www.youtube.com/android-app_/com.google.android.youtube/http/www.youtube.com/watch2a45.html]
[www.youtube.com/ios-app_/544007664/vnd.youtube/www.youtube.com/watch.13182a45.delayed]
[www.youtube.com/oembedc680.json]
[www.youtube.com/oembed2115]
[i.ytimg.com/vi/VbV0pVRlYGo/maxresdefault.jpg]
[www.youtube.com/@5Guyy.html]
[www.youtube.com/embed/VbV0pVRlYGo.html]
[i.ytimg.com/vi/VbV0pVRlYGo/hqdefault.jpg]
[www.youtube.com/watch2a45.html]
[www.youtube.com/embed/VbV0pVRlYGo390b.html]
[www.youtube.com/android-app_/com.google.android.youtube/http/www.youtube.com/watchd0c7.html]
[www.youtube.com/ios-app_/544007664/vnd.youtube/www.youtube.com/watch.1324d0c7.delayed]
[www.youtube.com/oembedcd7f.json]
[www.youtube.com/oembed08e7]
[i.ytimg.com/vi/di7iONXeuQM/maxresdefault.jpg]
[www.youtube.com/@LockieandAsh.html]
[www.youtube.com/embed/di7iONXeuQM.html]
[i.ytimg.com/vi/di7iONXeuQM/hqdefault.jpg]
[www.youtube.com/watchd0c7.html]
[www.youtube.com/android-app_/com.google.android.youtube/http/www.youtube.com/watch0731.html]
[www.youtube.com/ios-app_/544007664/vnd.youtube/www.youtube.com/watch.13300731.delayed]
[www.youtube.com/oembede3fb.json]
[www.youtube.com/oembed35aa]
[i.ytimg.com/vi/J9YgLOX2Gzo/maxresdefault.jpg]
[www.youtube.com/embed/J9YgLOX2Gzo.html]
[www.youtube.com/@DestinysJesus.html]
[i.ytimg.com/vi/J9YgLOX2Gzo/hqdefault.jpg]
[www.youtube.com/watch0731.html]
[www.youtube.com/embed/J9YgLOX2Gzo390b.html]
[www.youtube.com/trends/2021/index.html]
[www.youtube.com/trends/static/report-2021/yt2021background.png]
[www.youtube.com/trends/static/eoy-2021/grid.jpg]
[www.youtube.com/trends/static/compiled/eoy2021.min9187.css]
[www.youtube.com/android-app_/com.google.android.youtube/http/www.youtube.com/watch8a52.html]
[www.youtube.com/ios-app_/544007664/vnd.youtube/www.youtube.com/watch.133e8a52.delayed]
[www.youtube.com/oembed83f4.json]
[www.youtube.com/oembed1ec7]
[i.ytimg.com/vi/YGIke3Wxu_s/maxresdefault.jpg]
[www.youtube.com/@MrSpike.html]
[www.youtube.com/embed/YGIke3Wxu_s.html]
[i.ytimg.com/vi/YGIke3Wxu_s/hqdefault.jpg]
[www.youtube.com/watch8a52.html]
[www.youtube.com/trends/report/top-lists/index.html]
[www.youtube.com/trends/2021/us/index.html]
[www.youtube.com/embed/3tv1zIdSTWw390b.html]
[www.youtube.com/watchd873.html]
[www.youtube.com/embed/JslHOR_10gA390b.html]
[www.youtube.com/watchacf6.html]
[www.youtube.com/embed/bdBR-4BOS1Y390b.html]
[www.youtube.com/watche161.html]
[www.youtube.com/feeds/videos97b6.xml]
[www.youtube.com/channel/android-app_/com.google.android.youtube/http/www.youtube.com/channel/UCUdF4kyAKLyT1xYTjddW5_w.134c.delayed]
[www.youtube.com/channel/ios-app_/544007664/vnd.youtube/www.youtube.com/channel/UCUdF4kyAKLyT1xYTjddW5_w.134e.delayed]
[www.youtube.com/channel/UCUdF4kyAKLyT1xYTjddW5_w.html]
[www.youtube.com/feeds/videos0ce9.xml]
[www.youtube.com/channel/android-app_/com.google.android.youtube/http/www.youtube.com/channel/UCVYe9OwcrGrlRmlX8cSWgvg.1352.delayed]
[www.youtube.com/channel/ios-app_/544007664/vnd.youtube/www.youtube.com/channel/UCVYe9OwcrGrlRmlX8cSWgvg.1354.delayed]
[www.youtube.com/channel/UCVYe9OwcrGrlRmlX8cSWgvg.html]
[www.youtube.com/feeds/videos2976.xml]
[www.youtube.com/channel/android-app_/com.google.android.youtube/http/www.youtube.com/channel/UCh5fwwlEPTqN68kZYL8nK5A.1358.delayed]
[www.youtube.com/channel/ios-app_/544007664/vnd.youtube/www.youtube.com/channel/UCh5fwwlEPTqN68kZYL8nK5A.135a.delayed]
[www.youtube.com/channel/UCh5fwwlEPTqN68kZYL8nK5A.html]
[www.youtube.com/feeds/videos5b8f.xml]
[www.youtube.com/channel/android-app_/com.google.android.youtube/http/www.youtube.com/channel/UCmVzcQ5hXNecXAcbn6y7TEg.135e.delayed]
[www.youtube.com/channel/ios-app_/544007664/vnd.youtube/www.youtube.com/channel/UCmVzcQ5hXNecXAcbn6y7TEg.1360.delayed]
[www.youtube.com/channel/UCmVzcQ5hXNecXAcbn6y7TEg.html]
[www.youtube.com/feeds/videos2144.xml]
[www.youtube.com/channel/android-app_/com.google.android.youtube/http/www.youtube.com/channel/UCgh9zWRC1xoItWngP_x-zxA.1364.delayed]
[www.youtube.com/channel/ios-app_/544007664/vnd.youtube/www.youtube.com/channel/UCgh9zWRC1xoItWngP_x-zxA.1366.delayed]
[www.youtube.com/channel/UCgh9zWRC1xoItWngP_x-zxA.html]
[www.youtube.com/watch6a91.html]
[www.youtube.com/android-app_/com.google.android.youtube/http/www.youtube.com/watch374b.html]
[www.youtube.com/ios-app_/544007664/vnd.youtube/www.youtube.com/watch.136c374b.delayed]
[www.youtube.com/oembed2610.json]
[www.youtube.com/oembedb6ae]
[i.ytimg.com/vi/SuQXF57WJE4/maxresdefault.jpg]
[www.youtube.com/@jarvyplays.html]
[www.youtube.com/embed/SuQXF57WJE4.html]
[i.ytimg.com/vi/SuQXF57WJE4/hqdefault.jpg]
[www.youtube.com/watch374b.html]
[www.youtube.com/feeds/videos0d6a.xml]
[www.youtube.com/channel/android-app_/com.google.android.youtube/http/www.youtube.com/channel/UCKyEHvXMFaECMG2JQ2GoX4w.1377.delayed]
[www.youtube.com/channel/ios-app_/544007664/vnd.youtube/www.youtube.com/channel/UCKyEHvXMFaECMG2JQ2GoX4w.1379.delayed]
[www.youtube.com/channel/UCKyEHvXMFaECMG2JQ2GoX4w.html]
[www.youtube.com/embed/LTejJnrzGPM390b.html]
[www.youtube.com/trends/articles/2019-trends-to-follow/index.html]
[www.youtube.com/embed/HA96VDEPxIs390b.html]
[www.youtube.com/android-app_/com.google.android.youtube/http/www.youtube.com/watch0cd9.html]
[www.youtube.com/ios-app_/544007664/vnd.youtube/www.youtube.com/watch.13810cd9.delayed]
[www.youtube.com/oembedbda1.json]
[www.youtube.com/oembed76f7]
[i.ytimg.com/vi/8_igTYoM_VI/maxresdefault.jpg]
[www.youtube.com/embed/8_igTYoM_VI.html]
[i.ytimg.com/vi/8_igTYoM_VI/hqdefault.jpg]
[www.youtube.com/watch0cd9.html]
[www.youtube.com/embed/3p713bNaO4A390b.html]
[www.youtube.com/watch6664.html]
[www.youtube.com/android-app_/com.google.android.youtube/http/www.youtube.com/watch6e45.html]
[www.youtube.com/ios-app_/544007664/vnd.youtube/www.youtube.com/watch.138c6e45.delayed]
[www.youtube.com/oembed76e2.json]
[www.youtube.com/oembedab07]
[i.ytimg.com/vi/h43q4V8nZys/maxresdefault.jpg]
[www.youtube.com/embed/h43q4V8nZys.html]
[www.youtube.com/@amandarachlee.html]
[i.ytimg.com/vi/h43q4V8nZys/hqdefault.jpg]
[www.youtube.com/watch6e45.html]
[www.youtube.com/android-app_/com.google.android.youtube/http/www.youtube.com/watchd780.html]
[www.youtube.com/ios-app_/544007664/vnd.youtube/www.youtube.com/watch.1398d780.delayed]
[www.youtube.com/oembed3280.json]
[www.youtube.com/oembedba15]
[i.ytimg.com/vi/M11bExydrZ4/maxresdefault.jpg]
[www.youtube.com/embed/M11bExydrZ4.html]
[www.youtube.com/@FinancialBunny.html]
[i.ytimg.com/vi/M11bExydrZ4/hqdefault.jpg]
[www.youtube.com/watchd780.html]
[www.youtube.com/feeds/videos3828.xml]
[www.youtube.com/user/android-app_/com.google.android.youtube/http/www.youtube.com/channel/UCFKE7WVJfvaHW5q283SxchA.13a3.delayed]
[www.youtube.com/user/ios-app_/544007664/vnd.youtube/www.youtube.com/channel/UCFKE7WVJfvaHW5q283SxchA.13a5.delayed]
[www.youtube.com/user/yogawithadriene.html]
[www.youtube.com/android-app_/com.google.android.youtube/http/www.youtube.com/watch620d.html]
[www.youtube.com/ios-app_/544007664/vnd.youtube/www.youtube.com/watch.13aa620d.delayed]
[www.youtube.com/oembedb6f5.json]
[www.youtube.com/oembeda378]
[i.ytimg.com/vi/KWBfQjuwp4E/maxresdefault.jpg]
[www.youtube.com/yogawithadriene.html]
[www.youtube.com/embed/KWBfQjuwp4E.html]
[i.ytimg.com/vi/KWBfQjuwp4E/hqdefault.jpg]
[www.youtube.com/watch620d.html]
[www.youtube.com/android-app_/com.google.android.youtube/http/www.youtube.com/watch411e.html]
[www.youtube.com/ios-app_/544007664/vnd.youtube/www.youtube.com/watch.13b7411e.delayed]
[www.youtube.com/oembed1c87.json]
[www.youtube.com/oembed5996]
[i.ytimg.com/vi/bQWwWaWXPS0/maxresdefault.jpg]
[www.youtube.com/embed/bQWwWaWXPS0.html]
[i.ytimg.com/vi/bQWwWaWXPS0/hqdefault.jpg]
[www.youtube.com/watch411e.html]
[www.youtube.com/android-app_/com.google.android.youtube/http/www.youtube.com/watch6eb7.html]
[www.youtube.com/ios-app_/544007664/vnd.youtube/www.youtube.com/watch.13c16eb7.delayed]
[www.youtube.com/oembed4d7e.json]
[www.youtube.com/oembed01ec]
[i.ytimg.com/vi/JUP_YdYyfQw/maxresdefault.jpg]
[www.youtube.com/embed/JUP_YdYyfQw.html]
[i.ytimg.com/vi/JUP_YdYyfQw/hqdefault.jpg]
[www.youtube.com/watch6eb7.html]
[www.youtube.com/channel/UCe0TLA0EsQbE-MjuHXevj2A.html]
[www.youtube.com/feeds/videos4029.xml]
[www.youtube.com/user/android-app_/com.google.android.youtube/http/www.youtube.com/channel/UCe0TLA0EsQbE-MjuHXevj2A.13cb.delayed]
[www.youtube.com/user/ios-app_/544007664/vnd.youtube/www.youtube.com/channel/UCe0TLA0EsQbE-MjuHXevj2A.13cd.delayed]
[www.youtube.com/user/JDCav24.html]
[www.youtube.com/android-app_/com.google.android.youtube/http/www.youtube.com/watch35ae.html]
[www.youtube.com/ios-app_/544007664/vnd.youtube/www.youtube.com/watch.13d235ae.delayed]
[www.youtube.com/oembede1f4.json]
[www.youtube.com/oembed65e6]
[i.ytimg.com/vi/K81-SLUFo9c/maxresdefault.jpg]
[www.youtube.com/embed/K81-SLUFo9c.html]
[www.youtube.com/@athleanx.html]
[i.ytimg.com/vi/K81-SLUFo9c/hqdefault.jpg]
[www.youtube.com/watch35ae.html]
[www.youtube.com/android-app_/com.google.android.youtube/http/www.youtube.com/watch63db.html]
[www.youtube.com/ios-app_/544007664/vnd.youtube/www.youtube.com/watch.13de63db.delayed]
[www.youtube.com/oembed6c5e.json]
[www.youtube.com/oembedb47e]
[i.ytimg.com/vi/YLR2Vm346Lc/maxresdefault.jpg]
[www.youtube.com/embed/YLR2Vm346Lc.html]
[i.ytimg.com/vi/YLR2Vm346Lc/hqdefault.jpg]
[www.youtube.com/watch63db.html]
[www.youtube.com/user/android-app_/com.google.android.youtube/http/www.youtube.com/channel/UCIJwWYOfsCfz6PjxbONYXSg.13e6.delayed]
[www.youtube.com/user/ios-app_/544007664/vnd.youtube/www.youtube.com/channel/UCIJwWYOfsCfz6PjxbONYXSg.13e8.delayed]
[www.youtube.com/user/blogilates.html]
[www.youtube.com/android-app_/com.google.android.youtube/http/www.youtube.com/watch326d.html]
[www.youtube.com/ios-app_/544007664/vnd.youtube/www.youtube.com/watch.13ed326d.delayed]
[www.youtube.com/oembed040a.json]
[www.youtube.com/oembedb641]
[i.ytimg.com/vi/C9eK5mSHgCs/maxresdefault.jpg]
[www.youtube.com/embed/C9eK5mSHgCs.html]
[i.ytimg.com/vi/C9eK5mSHgCs/hqdefault.jpg]
[www.youtube.com/watch326d.html]
[www.youtube.com/watchbab5.html]
[www.youtube.com/android-app_/com.google.android.youtube/http/www.youtube.com/watch2c46.html]
[www.youtube.com/ios-app_/544007664/vnd.youtube/www.youtube.com/watch.13f82c46.delayed]
[www.youtube.com/oembed9b10.json]
[www.youtube.com/oembed0557]
[i.ytimg.com/vi/Ha236I-ulzY/maxresdefault.jpg]
[www.youtube.com/embed/Ha236I-ulzY77ba.html]
[i.ytimg.com/vi/Ha236I-ulzY/hqdefault.jpg]
[www.youtube.com/watch2c46.html]
[www.youtube.com/android-app_/com.google.android.youtube/http/www.youtube.com/watch36d2.html]
[www.youtube.com/ios-app_/544007664/vnd.youtube/www.youtube.com/watch.140236d2.delayed]
[www.youtube.com/oembed13ff.json]
[www.youtube.com/oembedab1d]
[i.ytimg.com/vi/AW6TZVwP-FA/maxresdefault.jpg]
[www.youtube.com/embed/AW6TZVwP-FA.html]
[i.ytimg.com/vi/AW6TZVwP-FA/hqdefault.jpg]
[www.youtube.com/watch36d2.html]
[www.youtube.com/feeds/videose887.xml]
[www.youtube.com/channel/UCpWaR3gNAQGsX48cIlQC0qw.html]
[www.youtube.com/user/android-app_/com.google.android.youtube/http/www.youtube.com/channel/UCpWaR3gNAQGsX48cIlQC0qw.140c.delayed]
[www.youtube.com/user/ios-app_/544007664/vnd.youtube/www.youtube.com/channel/UCpWaR3gNAQGsX48cIlQC0qw.140e.delayed]
[www.youtube.com/user/OutLawzFR.html]
[www.youtube.com/android-app_/com.google.android.youtube/http/www.youtube.com/watch95e1.html]
[www.youtube.com/ios-app_/544007664/vnd.youtube/www.youtube.com/watch.141395e1.delayed]
[www.youtube.com/oembed959b.json]
[www.youtube.com/oembed8234]
[i.ytimg.com/vi/lFHHl5LCOIo/maxresdefault.jpg]
[www.youtube.com/embed/lFHHl5LCOIo.html]
[www.youtube.com/@TiboInShape.html]
[i.ytimg.com/vi/lFHHl5LCOIo/hqdefault.jpg]
[www.youtube.com/watch95e1.html]
[www.youtube.com/android-app_/com.google.android.youtube/http/www.youtube.com/watch535d.html]
[www.youtube.com/ios-app_/544007664/vnd.youtube/www.youtube.com/watch.141f535d.delayed]
[www.youtube.com/oembedddcd.json]
[www.youtube.com/oembed0996]
[i.ytimg.com/vi/EZQ8937w_GQ/maxresdefault.jpg]
[www.youtube.com/embed/EZQ8937w_GQ.html]
[i.ytimg.com/vi/EZQ8937w_GQ/hqdefault.jpg]
[www.youtube.com/watch535d.html]
[www.youtube.com/channel/UCfwP2H1CDJvssk6g2pm8EgA.html]
[www.youtube.com/feeds/videosa3c2.xml]
[www.youtube.com/user/android-app_/com.google.android.youtube/http/www.youtube.com/channel/UCfwP2H1CDJvssk6g2pm8EgA.1429.delayed]
[www.youtube.com/user/ios-app_/544007664/vnd.youtube/www.youtube.com/channel/UCfwP2H1CDJvssk6g2pm8EgA.142b.delayed]
[www.youtube.com/user/gymvirtual.html]
[www.youtube.com/channel/UCPVGUnnNyf_FWLE0cLmphEA.html]
[www.youtube.com/feeds/videos8565.xml]
[www.youtube.com/user/Secretosdechicas/android-app_/com.google.android.youtube/http/www.youtube.com/channel/UCPVGUnnNyf_FWLE0cLmphEA.html]
[www.youtube.com/user/Secretosdechicas/featured.html]
[www.youtube.com/user/Secretosdechicas/ios-app_/544007664/vnd.youtube/www.youtube.com/channel/UCPVGUnnNyf_FWLE0cLmphEA.html]
[www.youtube.com/android-app_/com.google.android.youtube/http/www.youtube.com/watchc042.html]
[www.youtube.com/shorts/4aRPLMQslSg.html]
[www.youtube.com/ios-app_/544007664/vnd.youtube/www.youtube.com/watch.1438c042.delayed]
[www.youtube.com/oembed8ce3.json]
[www.youtube.com/oembeda8c8]
[i.ytimg.com/vi/4aRPLMQslSg/maxres2bd33.jpg]
[www.youtube.com/embed/4aRPLMQslSg.html]
[www.youtube.com/@LarryWheels.html]
[i.ytimg.com/vi/4aRPLMQslSg/hqdefault.jpg]
[www.youtube.com/watchc042.html]
[www.youtube.com/embed/4aRPLMQslSg390b.html]
[www.youtube.com/android-app_/com.google.android.youtube/http/www.youtube.com/watch5f8d.html]
[www.youtube.com/ios-app_/544007664/vnd.youtube/www.youtube.com/watch.14445f8d.delayed]
[www.youtube.com/oembeda65a.json]
[www.youtube.com/oembed9cec]
[i.ytimg.com/vi/WC0z9B0p1L4/maxresdefault.jpg]
[www.youtube.com/@MattDoesFitness.html]
[www.youtube.com/embed/WC0z9B0p1L4.html]
[i.ytimg.com/vi/WC0z9B0p1L4/hqdefault.jpg]
[www.youtube.com/watch5f8d.html]
[www.youtube.com/embed/WC0z9B0p1L4390b.html]
[www.youtube.com/android-app_/com.google.android.youtube/http/www.youtube.com/watch3886.html]
[www.youtube.com/ios-app_/544007664/vnd.youtube/www.youtube.com/watch.14503886.delayed]
[www.youtube.com/oembedeefd.json]
[www.youtube.com/oembed6e86]
[i.ytimg.com/vi/bQKIczEj8m4/maxresdefault.jpg]
[www.youtube.com/@FraserWilsonFit.html]
[www.youtube.com/embed/bQKIczEj8m4.html]
[i.ytimg.com/vi/bQKIczEj8m4/hqdefault.jpg]
[www.youtube.com/watch3886.html]
[www.youtube.com/embed/bQKIczEj8m4390b.html]
[www.youtube.com/android-app_/com.google.android.youtube/http/www.youtube.com/watch3a77.html]
[www.youtube.com/ios-app_/544007664/vnd.youtube/www.youtube.com/watch.145c3a77.delayed]
[www.youtube.com/oembeda1f7.json]
[www.youtube.com/oembed3821]
[i.ytimg.com/vi/Ga6Vr3Ec2Mc/maxresdefault.jpg]
[www.youtube.com/@calimove.html]
[www.youtube.com/embed/Ga6Vr3Ec2Mc.html]
[i.ytimg.com/vi/Ga6Vr3Ec2Mc/hqdefault.jpg]
[www.youtube.com/watch3a77.html]
[www.youtube.com/embed/Ga6Vr3Ec2Mc390b.html]
[www.youtube.com/android-app_/com.google.android.youtube/http/www.youtube.com/watche5fb.html]
[www.youtube.com/ios-app_/544007664/vnd.youtube/www.youtube.com/watch.1468e5fb.delayed]
[www.youtube.com/oembed61f8.json]
[www.youtube.com/oembed0f69]
[i.ytimg.com/vi/BkS1-El_WlE/hqdefault.jpg]
[www.youtube.com/watche5fb.html]
[www.youtube.com/embed/BkS1-El_WlE390b.html]
[www.youtube.com/embed/BkS1-El_WlE.html]
[www.youtube.com/@OFFICIALTHENXSTUDIOS.html]
[www.youtube.com/android-app_/com.google.android.youtube/http/www.youtube.com/watchbb5f.html]
[www.youtube.com/ios-app_/544007664/vnd.youtube/www.youtube.com/watch.1473bb5f.delayed]
[www.youtube.com/oembed6c0b.json]
[www.youtube.com/oembed4b73]
[i.ytimg.com/vi/0GMr8xV4IY4/maxresdefault.jpg]
[www.youtube.com/natachaoceane.1479.delayed]
[www.youtube.com/embed/0GMr8xV4IY4.html]
[i.ytimg.com/vi/0GMr8xV4IY4/hqdefault.jpg]
[www.youtube.com/watchbb5f.html]
[www.youtube.com/android-app_/com.google.android.youtube/http/www.youtube.com/watch056c.html]
[www.youtube.com/ios-app_/544007664/vnd.youtube/www.youtube.com/watch.1480056c.delayed]
[www.youtube.com/oembedf676.json]
[www.youtube.com/oembedefd2]
[i.ytimg.com/vi/ESrO1AKwwpk/maxresdefault.jpg]
[www.youtube.com/embed/ESrO1AKwwpk.html]
[i.ytimg.com/vi/ESrO1AKwwpk/hqdefault.jpg]
[www.youtube.com/watch056c.html]
[www.youtube.com/watch7f80.html]
[www.youtube.com/android-app_/com.google.android.youtube/http/www.youtube.com/watch1ebd.html]
[www.youtube.com/ios-app_/544007664/vnd.youtube/www.youtube.com/watch.148b1ebd.delayed]
[www.youtube.com/oembeda586.json]
[www.youtube.com/oembedaa70]
[i.ytimg.com/vi/cdyrFYxQK6k/maxresdefault.jpg]
[www.youtube.com/embed/cdyrFYxQK6k.html]
[www.youtube.com/@SaschaHuber.html]
[i.ytimg.com/vi/cdyrFYxQK6k/hqdefault.jpg]
[www.youtube.com/watch6212.html]
[www.youtube.com/watch94c0.html]
[www.youtube.com/android-app_/com.google.android.youtube/http/www.youtube.com/watch3043.html]
[www.youtube.com/ios-app_/544007664/vnd.youtube/www.youtube.com/watch.14983043.delayed]
[www.youtube.com/oembedb7cc.json]
[www.youtube.com/oembed0017]
[i.ytimg.com/vi/VkufXxymQ8g/maxresdefault.jpg]
[www.youtube.com/embed/VkufXxymQ8g.html]
[www.youtube.com/@BodyipDe.html]
[i.ytimg.com/vi/VkufXxymQ8g/hqdefault.jpg]
[www.youtube.com/watch9cd9.html]
[www.youtube.com/watch1ec1.html]
[www.youtube.com/android-app_/com.google.android.youtube/http/www.youtube.com/watchc766.html]
[www.youtube.com/ios-app_/544007664/vnd.youtube/www.youtube.com/watch.14a5c766.delayed]
[www.youtube.com/oembed9e75.json]
[www.youtube.com/oembed4fdc]
[i.ytimg.com/vi/W-40-N3pHq4/hqdefault.jpg]
[www.youtube.com/watchc766.html]
[www.youtube.com/embed/W-40-N3pHq477ba.html]
[www.youtube.com/watcha4e3.html]
[www.youtube.com/watch03df.html]
[www.youtube.com/watchae76.html]
[www.youtube.com/watchc4a5.html]
[www.youtube.com/watche38b.html]
[www.youtube.com/watch8779.html]
[www.youtube.com/trends/articles/racial-justice-content-on-youtube-explainer/index.html]
[www.youtube.com/playlist7a8c.html]
[www.youtube.com/android-app_/com.google.android.youtube/http/www.youtube.com/watch5f62.html]
[www.youtube.com/ios-app_/544007664/vnd.youtube/www.youtube.com/watch.14b55f62.delayed]
[www.youtube.com/oembed9e56.json]
[www.youtube.com/oembed35ef]
[i.ytimg.com/vi/R9hv6NsWndM/maxresdefault.jpg]
[www.youtube.com/embed/R9hv6NsWndM.html]
[www.youtube.com/@TheExploringSeries.html]
[i.ytimg.com/vi/R9hv6NsWndM/hqdefault.jpg]
[www.youtube.com/watch5f62.html]
[www.youtube.com/android-app_/com.google.android.youtube/http/www.youtube.com/watch1819.html]
[www.youtube.com/ios-app_/544007664/vnd.youtube/www.youtube.com/watch.14c11819.delayed]
[www.youtube.com/oembed71c1.json]
[www.youtube.com/oembed91b5]
[i.ytimg.com/vi/I_1I3ZLUUKE/maxresdefault.jpg]
[www.youtube.com/@scpanimated.html]
[www.youtube.com/embed/I_1I3ZLUUKE.html]
[i.ytimg.com/vi/I_1I3ZLUUKE/hqdefault.jpg]
[www.youtube.com/watch1819.html]
[www.youtube.com/embed/lIvr-ORN3_w390b.html]
[www.youtube.com/watchdf07.html]
[www.youtube.com/android-app_/com.google.android.youtube/http/www.youtube.com/watch7afd.html]
[www.youtube.com/ios-app_/544007664/vnd.youtube/www.youtube.com/watch.14ce7afd.delayed]
[www.youtube.com/oembed0a49.json]
[www.youtube.com/oembeda417]
[i.ytimg.com/vi/_XlFBegoiiM/maxresdefault.jpg]
[www.youtube.com/@toocoolformiddleschoolblog.html]
[www.youtube.com/embed/_XlFBegoiiM.html]
[i.ytimg.com/vi/_XlFBegoiiM/hqdefault.jpg]
[www.youtube.com/watch7afd.html]
[www.youtube.com/android-app_/com.google.android.youtube/http/www.youtube.com/watch2bc1.html]
[www.youtube.com/ios-app_/544007664/vnd.youtube/www.youtube.com/watch.14da2bc1.delayed]
[www.youtube.com/oembed5604.json]
[www.youtube.com/oembed55ce]
[i.ytimg.com/vi/uUOwyIgzFOU/maxresdefault.jpg]
[www.youtube.com/@NewEdTechClassroom.html]
[www.youtube.com/embed/uUOwyIgzFOU.html]
[i.ytimg.com/vi/uUOwyIgzFOU/hqdefault.jpg]
[www.youtube.com/watch2bc1.html]
[www.youtube.com/android-app_/com.google.android.youtube/http/www.youtube.com/watch5882.html]
[www.youtube.com/ios-app_/544007664/vnd.youtube/www.youtube.com/watch.14e65882.delayed]
[www.youtube.com/oembed034d.json]
[www.youtube.com/oembed50f6]
[i.ytimg.com/vi/rWk0mKFpJbY/maxresdefault.jpg]
[www.youtube.com/embed/rWk0mKFpJbY.html]
[www.youtube.com/@FlippedClassroomTutorials.html]
[i.ytimg.com/vi/rWk0mKFpJbY/hqdefault.jpg]
[www.youtube.com/watch5882.html]
[www.youtube.com/android-app_/com.google.android.youtube/http/www.youtube.com/watchc691.html]
[www.youtube.com/ios-app_/544007664/vnd.youtube/www.youtube.com/watch.14f2c691.delayed]
[www.youtube.com/oembed8557.json]
[www.youtube.com/oembed5d37]
[i.ytimg.com/vi/43cw7DflUZo/hqdefault.jpg]
[www.youtube.com/@PBSLearningMediaORG.html]
[www.youtube.com/watchc691.html]
[www.youtube.com/embed/43cw7DflUZo.html]
[www.youtube.com/android-app_/com.google.android.youtube/http/www.youtube.com/watch9933.html]
[www.youtube.com/ios-app_/544007664/vnd.youtube/www.youtube.com/watch.14fd9933.delayed]
[www.youtube.com/oembedfe5d.json]
[www.youtube.com/oembed6770]
[i.ytimg.com/vi/rdH9QB1GUu4/maxresdefault.jpg]
[www.youtube.com/embed/rdH9QB1GUu4.html]
[www.youtube.com/@thevirtualinstructor.html]
[i.ytimg.com/vi/rdH9QB1GUu4/hqdefault.jpg]
[www.youtube.com/watch9933.html]
[www.youtube.com/android-app_/com.google.android.youtube/http/www.youtube.com/watch68fc.html]
[www.youtube.com/ios-app_/544007664/vnd.youtube/www.youtube.com/watch.150968fc.delayed]
[www.youtube.com/oembed93d5.json]
[www.youtube.com/oembeded83]
[i.ytimg.com/vi/svmGQhQLuBQ/maxresdefault.jpg]
[www.youtube.com/@PocketfulofPrimary.html]
[www.youtube.com/embed/svmGQhQLuBQ.html]
[i.ytimg.com/vi/svmGQhQLuBQ/hqdefault.jpg]
[www.youtube.com/watch68fc.html]
[www.youtube.com/ios-app_/544007664/vnd.youtube/www.youtube.com/watch.1515be45.delayed]
[www.youtube.com/oembed2852.json]
[www.youtube.com/oembed932f]
[i.ytimg.com/vi/Jiex41xEyMQ/maxresdefault.jpg]
[www.youtube.com/android-app_/com.google.android.youtube/http/www.youtube.com/watchbe45.html]
[www.youtube.com/embed/Jiex41xEyMQ.html]
[www.youtube.com/@OrangeCountyPublicSchools.html]
[i.ytimg.com/vi/Jiex41xEyMQ/hqdefault.jpg]
[www.youtube.com/watchbe45.html]
[www.youtube.com/android-app_/com.google.android.youtube/http/www.youtube.com/watchc981.html]
[www.youtube.com/ios-app_/544007664/vnd.youtube/www.youtube.com/watch.1521c981.delayed]
[www.youtube.com/oembede628.json]
[www.youtube.com/oembede5c5]
[i.ytimg.com/vi/aiHLbcyQp0M/maxresdefault.jpg]
[www.youtube.com/@pasco_schools.html]
[www.youtube.com/embed/aiHLbcyQp0M.html]
[i.ytimg.com/vi/aiHLbcyQp0M/hqdefault.jpg]
[www.youtube.com/watchc981.html]
[www.youtube.com/android-app_/com.google.android.youtube/http/www.youtube.com/watchbfaa.html]
[www.youtube.com/ios-app_/544007664/vnd.youtube/www.youtube.com/watch.152dbfaa.delayed]
[www.youtube.com/oembedfd5f.json]
[www.youtube.com/oembed3808]
[i.ytimg.com/vi/U8nH3tgVEv4/hqdefault.jpg]
[www.youtube.com/@spprep1872.html]
[www.youtube.com/watchbfaa.html]
[www.youtube.com/embed/U8nH3tgVEv4.html]
[www.youtube.com/android-app_/com.google.android.youtube/http/www.youtube.com/watchb395.html]
[www.youtube.com/ios-app_/544007664/vnd.youtube/www.youtube.com/watch.1538b395.delayed]
[www.youtube.com/oembede942.json]
[www.youtube.com/oembedd1e5]
[i.ytimg.com/vi/EdJ92yE8ixE/maxresdefault.jpg]
[www.youtube.com/@MHSbandchannel.html]
[www.youtube.com/embed/EdJ92yE8ixE.html]
[i.ytimg.com/vi/EdJ92yE8ixE/hqdefault.jpg]
[www.youtube.com/watchb395.html]
[www.youtube.com/feeds/videos86c4.xml]
[www.youtube.com/channel/android-app_/com.google.android.youtube/http/www.youtube.com/channel/UCf4ktrnK_jWG1mC7U7fNphA.1543.delayed]
[www.youtube.com/channel/ios-app_/544007664/vnd.youtube/www.youtube.com/channel/UCf4ktrnK_jWG1mC7U7fNphA.1545.delayed]
[www.youtube.com/channel/UCf4ktrnK_jWG1mC7U7fNphA.html]
[www.youtube.com/feeds/videos360e.xml]
[www.youtube.com/channel/android-app_/com.google.android.youtube/http/www.youtube.com/channel/UCUC_22Y1A_uHZ9kEXSRPCKA.1549.delayed]
[www.youtube.com/channel/ios-app_/544007664/vnd.youtube/www.youtube.com/channel/UCUC_22Y1A_uHZ9kEXSRPCKA.154b.delayed]
[www.youtube.com/channel/UCUC_22Y1A_uHZ9kEXSRPCKA.html]
[www.youtube.com/feeds/videos8c23.xml]
[www.youtube.com/channel/android-app_/com.google.android.youtube/http/www.youtube.com/channel/UCbQ6t7WIw5XiIeW8v-AOnAw.154f.delayed]
[www.youtube.com/channel/ios-app_/544007664/vnd.youtube/www.youtube.com/channel/UCbQ6t7WIw5XiIeW8v-AOnAw.1551.delayed]
[www.youtube.com/channel/UCbQ6t7WIw5XiIeW8v-AOnAw.html]
[www.youtube.com/feeds/videosda3b.xml]
[www.youtube.com/channel/android-app_/com.google.android.youtube/http/www.youtube.com/channel/UCbAc0_6yP7RQuOPrfkb0ODw.1555.delayed]
[www.youtube.com/channel/ios-app_/544007664/vnd.youtube/www.youtube.com/channel/UCbAc0_6yP7RQuOPrfkb0ODw.1557.delayed]
[www.youtube.com/channel/UCbAc0_6yP7RQuOPrfkb0ODw.html]
[www.youtube.com/embed/Uc87gWfIJtc390b.html]
[www.youtube.com/android-app_/com.google.android.youtube/http/www.youtube.com/watch0589.html]
[www.youtube.com/ios-app_/544007664/vnd.youtube/www.youtube.com/watch.155c0589.delayed]
[www.youtube.com/oembed8f53.json]
[www.youtube.com/oembed4654]
[i.ytimg.com/vi/Uc87gWfIJtc/maxresdefault.jpg]
[www.youtube.com/@TheCaffeinatedClassroom.html]
[www.youtube.com/embed/Uc87gWfIJtc.html]
[i.ytimg.com/vi/Uc87gWfIJtc/hqdefault.jpg]
[www.youtube.com/watch0589.html]
[www.youtube.com/android-app_/com.google.android.youtube/http/www.youtube.com/watch50b3.html]
[www.youtube.com/ios-app_/544007664/vnd.youtube/www.youtube.com/watch.156850b3.delayed]
[www.youtube.com/oembed57a4.json]
[www.youtube.com/oembedf57f]
[i.ytimg.com/vi/s6mWD3i4ofo/maxresdefault.jpg]
[www.youtube.com/embed/s6mWD3i4ofo.html]
[i.ytimg.com/vi/s6mWD3i4ofo/hqdefault.jpg]
[www.youtube.com/watch50b3.html]
[www.youtube.com/android-app_/com.google.android.youtube/http/www.youtube.com/watch3a7c.html]
[www.youtube.com/ios-app_/544007664/vnd.youtube/www.youtube.com/watch.15723a7c.delayed]
[www.youtube.com/oembed9694.json]
[www.youtube.com/oembed64b4]
[i.ytimg.com/vi/F7RVUfOJxNU/maxresdefault.jpg]
[www.youtube.com/embed/F7RVUfOJxNU.html]
[i.ytimg.com/vi/F7RVUfOJxNU/hqdefault.jpg]
[www.youtube.com/watch3a7c.html]
[www.youtube.com/android-app_/com.google.android.youtube/http/www.youtube.com/watch1ae7.html]
[www.youtube.com/ios-app_/544007664/vnd.youtube/www.youtube.com/watch.157c1ae7.delayed]
[www.youtube.com/oembedd3a3.json]
[www.youtube.com/oembed3be5]
[i.ytimg.com/vi/nrlN7ailyfQ/hqdefault.jpg]
[www.youtube.com/watch1ae7.html]
[www.youtube.com/embed/nrlN7ailyfQ.html]
[www.youtube.com/android-app_/com.google.android.youtube/http/www.youtube.com/watchdf0e.html]
[www.youtube.com/ios-app_/544007664/vnd.youtube/www.youtube.com/watch.1585df0e.delayed]
[www.youtube.com/oembeded7b.json]
[www.youtube.com/oembed4daf]
[i.ytimg.com/vi/Ec6ic_GIq3c/maxresdefault.jpg]
[www.youtube.com/@DarinNakakihara.html]
[www.youtube.com/embed/Ec6ic_GIq3c.html]
[i.ytimg.com/vi/Ec6ic_GIq3c/hqdefault.jpg]
[www.youtube.com/watchdf0e.html]
[www.youtube.com/android-app_/com.google.android.youtube/http/www.youtube.com/watch3714.html]
[www.youtube.com/ios-app_/544007664/vnd.youtube/www.youtube.com/watch.15913714.delayed]
[www.youtube.com/oembed3cd8.json]
[www.youtube.com/oembed3436]
[i.ytimg.com/vi/JVUxJlGgqKc/hqdefault.jpg]
[www.youtube.com/@logangutci6245.html]
[www.youtube.com/watch3714.html]
[www.youtube.com/embed/JVUxJlGgqKc.html]
[www.youtube.com/android-app_/com.google.android.youtube/http/www.youtube.com/watcha69e.html]
[www.youtube.com/ios-app_/544007664/vnd.youtube/www.youtube.com/watch.159ca69e.delayed]
[www.youtube.com/oembed216f.json]
[www.youtube.com/oembed5a78]
[i.ytimg.com/vi/FCyQaI9xRS8/maxresdefault.jpg]
[www.youtube.com/@teachcreateandcaffeinate.html]
[www.youtube.com/embed/FCyQaI9xRS8.html]
[i.ytimg.com/vi/FCyQaI9xRS8/hqdefault.jpg]
[www.youtube.com/watcha69e.html]
[www.youtube.com/android-app_/com.google.android.youtube/http/www.youtube.com/watchb9c2.html]
[www.youtube.com/ios-app_/544007664/vnd.youtube/www.youtube.com/watch.15a8b9c2.delayed]
[www.youtube.com/oembed4653.json]
[www.youtube.com/oembedffd7]
[i.ytimg.com/vi/ll7gJCqEHBk/maxresdefault.jpg]
[www.youtube.com/@MirandaWebber82.html]
[www.youtube.com/embed/ll7gJCqEHBk.html]
[i.ytimg.com/vi/ll7gJCqEHBk/hqdefault.jpg]
[www.youtube.com/watchb9c2.html]
[www.youtube.com/android-app_/com.google.android.youtube/http/www.youtube.com/watch494f.html]
[www.youtube.com/ios-app_/544007664/vnd.youtube/www.youtube.com/watch.15b4494f.delayed]
[www.youtube.com/oembed4087.json]
[www.youtube.com/oembed85ca]
[i.ytimg.com/vi/31jXLz0ghwE/maxresdefault.jpg]
[www.youtube.com/@CourtesyofMari.html]
[www.youtube.com/embed/31jXLz0ghwE.html]
[i.ytimg.com/vi/31jXLz0ghwE/hqdefault.jpg]
[www.youtube.com/watch494f.html]
[www.youtube.com/android-app_/com.google.android.youtube/http/www.youtube.com/watch2e7f.html]
[www.youtube.com/ios-app_/544007664/vnd.youtube/www.youtube.com/watch.15c02e7f.delayed]
[www.youtube.com/oembed45e0.json]
[www.youtube.com/oembed4bc9]
[i.ytimg.com/vi/liLUFj9loH4/maxresdefault.jpg]
[www.youtube.com/@applesandtiaras.html]
[www.youtube.com/embed/liLUFj9loH4.html]
[i.ytimg.com/vi/liLUFj9loH4/hqdefault.jpg]
[www.youtube.com/watch2e7f.html]
[www.youtube.com/android-app_/com.google.android.youtube/http/www.youtube.com/watche381.html]
[www.youtube.com/ios-app_/544007664/vnd.youtube/www.youtube.com/watch.15cce381.delayed]
[www.youtube.com/watche381.html]
[www.youtube.com/android-app_/com.google.android.youtube/http/www.youtube.com/watchfc46.html]
[www.youtube.com/ios-app_/544007664/vnd.youtube/www.youtube.com/watch.15d2fc46.delayed]
[www.youtube.com/oembede808.json]
[www.youtube.com/oembedfebb]
[i.ytimg.com/vi/Qr4HK0Hq7b0/maxresdefault.jpg]
[www.youtube.com/embed/Qr4HK0Hq7b0.html]
[i.ytimg.com/vi/Qr4HK0Hq7b0/hqdefault.jpg]
[www.youtube.com/watchfc46.html]
[www.youtube.com/android-app_/com.google.android.youtube/http/www.youtube.com/watch2e16.html]
[www.youtube.com/ios-app_/544007664/vnd.youtube/www.youtube.com/watch.15dc2e16.delayed]
[www.youtube.com/oembed5ebf.json]
[www.youtube.com/oembed4f2a]
[i.ytimg.com/vi/8trXMHjsDmw/hqdefault.jpg]
[www.youtube.com/watch2e16.html]
[www.youtube.com/embed/8trXMHjsDmw.html]
[www.youtube.com/android-app_/com.google.android.youtube/http/www.youtube.com/watchaa0e.html]
[www.youtube.com/ios-app_/544007664/vnd.youtube/www.youtube.com/watch.15e5aa0e.delayed]
[www.youtube.com/oembed796b.json]
[www.youtube.com/oembeda25c]
[i.ytimg.com/vi/kBwJ5OMrwtM/maxresdefault.jpg]
[www.youtube.com/embed/kBwJ5OMrwtM.html]
[i.ytimg.com/vi/kBwJ5OMrwtM/hqdefault.jpg]
[www.youtube.com/watchaa0e.html]
[www.youtube.com/embed/svmGQhQLuBQ390b.html]
[www.youtube.com/android-app_/com.google.android.youtube/http/www.youtube.com/watch9a8f.html]
[www.youtube.com/ios-app_/544007664/vnd.youtube/www.youtube.com/watch.15ef9a8f.delayed]
[www.youtube.com/oembed67b0.json]
[www.youtube.com/oembed4e4e]
[i.ytimg.com/vi/jm_nbDB1NAY/maxresdefault.jpg]
[www.youtube.com/embed/jm_nbDB1NAY.html]
[i.ytimg.com/vi/jm_nbDB1NAY/hqdefault.jpg]
[www.youtube.com/watch9a8f.html]
[www.youtube.com/embed/uUOwyIgzFOU390b.html]
[www.youtube.com/android-app_/com.google.android.youtube/http/www.youtube.com/watchdbba.html]
[www.youtube.com/ios-app_/544007664/vnd.youtube/www.youtube.com/watch.15f9dbba.delayed]
[www.youtube.com/oembedef3b.json]
[www.youtube.com/oembed851c]
[i.ytimg.com/vi/G3VTVnLLsGU/maxresdefault.jpg]
[www.youtube.com/@Trends.html]
[www.youtube.com/embed/G3VTVnLLsGU.html]
[i.ytimg.com/vi/G3VTVnLLsGU/hqdefault.jpg]
[www.youtube.com/watchdbba.html]
[www.youtube.com/embed/DqlmDf6_hsY390b.html]
[www.youtube.com/watch6ac6.html]
[www.youtube.com/feeds/videos27cf.xml]
[www.youtube.com/channel/android-app_/com.google.android.youtube/http/www.youtube.com/channel/UCJmEkeFVWQ_2vtHNonYzVxA.1605.delayed]
[www.youtube.com/channel/ios-app_/544007664/vnd.youtube/www.youtube.com/channel/UCJmEkeFVWQ_2vtHNonYzVxA.1607.delayed]
[www.youtube.com/channel/UCJmEkeFVWQ_2vtHNonYzVxA.html]
[www.youtube.com/embed/9tBg0Os5FWQ390b.html]
[www.youtube.com/watchd8e9.html]
[www.youtube.com/feeds/videosaeab.xml]
[www.youtube.com/channel/android-app_/com.google.android.youtube/http/www.youtube.com/channel/UCXchirenk1vN2hI1187MIrQ.160c.delayed]
[www.youtube.com/channel/ios-app_/544007664/vnd.youtube/www.youtube.com/channel/UCXchirenk1vN2hI1187MIrQ.160e.delayed]
[www.youtube.com/channel/UCXchirenk1vN2hI1187MIrQ.html]
[www.youtube.com/feeds/videos8d6d.xml]
[www.youtube.com/channel/android-app_/com.google.android.youtube/http/www.youtube.com/channel/UCcXMGAm6Cx72kveyt9P6pBw.1612.delayed]
[www.youtube.com/channel/ios-app_/544007664/vnd.youtube/www.youtube.com/channel/UCcXMGAm6Cx72kveyt9P6pBw.1614.delayed]
[www.youtube.com/channel/UCcXMGAm6Cx72kveyt9P6pBw.html]
[www.youtube.com/embed/k-gKo43s6nw390b.html]
[www.youtube.com/watch1178.html]
[www.youtube.com/feeds/videos26ec.xml]
[www.youtube.com/channel/android-app_/com.google.android.youtube/http/www.youtube.com/channel/UCviGwbBCkSd7wzBg7VpC9tg.1619.delayed]
[www.youtube.com/channel/ios-app_/544007664/vnd.youtube/www.youtube.com/channel/UCviGwbBCkSd7wzBg7VpC9tg.161b.delayed]
[www.youtube.com/channel/UCviGwbBCkSd7wzBg7VpC9tg.html]
[www.youtube.com/channel/UC2ae70W6xXjT3ehS0G-NBUQ.html]
[www.youtube.com/embed/KIR1tLAz8RM390b.html]
[www.youtube.com/watcha778.html]
[www.youtube.com/channel/UC9duydx1VXTV0tP7q39S0Lw.html]
[www.youtube.com/feeds/videosf3ad.xml]
[www.youtube.com/user/android-app_/com.google.android.youtube/http/www.youtube.com/channel/UC9duydx1VXTV0tP7q39S0Lw.1622.delayed]
[www.youtube.com/user/ios-app_/544007664/vnd.youtube/www.youtube.com/channel/UC9duydx1VXTV0tP7q39S0Lw.1624.delayed]
[www.youtube.com/user/Joanndotcom.html]
[www.youtube.com/embed/VgHrnS6n4iA390b.html]
[www.youtube.com/watch6721-2.html]
[www.youtube.com/android-app_/com.google.android.youtube/http/www.youtube.com/watch2804.html]
[www.youtube.com/ios-app_/544007664/vnd.youtube/www.youtube.com/watch.162a2804.delayed]
[www.youtube.com/watch2804.html]
[www.youtube.com/channel/android-app_/com.google.android.youtube/http/www.youtube.com/channel/UCAxW1XT0iEJo0TYlRfn6rYQ.html]
[www.youtube.com/channel/ios-app_/544007664/vnd.youtube/www.youtube.com/channel/UCAxW1XT0iEJo0TYlRfn6rYQ.html]
[www.youtube.com/android-app_/com.google.android.youtube/http/www.youtube.com/watche99b.html]
[www.youtube.com/ios-app_/544007664/vnd.youtube/www.youtube.com/watch.162fe99b.delayed]
[www.youtube.com/watche99b.html]
[www.youtube.com/android-app_/com.google.android.youtube/http/www.youtube.com/watche265.html]
[www.youtube.com/ios-app_/544007664/vnd.youtube/www.youtube.com/watche265.html]
[www.youtube.com/android-app_/com.google.android.youtube/http/www.youtube.com/channel/UCVl6ZdslZz2Zj-34bMJFPbg.html]
[www.youtube.com/ios-app_/544007664/vnd.youtube/www.youtube.com/channel/UCVl6ZdslZz2Zj-34bMJFPbg.1635.delayed]
[www.youtube.com/@LeslieSansonesWalkatHome.html]
[www.youtube.com/embed/DfRSBksRA9I.html]
[www.youtube.com/android-app_/com.google.android.youtube/http/www.youtube.com/watch9967.html]
[www.youtube.com/ios-app_/544007664/vnd.youtube/www.youtube.com/watch.163a9967.delayed]
[www.youtube.com/watch9967.html]
[www.youtube.com/android-app_/com.google.android.youtube/http/www.youtube.com/watch91fc.html]
[www.youtube.com/ios-app_/544007664/vnd.youtube/www.youtube.com/watch91fc.html]
[www.youtube.com/channel/UCnrXvqbfwAEpIyPLQQNr8nA.html]
[www.youtube.com/feeds/videosf5a8.xml]
[www.youtube.com/android-app_/com.google.android.youtube/http/www.youtube.com/channel/UCnrXvqbfwAEpIyPLQQNr8nA.html]
[www.youtube.com/ios-app_/544007664/vnd.youtube/www.youtube.com/channel/UCnrXvqbfwAEpIyPLQQNr8nA.1642.delayed]
[www.youtube.com/@ZumbaClass.html]
[www.youtube.com/embed/VgBoh8dwTZw.html]
[www.youtube.com/android-app_/com.google.android.youtube/http/www.youtube.com/watch40bb.html]
[www.youtube.com/ios-app_/544007664/vnd.youtube/www.youtube.com/watch.164740bb.delayed]
[www.youtube.com/watch40bb.html]
[www.youtube.com/android-app_/com.google.android.youtube/http/www.youtube.com/watchaa32.html]
[www.youtube.com/ios-app_/544007664/vnd.youtube/www.youtube.com/watchaa32.html]
[www.youtube.com/channel/UCHufaoaq1VqjHvnv8zvg9pQ.html]
[www.youtube.com/feeds/videos0417.xml]
[www.youtube.com/android-app_/com.google.android.youtube/http/www.youtube.com/channel/UCHufaoaq1VqjHvnv8zvg9pQ.html]
[www.youtube.com/ios-app_/544007664/vnd.youtube/www.youtube.com/channel/UCHufaoaq1VqjHvnv8zvg9pQ.164f.delayed]
[www.youtube.com/@JennyMcClendonFitStart.html]
[www.youtube.com/embed/gUHu68SB22U.html]
[www.youtube.com/channel/android-app_/com.google.android.youtube/http/www.youtube.com/channel/UCVl6ZdslZz2Zj-34bMJFPbg.html]
[www.youtube.com/channel/ios-app_/544007664/vnd.youtube/www.youtube.com/channel/UCVl6ZdslZz2Zj-34bMJFPbg.html]
[www.youtube.com/channel/android-app_/com.google.android.youtube/http/www.youtube.com/channel/UCDUlDJcPPOOQK-3UrxEyhAQ.1652.delayed]
[www.youtube.com/channel/ios-app_/544007664/vnd.youtube/www.youtube.com/channel/UCDUlDJcPPOOQK-3UrxEyhAQ.1654.delayed]
[www.youtube.com/channel/UCDUlDJcPPOOQK-3UrxEyhAQ.html]
[www.youtube.com/channel/UCDUlDJcPPOOQK-3UrxEyhAQ/android-app_/com.google.android.youtube/http/www.youtube.com/channel/UCDUlDJcPPOOQK-3UrxEyhAQ.html]
[www.youtube.com/channel/UCDUlDJcPPOOQK-3UrxEyhAQ/android-app_/com.google.android.youtube/http/www.youtube.com/channel/ios-app_/544007664/vnd.youtube/www.youtube.com/channel/UCDUlDJcPPOOQK-3UrxEyhAQ.html]
[www.youtube.com/channel/UCDUlDJcPPOOQK-3UrxEyhAQ/ios-app_/544007664/vnd.youtube/www.youtube.com/channel/android-app_/com.google.android.youtube/http/www.youtube.com/channel/UCDUlDJcPPOOQK-3UrxEyhAQ.html]
[www.youtube.com/channel/UCDUlDJcPPOOQK-3UrxEyhAQ/ios-app_/544007664/vnd.youtube/www.youtube.com/channel/UCDUlDJcPPOOQK-3UrxEyhAQ.html]
[www.youtube.com/channel/android-app_/com.google.android.youtube/http/www.youtube.com/channel/UCpQ34afVgk8cRQBjSJ1xuJQ.html]
[www.youtube.com/channel/ios-app_/544007664/vnd.youtube/www.youtube.com/channel/UCpQ34afVgk8cRQBjSJ1xuJQ.html]
[www.youtube.com/channel/UCDUlDJcPPOOQK-3UrxEyhAQ/ios-app_/544007664/vnd.youtube/www.youtube.com/channel/ios-app_/544007664/vnd.youtube/www.youtube.com/channel/UCDUlDJcPPOOQK-3UrxEyhAQ.html]
[www.youtube.com/channel/android-app_/com.google.android.youtube/http/www.youtube.com/channel/UCXIJ2-RSIGn53HA-x9RDevA.1660.delayed]
[www.youtube.com/channel/ios-app_/544007664/vnd.youtube/www.youtube.com/channel/UCXIJ2-RSIGn53HA-x9RDevA.1662.delayed]
[www.youtube.com/channel/UCXIJ2-RSIGn53HA-x9RDevA.html]
[www.youtube.com/user/KozakSportsPerform/android-app_/com.google.android.youtube/http/www.youtube.com/channel/UCXIJ2-RSIGn53HA-x9RDevA.html]
[www.youtube.com/user/KozakSportsPerform/android-app_/com.google.android.youtube/http/www.youtube.com/channel/ios-app_/544007664/vnd.youtube/www.youtube.com/channel/UCXIJ2-RSIGn53HA-x9RDevA.html]
[www.youtube.com/user/KozakSportsPerform/ios-app_/544007664/vnd.youtube/www.youtube.com/channel/android-app_/com.google.android.youtube/http/www.youtube.com/channel/UCXIJ2-RSIGn53HA-x9RDevA.html]
[www.youtube.com/user/KozakSportsPerform/ios-app_/544007664/vnd.youtube/www.youtube.com/channel/UCXIJ2-RSIGn53HA-x9RDevA.html]
[www.youtube.com/user/KozakSportsPerform/ios-app_/544007664/vnd.youtube/www.youtube.com/channel/ios-app_/544007664/vnd.youtube/www.youtube.com/channel/UCXIJ2-RSIGn53HA-x9RDevA.html]
[www.youtube.com/channel/android-app_/com.google.android.youtube/http/www.youtube.com/channel/UCCgLoMYIyP0U56dEhEL1wXQ.166e.delayed]
[www.youtube.com/channel/ios-app_/544007664/vnd.youtube/www.youtube.com/channel/UCCgLoMYIyP0U56dEhEL1wXQ.1670.delayed]
[www.youtube.com/channel/UCCgLoMYIyP0U56dEhEL1wXQ.html]
[www.youtube.com/user/ChloesAddiction/android-app_/com.google.android.youtube/http/www.youtube.com/channel/android-app_/com.google.android.youtube/http/www.youtube.com/channel/UCCgLoMYIyP0U56dEhEL1wXQ.html]
[www.youtube.com/user/ChloesAddiction/android-app_/com.google.android.youtube/http/www.youtube.com/channel/UCCgLoMYIyP0U56dEhEL1wXQ.html]
[www.youtube.com/user/ChloesAddiction/android-app_/com.google.android.youtube/http/www.youtube.com/channel/ios-app_/544007664/vnd.youtube/www.youtube.com/channel/UCCgLoMYIyP0U56dEhEL1wXQ.html]
[www.youtube.com/user/ChloesAddiction/ios-app_/544007664/vnd.youtube/www.youtube.com/channel/android-app_/com.google.android.youtube/http/www.youtube.com/channel/UCCgLoMYIyP0U56dEhEL1wXQ.html]
[www.youtube.com/user/ChloesAddiction/ios-app_/544007664/vnd.youtube/www.youtube.com/channel/UCCgLoMYIyP0U56dEhEL1wXQ.html]
[www.youtube.com/android-app_/com.google.android.youtube/http/www.youtube.com/watch018e.html]
[www.youtube.com/ios-app_/544007664/vnd.youtube/www.youtube.com/watch018e.html]
[www.youtube.com/user/ChloesAddiction/ios-app_/544007664/vnd.youtube/www.youtube.com/channel/ios-app_/544007664/vnd.youtube/www.youtube.com/channel/UCCgLoMYIyP0U56dEhEL1wXQ.html]
[www.youtube.com/android-app_/com.google.android.youtube/http/www.youtube.com/channel/UCCgLoMYIyP0U56dEhEL1wXQ.html]
[www.youtube.com/ios-app_/544007664/vnd.youtube/www.youtube.com/channel/UCCgLoMYIyP0U56dEhEL1wXQ.1680.delayed]
[www.youtube.com/@ChloeTing.html]
[www.youtube.com/embed/mbX2e2CopSE.html]
[www.youtube.com/android-app_/com.google.android.youtube/http/www.youtube.com/watch547a.html]
[www.youtube.com/ios-app_/544007664/vnd.youtube/www.youtube.com/watch.1685547a.delayed]
[www.youtube.com/watch547a.html]
[www.youtube.com/android-app_/com.google.android.youtube/http/www.youtube.com/watch2ce3.html]
[www.youtube.com/ios-app_/544007664/vnd.youtube/www.youtube.com/watch2ce3.html]
[www.youtube.com/embed/mTgc6gpCEng.html]
[www.youtube.com/android-app_/com.google.android.youtube/http/www.youtube.com/watcha023.html]
[www.youtube.com/ios-app_/544007664/vnd.youtube/www.youtube.com/watcha023.html]
[www.youtube.com/channel/UCM3SMB1jINy_NxH1O01z5gA.html]
[www.youtube.com/feeds/videosad9d.xml]
[www.youtube.com/android-app_/com.google.android.youtube/http/www.youtube.com/channel/UCM3SMB1jINy_NxH1O01z5gA.html]
[www.youtube.com/ios-app_/544007664/vnd.youtube/www.youtube.com/channel/UCM3SMB1jINy_NxH1O01z5gA.168e.delayed]
[www.youtube.com/@GarenaFreeFireIndonesia.html]
[www.youtube.com/embed/pKUu6PKNyzk.html]
[www.youtube.com/android-app_/com.google.android.youtube/http/www.youtube.com/watch8fad.html]
[www.youtube.com/ios-app_/544007664/vnd.youtube/www.youtube.com/watch.16938fad.delayed]
[www.youtube.com/oembed20f4.json]
[www.youtube.com/oembedca87]
[i.ytimg.com/vi/oq2Rz2I11l0/maxresdefault.jpg]
[www.youtube.com/embed/oq2Rz2I11l0.html]
[www.youtube.com/@GarenaFreeFireGlobal.html]
[i.ytimg.com/vi/oq2Rz2I11l0/hqdefault.jpg]
[www.youtube.com/watch8fad.html]
[www.youtube.com/android-app_/com.google.android.youtube/http/www.youtube.com/watchde71.html]
[www.youtube.com/ios-app_/544007664/vnd.youtube/www.youtube.com/watchde71.html]
[www.youtube.com/channel/UC1ZPgKGxaT5P7QKN_bk9xkw.html]
[www.youtube.com/feeds/videos6047.xml]
[www.youtube.com/android-app_/com.google.android.youtube/http/www.youtube.com/channel/UC1ZPgKGxaT5P7QKN_bk9xkw.html]
[www.youtube.com/ios-app_/544007664/vnd.youtube/www.youtube.com/channel/UC1ZPgKGxaT5P7QKN_bk9xkw.16a2.delayed]
[www.youtube.com/@GarenaFreeFireLATAM.html]
[www.youtube.com/embed/-iQEKtOd6cM.html]
[www.youtube.com/embed/XfTkSeHZiH8390b.html]
[www.youtube.com/feeds/videos5d7a.xml]
[www.youtube.com/channel/UCPzFLpOblZEaIx2lpym1l1A.html]
[www.youtube.com/user/android-app_/com.google.android.youtube/http/www.youtube.com/channel/UCPzFLpOblZEaIx2lpym1l1A.16a7.delayed]
[www.youtube.com/user/ios-app_/544007664/vnd.youtube/www.youtube.com/channel/UCPzFLpOblZEaIx2lpym1l1A.16a9.delayed]
[www.youtube.com/user/FrenchGuyCooking.html]
[www.youtube.com/feeds/videos6a4f.xml]
[www.youtube.com/channel/android-app_/com.google.android.youtube/http/www.youtube.com/channel/UChBEbMKI1eCcejTtmI32UEw.16ad.delayed]
[www.youtube.com/channel/ios-app_/544007664/vnd.youtube/www.youtube.com/channel/UChBEbMKI1eCcejTtmI32UEw.16af.delayed]
[www.youtube.com/channel/UChBEbMKI1eCcejTtmI32UEw.html]
[www.youtube.com/watch551b.html]
[www.youtube.com/android-app_/com.google.android.youtube/http/www.youtube.com/watchfbb1.html]
[www.youtube.com/ios-app_/544007664/vnd.youtube/www.youtube.com/watch.16b5fbb1.delayed]
[www.youtube.com/oembedcf29.json]
[www.youtube.com/oembedddb5]
[i.ytimg.com/vi/ofn_-cg6f4M/hqdefault.jpg]
[www.youtube.com/watchfbb1.html]
[www.youtube.com/embed/ofn_-cg6f4M9b5f.html]
[www.youtube.com/@MakingLemonadeFromLemons.html]
[www.youtube.com/android-app_/com.google.android.youtube/http/www.youtube.com/watch8ec1.html]
[www.youtube.com/ios-app_/544007664/vnd.youtube/www.youtube.com/watch.16c08ec1.delayed]
[www.youtube.com/oembed8768.json]
[www.youtube.com/oembedef71]
[i.ytimg.com/vi/iP_8NXQktGg/hqdefault.jpg]
[www.youtube.com/@BumbleBeeJunction.html]
[www.youtube.com/watch8ec1.html]
[www.youtube.com/embed/iP_8NXQktGg.html]
[www.youtube.com/ios-app_/544007664/vnd.youtube/www.youtube.com/watch.16cbfd7d.delayed]
[www.youtube.com/android-app_/com.google.android.youtube/http/www.youtube.com/watchfd7d.html]
[i.ytimg.com/vi/tB6Y4IEvRxI/maxresdefault.jpg]
[www.youtube.com/@TheKneadyHomesteader.html]
[i.ytimg.com/vi/tB6Y4IEvRxI/hqdefault.jpg]
[www.youtube.com/watchfd7d.html]
[www.youtube.com/android-app_/com.google.android.youtube/http/www.youtube.com/watchb494.html]
[www.youtube.com/watch0f46.html]
[www.youtube.com/ios-app_/544007664/vnd.youtube/www.youtube.com/watch.16d7b494.delayed]
[www.youtube.com/oembed0622.json]
[www.youtube.com/oembed91b2]
[i.ytimg.com/vi/stoPYwdPU-E/maxresdefault.jpg]
[www.youtube.com/embed/stoPYwdPU-E77ba.html]
[www.youtube.com/@LifebyMikeG.html]
[i.ytimg.com/vi/stoPYwdPU-E/hqdefault.jpg]
[www.youtube.com/watchb494.html]
[www.youtube.com/android-app_/com.google.android.youtube/http/www.youtube.com/watch1058.html]
[www.youtube.com/ios-app_/544007664/vnd.youtube/www.youtube.com/watch.16e31058.delayed]
[www.youtube.com/oembedf7c5.json]
[www.youtube.com/oembed2b5d]
[i.ytimg.com/vi/XfTkSeHZiH8/maxresdefault.jpg]
[www.youtube.com/embed/XfTkSeHZiH8.html]
[www.youtube.com/@FrenchGuyCooking.html]
[i.ytimg.com/vi/XfTkSeHZiH8/hqdefault.jpg]
[www.youtube.com/watch1058.html]
[www.youtube.com/watch8379.html]
[www.youtube.com/android-app_/com.google.android.youtube/http/www.youtube.com/watch1579.html]
[www.youtube.com/ios-app_/544007664/vnd.youtube/www.youtube.com/watch.16f01579.delayed]
[www.youtube.com/oembed384e.json]
[www.youtube.com/oembed29c3]
[i.ytimg.com/vi/P_hR43eMgug/maxresdefault.jpg]
[www.youtube.com/embed/P_hR43eMgugdee9.html]
[i.ytimg.com/vi/P_hR43eMgug/hqdefault.jpg]
[www.youtube.com/watch1579.html]
[www.youtube.com/watch5320.html]
[www.youtube.com/android-app_/com.google.android.youtube/http/www.youtube.com/watch9b26.html]
[www.youtube.com/ios-app_/544007664/vnd.youtube/www.youtube.com/watch.16fb9b26.delayed]
[www.youtube.com/oembed6286.json]
[www.youtube.com/oembed270c]
[i.ytimg.com/vi/APEavQg8rMw/maxresdefault.jpg]
[www.youtube.com/embed/APEavQg8rMw77ba.html]
[i.ytimg.com/vi/APEavQg8rMw/hqdefault.jpg]
[www.youtube.com/watch9b26.html]
[www.youtube.com/android-app_/com.google.android.youtube/http/www.youtube.com/watch1750.html]
[www.youtube.com/ios-app_/544007664/vnd.youtube/www.youtube.com/watch.17051750.delayed]
[www.youtube.com/oembedf67b.json]
[www.youtube.com/oembed0e01]
[i.ytimg.com/vi/I1Ssdzk6uhI/maxresdefault.jpg]
[www.youtube.com/embed/I1Ssdzk6uhI.html]
[i.ytimg.com/vi/I1Ssdzk6uhI/hqdefault.jpg]
[www.youtube.com/watch1750.html]
[www.youtube.com/embed/APEavQg8rMw390b.html]
[www.youtube.com/watch8b9d.html]
[www.youtube.com/android-app_/com.google.android.youtube/http/www.youtube.com/watch52a3.html]
[www.youtube.com/ios-app_/544007664/vnd.youtube/www.youtube.com/watch.171052a3.delayed]
[www.youtube.com/oembed1702.json]
[www.youtube.com/oembed67da]
[i.ytimg.com/vi/sTAiDki7AQA/maxresdefault.jpg]
[www.youtube.com/@JoshuaWeissman.html]
[www.youtube.com/embed/sTAiDki7AQAf0e5.html]
[i.ytimg.com/vi/sTAiDki7AQA/hqdefault.jpg]
[www.youtube.com/watch52a3.html]
[www.youtube.com/android-app_/com.google.android.youtube/http/www.youtube.com/watchb85a.html]
[www.youtube.com/ios-app_/544007664/vnd.youtube/www.youtube.com/watch.171cb85a.delayed]
[www.youtube.com/oembed140a.json]
[www.youtube.com/oembedbaa4]
[i.ytimg.com/vi/ASD3uu2N5UE/maxresdefault.jpg]
[www.youtube.com/embed/ASD3uu2N5UE.html]
[i.ytimg.com/vi/ASD3uu2N5UE/hqdefault.jpg]
[www.youtube.com/watchb85a.html]
[www.youtube.com/embed/sTAiDki7AQA390b.html]
[www.youtube.com/channel/UCzH5n3Ih5kgQoiDAQt2FwLw.html]
[www.youtube.com/feeds/videos3124.xml]
[www.youtube.com/user/BrothersGreenEats/android-app_/com.google.android.youtube/http/www.youtube.com/channel/UCzH5n3Ih5kgQoiDAQt2FwLw.html]
[www.youtube.com/user/BrothersGreenEats/featured.html]
[www.youtube.com/user/BrothersGreenEats/ios-app_/544007664/vnd.youtube/www.youtube.com/channel/UCzH5n3Ih5kgQoiDAQt2FwLw.html]
[www.youtube.com/android-app_/com.google.android.youtube/http/www.youtube.com/watch4ad6.html]
[www.youtube.com/ios-app_/544007664/vnd.youtube/www.youtube.com/watch.172d4ad6.delayed]
[www.youtube.com/oembed7196.json]
[www.youtube.com/oembed7afc]
[i.ytimg.com/vi/vVx2oFFptG0/maxresdefault.jpg]
[www.youtube.com/embed/vVx2oFFptG0.html]
[i.ytimg.com/vi/vVx2oFFptG0/hqdefault.jpg]
[www.youtube.com/watch4ad6.html]
[www.youtube.com/android-app_/com.google.android.youtube/http/www.youtube.com/watchfae2.html]
[www.youtube.com/ios-app_/544007664/vnd.youtube/www.youtube.com/watch.1737fae2.delayed]
[www.youtube.com/oembedfb4a.json]
[www.youtube.com/oembedb0bb]
[i.ytimg.com/vi/BJEHsvW2J6M/maxresdefault.jpg]
[www.youtube.com/embed/BJEHsvW2J6M.html]
[i.ytimg.com/vi/BJEHsvW2J6M/hqdefault.jpg]
[www.youtube.com/watchfae2.html]
[www.youtube.com/embed/yg5nLQVg4VY390b.html]
[www.youtube.com/watch9099.html]
[www.youtube.com/feeds/videos77c4.xml]
[www.youtube.com/channel/android-app_/com.google.android.youtube/http/www.youtube.com/channel/UCqsvmrjWY7fPcKqWHnYVTMA.1741.delayed]
[www.youtube.com/channel/ios-app_/544007664/vnd.youtube/www.youtube.com/channel/UCqsvmrjWY7fPcKqWHnYVTMA.1743.delayed]
[www.youtube.com/channel/UCqsvmrjWY7fPcKqWHnYVTMA.html]
[www.youtube.com/android-app_/com.google.android.youtube/http/www.youtube.com/watch19f7.html]
[www.youtube.com/ios-app_/544007664/vnd.youtube/www.youtube.com/watch.174819f7.delayed]
[www.youtube.com/oembeda275.json]
[www.youtube.com/oembedd973]
[i.ytimg.com/vi/KkA8JUmLT8k/maxresdefault.jpg]
[www.youtube.com/embed/KkA8JUmLT8k.html]
[www.youtube.com/@EllysEverydaySoapMaking.html]
[i.ytimg.com/vi/KkA8JUmLT8k/hqdefault.jpg]
[www.youtube.com/watch19f7.html]
[www.youtube.com/trends/static/compiled/polygraph.mina67a.css]
[www.youtube.com/channel/UCp610fvjSXqh7R2cm7KwUVA.html]
[www.youtube.com/feeds/videos929b.xml]
[www.youtube.com/c/android-app_/com.google.android.youtube/http/www.youtube.com/channel/UCp610fvjSXqh7R2cm7KwUVA.html]
[www.youtube.com/c/ios-app_/544007664/vnd.youtube/www.youtube.com/channel/UCp610fvjSXqh7R2cm7KwUVA.1756.delayed]
[www.youtube.com/c/Dr4gonBlitz1.html]
[www.youtube.com/channel/UCQSEAbOs6vsJfy7WN7iYaGQ.html]
[www.youtube.com/feeds/videos7107.xml]
[www.youtube.com/c/EazySpeezy/android-app_/com.google.android.youtube/http/www.youtube.com/channel/UCQSEAbOs6vsJfy7WN7iYaGQ.html]
[www.youtube.com/c/EazySpeezy/featured.html]
[www.youtube.com/c/EazySpeezy/ios-app_/544007664/vnd.youtube/www.youtube.com/channel/UCQSEAbOs6vsJfy7WN7iYaGQ.html]
[www.youtube.com/channel/UCV6mNrW8CrmWtcxWfQXy11g.html]
[www.youtube.com/feeds/videos566a.xml]
[www.youtube.com/c/android-app_/com.google.android.youtube/http/www.youtube.com/channel/UCV6mNrW8CrmWtcxWfQXy11g.html]
[www.youtube.com/c/ios-app_/544007664/vnd.youtube/www.youtube.com/channel/UCV6mNrW8CrmWtcxWfQXy11g.1764.delayed]
[www.youtube.com/c/DarkViperAU.html]
[www.youtube.com/android-app_/com.google.android.youtube/http/www.youtube.com/watch091b.html]
[www.youtube.com/ios-app_/544007664/vnd.youtube/www.youtube.com/watch.1769091b.delayed]
[www.youtube.com/oembedf098.json]
[www.youtube.com/oembed118b]
[i.ytimg.com/vi/zyJaWeYBOWQ/maxresdefault.jpg]
[www.youtube.com/@DarkViperAU.html]
[www.youtube.com/embed/zyJaWeYBOWQ.html]
[i.ytimg.com/vi/zyJaWeYBOWQ/hqdefault.jpg]
[www.youtube.com/watch091b.html]
[www.youtube.com/android-app_/com.google.android.youtube/http/www.youtube.com/watche62b.html]
[www.youtube.com/ios-app_/544007664/vnd.youtube/www.youtube.com/watch.1775e62b.delayed]
[www.youtube.com/watche62b.html]
[www.youtube.com/feeds/videos16fd.xml]
[www.youtube.com/channel/android-app_/com.google.android.youtube/http/www.youtube.com/channel/UC3ltptWa0xfrDweghW94Acg.177a.delayed]
[www.youtube.com/channel/ios-app_/544007664/vnd.youtube/www.youtube.com/channel/UC3ltptWa0xfrDweghW94Acg.177c.delayed]
[www.youtube.com/channel/UC3ltptWa0xfrDweghW94Acg.html]
[www.youtube.com/channel/UCgGyN4DSZ6mrcw0ARHikzYw.html]
[www.youtube.com/feeds/videos2312.xml]
[www.youtube.com/c/ProfessorBiggyMinecraft/android-app_/com.google.android.youtube/http/www.youtube.com/channel/UCgGyN4DSZ6mrcw0ARHikzYw.html]
[www.youtube.com/c/ProfessorBiggyMinecraft/videos.html]
[www.youtube.com/c/ProfessorBiggyMinecraft/ios-app_/544007664/vnd.youtube/www.youtube.com/channel/UCgGyN4DSZ6mrcw0ARHikzYw.html]
[www.youtube.com/android-app_/com.google.android.youtube/http/www.youtube.com/watch9525.html]
[www.youtube.com/ios-app_/544007664/vnd.youtube/www.youtube.com/watch.17889525.delayed]
[www.youtube.com/oembed0f23.json]
[www.youtube.com/oembed2a6c]
[i.ytimg.com/vi/4XBk3TTd4rs/maxresdefault.jpg]
[www.youtube.com/@ProfessorBiggyMinecraft.html]
[www.youtube.com/embed/4XBk3TTd4rs.html]
[i.ytimg.com/vi/4XBk3TTd4rs/hqdefault.jpg]
[www.youtube.com/watch9525.html]
[www.youtube.com/android-app_/com.google.android.youtube/http/www.youtube.com/watch1413.html]
[www.youtube.com/ios-app_/544007664/vnd.youtube/www.youtube.com/watch.17941413.delayed]
[www.youtube.com/oembed3994.json]
[www.youtube.com/oembedbc0d]
[i.ytimg.com/vi/BLQqHmSc_eM/maxresdefault.jpg]
[www.youtube.com/embed/BLQqHmSc_eM.html]
[i.ytimg.com/vi/BLQqHmSc_eM/hqdefault.jpg]
[www.youtube.com/watch1413.html]
[www.youtube.com/android-app_/com.google.android.youtube/http/www.youtube.com/watch168b.html]
[www.youtube.com/ios-app_/544007664/vnd.youtube/www.youtube.com/watch.179e168b.delayed]
[www.youtube.com/oembed1d56.json]
[www.youtube.com/oembed82ba]
[i.ytimg.com/vi/4WVOvSmnSf0/maxresdefault.jpg]
[www.youtube.com/embed/4WVOvSmnSf0.html]
[i.ytimg.com/vi/4WVOvSmnSf0/hqdefault.jpg]
[www.youtube.com/watch168b.html]
[www.youtube.com/feeds/videos9d49.xml]
[www.youtube.com/channel/android-app_/com.google.android.youtube/http/www.youtube.com/channel/UCHRA6fEWNHArzC6yNRj8WDg.17a7.delayed]
[www.youtube.com/channel/ios-app_/544007664/vnd.youtube/www.youtube.com/channel/UCHRA6fEWNHArzC6yNRj8WDg.17a9.delayed]
[www.youtube.com/channel/UCHRA6fEWNHArzC6yNRj8WDg.html]
[www.youtube.com/android-app_/com.google.android.youtube/http/www.youtube.com/watchfb02.html]
[www.youtube.com/ios-app_/544007664/vnd.youtube/www.youtube.com/watch.17aefb02.delayed]
[www.youtube.com/oembed0560.json]
[www.youtube.com/oembed83e7]
[i.ytimg.com/vi/xXz8aznZL2A/maxresdefault.jpg]
[www.youtube.com/@finath.html]
[www.youtube.com/embed/xXz8aznZL2A.html]
[i.ytimg.com/vi/xXz8aznZL2A/hqdefault.jpg]
[www.youtube.com/watchfb02.html]
[www.youtube.com/android-app_/com.google.android.youtube/http/www.youtube.com/watchb4bd.html]
[www.youtube.com/ios-app_/544007664/vnd.youtube/www.youtube.com/watch.17bab4bd.delayed]
[www.youtube.com/oembedf73a.json]
[www.youtube.com/oembed5ab8]
[i.ytimg.com/vi/BKL4dP1fbKQ/maxresdefault.jpg]
[www.youtube.com/@Demoon9.html]
[www.youtube.com/embed/BKL4dP1fbKQ.html]
[i.ytimg.com/vi/BKL4dP1fbKQ/hqdefault.jpg]
[www.youtube.com/watchb4bd.html]
[www.youtube.com/android-app_/com.google.android.youtube/http/www.youtube.com/watch8562.html]
[www.youtube.com/ios-app_/544007664/vnd.youtube/www.youtube.com/watch.17c68562.delayed]
[www.youtube.com/oembed3acf.json]
[www.youtube.com/oembedf36f]
[i.ytimg.com/vi/NuYGNlidKfw/maxresdefault.jpg]
[www.youtube.com/@SampleChample.html]
[www.youtube.com/embed/NuYGNlidKfw.html]
[i.ytimg.com/vi/NuYGNlidKfw/hqdefault.jpg]
[www.youtube.com/watch8562.html]
[www.youtube.com/android-app_/com.google.android.youtube/http/www.youtube.com/watchb2ab.html]
[www.youtube.com/ios-app_/544007664/vnd.youtube/www.youtube.com/watch.17d2b2ab.delayed]
[www.youtube.com/oembed35a1.json]
[www.youtube.com/oembedf347]
[i.ytimg.com/vi/7AW9XW06t8o/maxresdefault.jpg]
[www.youtube.com/@NRGSpeedrunning.html]
[www.youtube.com/embed/7AW9XW06t8o.html]
[i.ytimg.com/vi/7AW9XW06t8o/hqdefault.jpg]
[www.youtube.com/watchb2ab.html]
[www.youtube.com/android-app_/com.google.android.youtube/http/www.youtube.com/watch7d0f.html]
[www.youtube.com/ios-app_/544007664/vnd.youtube/www.youtube.com/watch.17de7d0f.delayed]
[www.youtube.com/oembedb17c.json]
[www.youtube.com/oembed1a06]
[i.ytimg.com/vi/RTdd4O6D3Pg/maxresdefault.jpg]
[www.youtube.com/embed/RTdd4O6D3Pg.html]
[i.ytimg.com/vi/RTdd4O6D3Pg/hqdefault.jpg]
[www.youtube.com/watch7d0f.html]
[www.youtube.com/feeds/videos5ebe.xml]
[www.youtube.com/channel/android-app_/com.google.android.youtube/http/www.youtube.com/channel/UCBfBelr49jSWBML-rkEdHbg.17e7.delayed]
[www.youtube.com/channel/ios-app_/544007664/vnd.youtube/www.youtube.com/channel/UCBfBelr49jSWBML-rkEdHbg.17e9.delayed]
[www.youtube.com/channel/UCBfBelr49jSWBML-rkEdHbg.html]
[www.youtube.com/channel/UC3YgOn-D_cbUb7QiFccV8mQ.html]
[www.youtube.com/feeds/videos8e5b.xml]
[www.youtube.com/c/android-app_/com.google.android.youtube/http/www.youtube.com/channel/UC3YgOn-D_cbUb7QiFccV8mQ.html]
[www.youtube.com/c/ios-app_/544007664/vnd.youtube/www.youtube.com/channel/UC3YgOn-D_cbUb7QiFccV8mQ.17f0.delayed]
[www.youtube.com/c/EZScapeSpeedruns.html]
[www.youtube.com/c/android-app_/com.google.android.youtube/http/www.youtube.com/channel/UC3ltptWa0xfrDweghW94Acg.html]
[www.youtube.com/c/ios-app_/544007664/vnd.youtube/www.youtube.com/channel/UC3ltptWa0xfrDweghW94Acg.17f5.delayed]
[www.youtube.com/c/karljobst.html]
[www.youtube.com/android-app_/com.google.android.youtube/http/www.youtube.com/watchb9dd.html]
[www.youtube.com/ios-app_/544007664/vnd.youtube/www.youtube.com/watch.17fab9dd.delayed]
[www.youtube.com/oembedd8e8.json]
[www.youtube.com/oembed2eec]
[i.ytimg.com/vi/ne-Z3es2fAg/maxresdefault.jpg]
[www.youtube.com/@karljobst.html]
[www.youtube.com/embed/ne-Z3es2fAg.html]
[i.ytimg.com/vi/ne-Z3es2fAg/hqdefault.jpg]
[www.youtube.com/watchb9dd.html]
[www.youtube.com/android-app_/com.google.android.youtube/http/www.youtube.com/watchc192.html]
[www.youtube.com/ios-app_/544007664/vnd.youtube/www.youtube.com/watch.1806c192.delayed]
[www.youtube.com/oembed8060.json]
[www.youtube.com/oembedb42f]
[i.ytimg.com/vi/ZUOv_wtnzRM/maxresdefault.jpg]
[www.youtube.com/embed/ZUOv_wtnzRM.html]
[i.ytimg.com/vi/ZUOv_wtnzRM/hqdefault.jpg]
[www.youtube.com/watchc192.html]
[www.youtube.com/android-app_/com.google.android.youtube/http/www.youtube.com/watch016e.html]
[www.youtube.com/ios-app_/544007664/vnd.youtube/www.youtube.com/watch.1810016e.delayed]
[www.youtube.com/oembed5418.json]
[www.youtube.com/oembedfd64]
[i.ytimg.com/vi/u0aRVjtjmB4/hqdefault.jpg]
[www.youtube.com/@SummoningSalt.html]
[www.youtube.com/watch016e.html]
[www.youtube.com/embed/u0aRVjtjmB4.html]
[www.youtube.com/android-app_/com.google.android.youtube/http/www.youtube.com/watchd222.html]
[www.youtube.com/ios-app_/544007664/vnd.youtube/www.youtube.com/watch.181bd222.delayed]
[www.youtube.com/oembedd4ff.json]
[www.youtube.com/oembedddb9]
[i.ytimg.com/vi/hdzhHJMgmRE/maxresdefault.jpg]
[www.youtube.com/@AnyPercent.html]
[www.youtube.com/embed/hdzhHJMgmRE.html]
[i.ytimg.com/vi/hdzhHJMgmRE/hqdefault.jpg]
[www.youtube.com/watchd222.html]
[www.youtube.com/android-app_/com.google.android.youtube/http/www.youtube.com/watchdedc.html]
[www.youtube.com/ios-app_/544007664/vnd.youtube/www.youtube.com/watch.1827dedc.delayed]
[www.youtube.com/oembed8643.json]
[www.youtube.com/oembed3a6d]
[i.ytimg.com/vi/RiFIiUOiCNI/maxresdefault.jpg]
[www.youtube.com/@Camdeeno.html]
[www.youtube.com/embed/RiFIiUOiCNI.html]
[i.ytimg.com/vi/RiFIiUOiCNI/hqdefault.jpg]
[www.youtube.com/watchdedc.html]
[www.youtube.com/android-app_/com.google.android.youtube/http/www.youtube.com/watchd138.html]
[www.youtube.com/ios-app_/544007664/vnd.youtube/www.youtube.com/watch.1833d138.delayed]
[www.youtube.com/oembed91ef.json]
[www.youtube.com/oembed2db9]
[i.ytimg.com/vi/YWY6L7jPlM8/maxresdefault.jpg]
[www.youtube.com/@GamerFolklore.html]
[www.youtube.com/embed/YWY6L7jPlM8.html]
[i.ytimg.com/vi/YWY6L7jPlM8/hqdefault.jpg]
[www.youtube.com/watchd138.html]
[www.youtube.com/channel/UCJswRv22oiUgmT1FuFeUekw.html]
[www.youtube.com/feeds/videosa845.xml]
[www.youtube.com/c/IamMoBo/android-app_/com.google.android.youtube/http/www.youtube.com/channel/UCJswRv22oiUgmT1FuFeUekw.html]
[www.youtube.com/c/IamMoBo/featured.html]
[www.youtube.com/c/IamMoBo/ios-app_/544007664/vnd.youtube/www.youtube.com/channel/UCJswRv22oiUgmT1FuFeUekw.html]
[www.youtube.com/android-app_/com.google.android.youtube/http/www.youtube.com/watch50cb.html]
[www.youtube.com/ios-app_/544007664/vnd.youtube/www.youtube.com/watch.184650cb.delayed]
[www.youtube.com/oembed0fdd.json]
[www.youtube.com/oembed5409]
[i.ytimg.com/vi/JprFkj55dPA/maxresdefault.jpg]
[www.youtube.com/@ying_verse.html]
[www.youtube.com/embed/JprFkj55dPA.html]
[i.ytimg.com/vi/JprFkj55dPA/hqdefault.jpg]
[www.youtube.com/watch50cb.html]
[www.youtube.com/android-app_/com.google.android.youtube/http/www.youtube.com/watchef7e.html]
[www.youtube.com/ios-app_/544007664/vnd.youtube/www.youtube.com/watch.1852ef7e.delayed]
[www.youtube.com/oembed47ee.json]
[www.youtube.com/oembedcc46]
[i.ytimg.com/vi/-QbX-JcXC90/hqdefault.jpg]
[www.youtube.com/@ludwig.html]
[www.youtube.com/watchef7e.html]
[www.youtube.com/embed/-QbX-JcXC90.html]
[www.youtube.com/embed/-G8x-KiBLfw390b.html]
[www.youtube.com/watch74e1.html]
[www.youtube.com/embed/HpPm7ULW7wU390b.html]
[www.youtube.com/watchb822.html]
[www.youtube.com/embed/L5aQzCJW5-s390b.html]
[www.youtube.com/watch4817.html]
[www.youtube.com/embed/8uSE7G_Dv7w390b.html]
[www.youtube.com/watch9671.html]
[www.youtube.com/embed/CVv_qpH2340390b.html]
[www.youtube.com/channel/android-app_/com.google.android.youtube/http/www.youtube.com/channel/UCbxtF9IpNoYXcw0kz5Qhnhw.html]
[www.youtube.com/channel/ios-app_/544007664/vnd.youtube/www.youtube.com/channel/UCbxtF9IpNoYXcw0kz5Qhnhw.html]
[www.youtube.com/channel/android-app_/com.google.android.youtube/http/www.youtube.com/channel/UCv5gQgP_uGbJxImWVoUC_Ng.html]
[www.youtube.com/channel/ios-app_/544007664/vnd.youtube/www.youtube.com/channel/UCv5gQgP_uGbJxImWVoUC_Ng.html]
[www.youtube.com/watch9bf7.html]
[www.youtube.com/android-app_/com.google.android.youtube/http/www.youtube.com/watch391f.html]
[www.youtube.com/ios-app_/544007664/vnd.youtube/www.youtube.com/watch.1862391f.delayed]
[www.youtube.com/watch391f.html]
[www.youtube.com/android-app_/com.google.android.youtube/http/www.youtube.com/watch5010.html]
[www.youtube.com/ios-app_/544007664/vnd.youtube/www.youtube.com/watch5010.html]
[www.youtube.com/android-app_/com.google.android.youtube/http/www.youtube.com/channel/UCbxtF9IpNoYXcw0kz5Qhnhw.html]
[www.youtube.com/ios-app_/544007664/vnd.youtube/www.youtube.com/channel/UCbxtF9IpNoYXcw0kz5Qhnhw.1868.delayed]
[www.youtube.com/@KhatarnakIshan.html]
[www.youtube.com/embed/v2jdVXRTQuI.html]
[www.youtube.com/channel/android-app_/com.google.android.youtube/http/www.youtube.com/channel/UCjZOeRcwSIEwRIVqwGbKqEA.186b.delayed]
[www.youtube.com/channel/ios-app_/544007664/vnd.youtube/www.youtube.com/channel/UCjZOeRcwSIEwRIVqwGbKqEA.186d.delayed]
[www.youtube.com/channel/UCjZOeRcwSIEwRIVqwGbKqEA.html]
[www.youtube.com/c/android-app_/com.google.android.youtube/http/www.youtube.com/channel/UCjZOeRcwSIEwRIVqwGbKqEA.html]
[www.youtube.com/c/ios-app_/544007664/vnd.youtube/www.youtube.com/channel/UCjZOeRcwSIEwRIVqwGbKqEA.html]
[www.youtube.com/android-app_/com.google.android.youtube/http/www.youtube.com/watch2a7c.html]
[www.youtube.com/ios-app_/544007664/vnd.youtube/www.youtube.com/watch.18732a7c.delayed]
[www.youtube.com/watch2a7c.html]
[www.youtube.com/android-app_/com.google.android.youtube/http/www.youtube.com/watchad29.html]
[www.youtube.com/ios-app_/544007664/vnd.youtube/www.youtube.com/watchad29.html]
[www.youtube.com/android-app_/com.google.android.youtube/http/www.youtube.com/channel/UCjZOeRcwSIEwRIVqwGbKqEA.html]
[www.youtube.com/ios-app_/544007664/vnd.youtube/www.youtube.com/channel/UCjZOeRcwSIEwRIVqwGbKqEA.1879.delayed]
[www.youtube.com/@MrDsb.html]
[www.youtube.com/embed/-fYau0O5U9U.html]
[www.youtube.com/android-app_/com.google.android.youtube/http/www.youtube.com/watch5169.html]
[www.youtube.com/ios-app_/544007664/vnd.youtube/www.youtube.com/watch.187e5169.delayed]
[www.youtube.com/oembedb8af.json]
[www.youtube.com/oembed5de6]
[i.ytimg.com/vi/fRP8o96effA/maxresdefault.jpg]
[www.youtube.com/embed/fRP8o96effA.html]
[i.ytimg.com/vi/fRP8o96effA/hqdefault.jpg]
[www.youtube.com/watch5169.html]
[www.youtube.com/channel/android-app_/com.google.android.youtube/http/www.youtube.com/channel/UCnnHqtApBbQDFy0YEnJXKjg.1886.delayed]
[www.youtube.com/channel/ios-app_/544007664/vnd.youtube/www.youtube.com/channel/UCnnHqtApBbQDFy0YEnJXKjg.1888.delayed]
[www.youtube.com/channel/UCnnHqtApBbQDFy0YEnJXKjg.html]
[www.youtube.com/c/android-app_/com.google.android.youtube/http/www.youtube.com/channel/UCnnHqtApBbQDFy0YEnJXKjg.html]
[www.youtube.com/c/ios-app_/544007664/vnd.youtube/www.youtube.com/channel/UCnnHqtApBbQDFy0YEnJXKjg.html]
[www.youtube.com/android-app_/com.google.android.youtube/http/www.youtube.com/watch4f4e.html]
[www.youtube.com/ios-app_/544007664/vnd.youtube/www.youtube.com/watch.188e4f4e.delayed]
[www.youtube.com/oembed8d6b.json]
[www.youtube.com/oembed3cc7]
[i.ytimg.com/vi/SM8LgPJ3jlg/maxresdefault.jpg]
[www.youtube.com/@TheFamousFilms.html]
[www.youtube.com/embed/SM8LgPJ3jlg.html]
[i.ytimg.com/vi/SM8LgPJ3jlg/hqdefault.jpg]
[www.youtube.com/watch4f4e.html]
[www.youtube.com/channel/android-app_/com.google.android.youtube/http/www.youtube.com/channel/UCPBy8SaMtEat8TmNLP6bmKQ.1898.delayed]
[www.youtube.com/channel/ios-app_/544007664/vnd.youtube/www.youtube.com/channel/UCPBy8SaMtEat8TmNLP6bmKQ.189a.delayed]
[www.youtube.com/channel/UCPBy8SaMtEat8TmNLP6bmKQ.html]
[www.youtube.com/c/LogicProXGaming/android-app_/com.google.android.youtube/http/www.youtube.com/channel/android-app_/com.google.android.youtube/http/www.youtube.com/channel/UCPBy8SaMtEat8TmNLP6bmKQ.html]
[www.youtube.com/c/LogicProXGaming/android-app_/com.google.android.youtube/http/www.youtube.com/channel/UCPBy8SaMtEat8TmNLP6bmKQ.html]
[www.youtube.com/c/LogicProXGaming/android-app_/com.google.android.youtube/http/www.youtube.com/channel/ios-app_/544007664/vnd.youtube/www.youtube.com/channel/UCPBy8SaMtEat8TmNLP6bmKQ.html]
[www.youtube.com/c/LogicProXGaming/ios-app_/544007664/vnd.youtube/www.youtube.com/channel/android-app_/com.google.android.youtube/http/www.youtube.com/channel/UCPBy8SaMtEat8TmNLP6bmKQ.html]
[www.youtube.com/c/LogicProXGaming/ios-app_/544007664/vnd.youtube/www.youtube.com/channel/UCPBy8SaMtEat8TmNLP6bmKQ.html]
[www.youtube.com/c/LogicProXGaming/ios-app_/544007664/vnd.youtube/www.youtube.com/channel/ios-app_/544007664/vnd.youtube/www.youtube.com/channel/UCPBy8SaMtEat8TmNLP6bmKQ.html]
[www.youtube.com/android-app_/com.google.android.youtube/http/www.youtube.com/watch5b50.html]
[www.youtube.com/ios-app_/544007664/vnd.youtube/www.youtube.com/watch.18a95b50.delayed]
[www.youtube.com/oembedc8d5.json]
[www.youtube.com/oembedfeec]
[i.ytimg.com/vi/i5VzQbyAN9g/hqdefault.jpg]
[www.youtube.com/@LogicProXGaming.html]
[www.youtube.com/watch5b50.html]
[www.youtube.com/embed/i5VzQbyAN9g.html]
[www.youtube.com/channel/android-app_/com.google.android.youtube/http/www.youtube.com/channel/UCaHT88aobpcvRFEuy4v5Clg.18b2.delayed]
[www.youtube.com/channel/ios-app_/544007664/vnd.youtube/www.youtube.com/channel/UCaHT88aobpcvRFEuy4v5Clg.18b4.delayed]
[www.youtube.com/channel/UCaHT88aobpcvRFEuy4v5Clg.html]
[www.youtube.com/android-app_/com.google.android.youtube/http/www.youtube.com/channel/UCaHT88aobpcvRFEuy4v5Clg.html]
[www.youtube.com/ios-app_/544007664/vnd.youtube/www.youtube.com/channel/UCaHT88aobpcvRFEuy4v5Clg.html]
[www.youtube.com/android-app_/com.google.android.youtube/http/www.youtube.com/watch018a.html]
[www.youtube.com/ios-app_/544007664/vnd.youtube/www.youtube.com/watch018a.html]
[www.youtube.com/channel/UCXD0pNXyQuHtsSAdckwWdiA.html]
[www.youtube.com/feeds/videosa0cb.xml]
[www.youtube.com/android-app_/com.google.android.youtube/http/www.youtube.com/channel/UCXD0pNXyQuHtsSAdckwWdiA.html]
[www.youtube.com/ios-app_/544007664/vnd.youtube/www.youtube.com/channel/UCXD0pNXyQuHtsSAdckwWdiA.18bd.delayed]
[www.youtube.com/@Zaccrim.html]
[www.youtube.com/embed/Mr9gKq4Aco4.html]
[www.youtube.com/android-app_/com.google.android.youtube/http/www.youtube.com/watch5ffd.html]
[www.youtube.com/ios-app_/544007664/vnd.youtube/www.youtube.com/watch.18c25ffd.delayed]
[www.youtube.com/oembed9ab1.json]
[www.youtube.com/oembedd4f1]
[i.ytimg.com/vi/6yvfU8xK_VQ/maxresdefault.jpg]
[www.youtube.com/@CG5.html]
[www.youtube.com/embed/6yvfU8xK_VQ.html]
[i.ytimg.com/vi/6yvfU8xK_VQ/hqdefault.jpg]
[www.youtube.com/watch5ffd.html]
[www.youtube.com/android-app_/com.google.android.youtube/http/www.youtube.com/watch8709.html]
[www.youtube.com/ios-app_/544007664/vnd.youtube/www.youtube.com/watch.18ce8709.delayed]
[www.youtube.com/oembed395f.json]
[www.youtube.com/oembed5842]
[i.ytimg.com/vi/HcNvWfGyoso/maxresdefault.jpg]
[www.youtube.com/embed/HcNvWfGyoso.html]
[www.youtube.com/@빅헤드.html]
[i.ytimg.com/vi/HcNvWfGyoso/hqdefault.jpg]
[www.youtube.com/watch8709.html]
[www.youtube.com/android-app_/com.google.android.youtube/http/www.youtube.com/watchee8a.html]
[www.youtube.com/ios-app_/544007664/vnd.youtube/www.youtube.com/watch.18daee8a.delayed]
[www.youtube.com/oembed524b.json]
[www.youtube.com/oembed8573]
[i.ytimg.com/vi/YTrJ_w2qEFk/maxresdefaultdfa3.jpg]
[www.youtube.com/embed/YTrJ_w2qEFk.html]
[www.youtube.com/@HornstrompGames.html]
[i.ytimg.com/vi/YTrJ_w2qEFk/hqdefault.jpg]
[www.youtube.com/watchee8a.html]
[www.youtube.com/android-app_/com.google.android.youtube/http/www.youtube.com/watchc630.html]
[www.youtube.com/ios-app_/544007664/vnd.youtube/www.youtube.com/watch.18e6c630.delayed]
[www.youtube.com/oembeda230.json]
[www.youtube.com/oembed0489]
[i.ytimg.com/vi/32s6iS9ihpA/maxresdefault.jpg]
[www.youtube.com/@PewDiePie.html]
[www.youtube.com/embed/32s6iS9ihpA.html]
[i.ytimg.com/vi/32s6iS9ihpA/hqdefault.jpg]
[www.youtube.com/watchc630.html]
[www.youtube.com/android-app_/com.google.android.youtube/http/www.youtube.com/watch09fe.html]
[www.youtube.com/ios-app_/544007664/vnd.youtube/www.youtube.com/watch09fe.html]
[www.youtube.com/channel/UCEN58iXQg82TXgsDCjWqIkg.html]
[www.youtube.com/feeds/videos3cc7.xml]
[www.youtube.com/android-app_/com.google.android.youtube/http/www.youtube.com/channel/UCEN58iXQg82TXgsDCjWqIkg.html]
[www.youtube.com/ios-app_/544007664/vnd.youtube/www.youtube.com/channel/UCEN58iXQg82TXgsDCjWqIkg.18f5.delayed]
[www.youtube.com/@YouTubeForBusiness.html]
[www.youtube.com/embed/LKxewamUrIc.html]
[www.youtube.com/android-app_/com.google.android.youtube/http/www.youtube.com/watch9988.html]
[www.youtube.com/ios-app_/544007664/vnd.youtube/www.youtube.com/watch9988.html]
[www.youtube.com/android-app_/com.google.android.youtube/http/www.youtube.com/channel/UCX6OQ3DkcsbYNE6H8uQQuVA.html]
[www.youtube.com/ios-app_/544007664/vnd.youtube/www.youtube.com/channel/UCX6OQ3DkcsbYNE6H8uQQuVA.18fb.delayed]
[www.youtube.com/@MrBeast.html]
[www.youtube.com/embed/HPJKxAhLw5I.html]
[www.youtube.com/channel/android-app_/com.google.android.youtube/http/www.youtube.com/channel/UCX6OQ3DkcsbYNE6H8uQQuVA.html]
[www.youtube.com/channel/ios-app_/544007664/vnd.youtube/www.youtube.com/channel/UCX6OQ3DkcsbYNE6H8uQQuVA.html]
[www.youtube.com/channel/android-app_/com.google.android.youtube/http/www.youtube.com/channel/UCY1kMZp36IQSyNx_9h4mpCg.18fe.delayed]
[www.youtube.com/channel/ios-app_/544007664/vnd.youtube/www.youtube.com/channel/UCY1kMZp36IQSyNx_9h4mpCg.1900.delayed]
[www.youtube.com/channel/UCY1kMZp36IQSyNx_9h4mpCg.html]
[www.youtube.com/user/android-app_/com.google.android.youtube/http/www.youtube.com/channel/UCY1kMZp36IQSyNx_9h4mpCg.html]
[www.youtube.com/user/ios-app_/544007664/vnd.youtube/www.youtube.com/channel/UCY1kMZp36IQSyNx_9h4mpCg.html]
[www.youtube.com/android-app_/com.google.android.youtube/http/www.youtube.com/watch8be5.html]
[www.youtube.com/ios-app_/544007664/vnd.youtube/www.youtube.com/watch8be5.html]
[www.youtube.com/channel/UCRtXe-qMglnb9nMztMR3M7Q.html]
[www.youtube.com/feeds/videos8a4c.xml]
[www.youtube.com/android-app_/com.google.android.youtube/http/www.youtube.com/channel/UCRtXe-qMglnb9nMztMR3M7Q.html]
[www.youtube.com/ios-app_/544007664/vnd.youtube/www.youtube.com/channel/UCRtXe-qMglnb9nMztMR3M7Q.1908.delayed]
[www.youtube.com/@AroyittGaming.html]
[www.youtube.com/embed/YlInGZ2Jb8A.html]
[www.youtube.com/android-app_/com.google.android.youtube/http/www.youtube.com/watch727a.html]
[www.youtube.com/ios-app_/544007664/vnd.youtube/www.youtube.com/watch.190d727a.delayed]
[www.youtube.com/oembedb0fd.json]
[www.youtube.com/oembed2c91]
[i.ytimg.com/vi/7oIsAv2i3Js/maxresdefault.jpg]
[www.youtube.com/embed/7oIsAv2i3Js.html]
[www.youtube.com/@elrubius.html]
[i.ytimg.com/vi/7oIsAv2i3Js/hqdefault.jpg]
[www.youtube.com/watch727a.html]
[www.youtube.com/android-app_/com.google.android.youtube/http/www.youtube.com/watchffe3.html]
[www.youtube.com/ios-app_/544007664/vnd.youtube/www.youtube.com/watchffe3.html]
[www.youtube.com/POST.1917.delayed]
[www.youtube.com/channel/UCqJ5zFEED1hWs0KNQCQuYdQ.html]
[www.youtube.com/feeds/videos8dd6.xml]
[www.youtube.com/android-app_/com.google.android.youtube/http/www.youtube.com/channel/UCqJ5zFEED1hWs0KNQCQuYdQ.html]
[www.youtube.com/ios-app_/544007664/vnd.youtube/www.youtube.com/channel/UCqJ5zFEED1hWs0KNQCQuYdQ.191d.delayed]
[www.youtube.com/Mikecrack.html]
[www.youtube.com/embed/htkY6OcWIH4.html]
[www.youtube.com/android-app_/com.google.android.youtube/http/www.youtube.com/watch8ea6.html]
[www.youtube.com/ios-app_/544007664/vnd.youtube/www.youtube.com/watch8ea6.html]
[www.youtube.com/channel/UCHkh8YFg0l4tkY6_zvzdd5w.html]
[www.youtube.com/feeds/videosf184.xml]
[www.youtube.com/android-app_/com.google.android.youtube/http/www.youtube.com/channel/UCHkh8YFg0l4tkY6_zvzdd5w.html]
[www.youtube.com/ios-app_/544007664/vnd.youtube/www.youtube.com/channel/UCHkh8YFg0l4tkY6_zvzdd5w.1925.delayed]
[www.youtube.com/@luzugames.html]
[www.youtube.com/embed/HVqLEjh4F4U.html]
[www.youtube.com/android-app_/com.google.android.youtube/http/www.youtube.com/watchf015.html]
[www.youtube.com/ios-app_/544007664/vnd.youtube/www.youtube.com/watch.192af015.delayed]
[www.youtube.com/oembeddc34.json]
[www.youtube.com/oembed8e7f]
[i.ytimg.com/vi/yQVMGEsYDhc/maxresdefault.jpg]
[www.youtube.com/@IbaiLlanos.html]
[www.youtube.com/embed/yQVMGEsYDhc.html]
[i.ytimg.com/vi/yQVMGEsYDhc/hqdefault.jpg]
[www.youtube.com/watchf015.html]
[www.youtube.com/channel/android-app_/com.google.android.youtube/http/www.youtube.com/channel/UCShWWbQXLQRSzncnDm51JtQ.html]
[www.youtube.com/channel/ios-app_/544007664/vnd.youtube/www.youtube.com/channel/UCShWWbQXLQRSzncnDm51JtQ.html]
[www.youtube.com/channel/android-app_/com.google.android.youtube/http/www.youtube.com/channel/UCg4XK-l40KZD7fLi12pJ1YA.html]
[www.youtube.com/channel/ios-app_/544007664/vnd.youtube/www.youtube.com/channel/UCg4XK-l40KZD7fLi12pJ1YA.html]
[www.youtube.com/channel/android-app_/com.google.android.youtube/http/www.youtube.com/channel/UCj-wTLj0p0YvTkS-9-ACm0A.html]
[www.youtube.com/channel/ios-app_/544007664/vnd.youtube/www.youtube.com/channel/UCj-wTLj0p0YvTkS-9-ACm0A.html]
[www.youtube.com/channel/android-app_/com.google.android.youtube/http/www.youtube.com/channel/UCIYIqgRv_yexwamrVb7Va7Q.html]
[www.youtube.com/channel/ios-app_/544007664/vnd.youtube/www.youtube.com/channel/UCIYIqgRv_yexwamrVb7Va7Q.html]
[www.youtube.com/android-app_/com.google.android.youtube/http/www.youtube.com/watch8e1b.html]
[www.youtube.com/ios-app_/544007664/vnd.youtube/www.youtube.com/watch.19368e1b.delayed]
[www.youtube.com/oembed796a.json]
[www.youtube.com/oembed2db8]
[i.ytimg.com/vi/xMR-WlwbxyU/maxresdefault.jpg]
[www.youtube.com/embed/xMR-WlwbxyU.html]
[www.youtube.com/@auron.html]
[i.ytimg.com/vi/xMR-WlwbxyU/hqdefault.jpg]
[www.youtube.com/watch8e1b.html]
[www.youtube.com/embed/lCpszkhqV-o390b.html]
[www.youtube.com/watchf39d.html]
[www.youtube.com/channel/UClFN9LShD_Pv0wnSeUKbUZw.html]
[www.youtube.com/feeds/videosda96.xml]
[www.youtube.com/c/android-app_/com.google.android.youtube/http/www.youtube.com/channel/UClFN9LShD_Pv0wnSeUKbUZw.html]
[www.youtube.com/c/ios-app_/544007664/vnd.youtube/www.youtube.com/channel/UClFN9LShD_Pv0wnSeUKbUZw.1945.delayed]
[www.youtube.com/c/ThatLittlePuff.html]
[www.youtube.com/embed/N3Lrxk1KBng390b.html]
[www.youtube.com/watch74d7.html]
[www.youtube.com/android-app_/com.google.android.youtube/http/www.youtube.com/watchb22c.html]
[www.youtube.com/ios-app_/544007664/vnd.youtube/www.youtube.com/watch.194bb22c.delayed]
[www.youtube.com/oembed1562.json]
[www.youtube.com/oembed15b7]
[i.ytimg.com/vi/UrX21lrrE6w/maxresdefault.jpg]
[www.youtube.com/@PaperizedCrafts.html]
[www.youtube.com/embed/UrX21lrrE6w.html]
[i.ytimg.com/vi/UrX21lrrE6w/hqdefault.jpg]
[www.youtube.com/watchb22c.html]
[www.youtube.com/android-app_/com.google.android.youtube/http/www.youtube.com/watch426f.html]
[www.youtube.com/ios-app_/544007664/vnd.youtube/www.youtube.com/watch.1957426f.delayed]
[www.youtube.com/oembed9f87.json]
[www.youtube.com/oembedacf5]
[i.ytimg.com/vi/Z3MT-hGa_LM/maxresdefault.jpg]
[www.youtube.com/@LazyBart.html]
[www.youtube.com/embed/Z3MT-hGa_LM.html]
[i.ytimg.com/vi/Z3MT-hGa_LM/hqdefault.jpg]
[www.youtube.com/watch426f.html]
[www.youtube.com/android-app_/com.google.android.youtube/http/www.youtube.com/watch5e52.html]
[www.youtube.com/ios-app_/544007664/vnd.youtube/www.youtube.com/watch.19635e52.delayed]
[www.youtube.com/oembed195d.json]
[www.youtube.com/oembeda831]
[i.ytimg.com/vi/hjFwTqYArzA/maxresdefault.jpg]
[www.youtube.com/embed/hjFwTqYArzA.html]
[i.ytimg.com/vi/hjFwTqYArzA/hqdefault.jpg]
[www.youtube.com/watch5e52.html]
[www.youtube.com/android-app_/com.google.android.youtube/http/www.youtube.com/watch0d05.html]
[www.youtube.com/ios-app_/544007664/vnd.youtube/www.youtube.com/watch.196d0d05.delayed]
[www.youtube.com/oembed66ec.json]
[www.youtube.com/oembed61e1]
[i.ytimg.com/vi/tPEE9ZwTmy0/hqdefaultc233.jpg]
[www.youtube.com/@hiddentracktv2.html]
[www.youtube.com/embed/tPEE9ZwTmy07cec.html]
[i.ytimg.com/vi/tPEE9ZwTmy0/hqdefault.jpg]
[www.youtube.com/watch0d05.html]
[www.youtube.com/embed/tPEE9ZwTmy0390b.html]
[www.youtube.com/watchcbec.html]
[www.youtube.com/shorts/android-app_/com.google.android.youtube/http/www.youtube.com/shorts/KDDECxXwE4E.1979.delayed]
[www.youtube.com/shorts/ios-app_/544007664/vnd.youtube/www.youtube.com/shorts/KDDECxXwE4E.197b.delayed]
[www.youtube.com/shorts/KDDECxXwE4E20ce.html]
[www.youtube.com/oembed8972.json]
[www.youtube.com/oembede8fa]
[i.ytimg.com/vi/KDDECxXwE4E/oar20d4b.jpg]
[www.youtube.com/shorts/KDDECxXwE4E.html]
[www.youtube.com/embed/KDDECxXwE4E.html]
[www.youtube.com/@MegaMillionsMike.html]
[www.youtube.com/embed/KDDECxXwE4E390b.html]
[www.youtube.com/c/CookingCat料理貓王/featured.html]
[www.youtube.com/watch8948.html]
[www.youtube.com/embed/l6Vg7ybO5Ac390b.html]
[www.youtube.com/watch5d10.html]
[www.youtube.com/channel/UCpLQXR116cLVUa1LRY8KS4w.html]
[www.youtube.com/feeds/videosddbb.xml]
[www.youtube.com/c/android-app_/com.google.android.youtube/http/www.youtube.com/channel/UCpLQXR116cLVUa1LRY8KS4w.html]
[www.youtube.com/c/ios-app_/544007664/vnd.youtube/www.youtube.com/channel/UCpLQXR116cLVUa1LRY8KS4w.198a.delayed]
[www.youtube.com/c/OwlKitty.html]
[www.youtube.com/android-app_/com.google.android.youtube/http/youtube.comhttp_/www.youtube.com/playlistfddb.html]
[www.youtube.com/ios-app_/544007664/http/youtube.comhttp_/www.youtube.com/playlist.198ffddb.delayed]
[www.youtube.com/playlistfddb.html]
[www.youtube.com/trends/articles/report-sources/here.html]
[www.youtube.com/android-app_/com.google.android.youtube/http/www.youtube.com/watchf0a6.html]
[www.youtube.com/ios-app_/544007664/vnd.youtube/www.youtube.com/watch.1994f0a6.delayed]
[www.youtube.com/oembede927.json]
[www.youtube.com/oembed53bf]
[i.ytimg.com/vi/R_fZjGm2OrM/maxresdefault.jpg]
[www.youtube.com/embed/R_fZjGm2OrM.html]
[i.ytimg.com/vi/R_fZjGm2OrM/hqdefault.jpg]
[www.youtube.com/watchf0a6.html]
[www.youtube.com/android-app_/com.google.android.youtube/http/www.youtube.com/watch7614.html]
[www.youtube.com/ios-app_/544007664/vnd.youtube/www.youtube.com/watch.199e7614.delayed]
[www.youtube.com/oembedecc9.json]
[www.youtube.com/oembed935b]
[i.ytimg.com/vi/_OODTfmXOOI/maxresdefault2b26.jpg]
[www.youtube.com/yogapracticevideos.19a4.delayed]
[www.youtube.com/embed/_OODTfmXOOI.html]
[i.ytimg.com/vi/_OODTfmXOOI/hqdefault.jpg]
[www.youtube.com/watch7614.html]
[www.youtube.com/channel/android-app_/com.google.android.youtube/http/www.youtube.com/channel/UCFKE7WVJfvaHW5q283SxchA.19a9.delayed]
[www.youtube.com/channel/ios-app_/544007664/vnd.youtube/www.youtube.com/channel/UCFKE7WVJfvaHW5q283SxchA.19ab.delayed]
[www.youtube.com/channel/UCFKE7WVJfvaHW5q283SxchA.html]
[www.youtube.com/android-app_/com.google.android.youtube/http/www.youtube.com/watch7d6b.html]
[www.youtube.com/ios-app_/544007664/vnd.youtube/www.youtube.com/watch.19b07d6b.delayed]
[www.youtube.com/oembedaa65.json]
[www.youtube.com/oembedcfb4]
[i.ytimg.com/vi/TVwyEtS_7OQ/maxresdefault.jpg]
[www.youtube.com/embed/TVwyEtS_7OQ.html]
[i.ytimg.com/vi/TVwyEtS_7OQ/hqdefault.jpg]
[www.youtube.com/watch7d6b.html]
[www.youtube.com/android-app_/com.google.android.youtube/http/www.youtube.com/watchb009.html]
[www.youtube.com/ios-app_/544007664/vnd.youtube/www.youtube.com/watch.19bab009.delayed]
[www.youtube.com/oembed6a67.json]
[www.youtube.com/oembed82ef]
[i.ytimg.com/vi/h5CEOjPY_uw/maxresdefault.jpg]
[www.youtube.com/embed/h5CEOjPY_uw.html]
[i.ytimg.com/vi/h5CEOjPY_uw/hqdefault.jpg]
[www.youtube.com/watchb009.html]
[www.youtube.com/android-app_/com.google.android.youtube/http/www.youtube.com/watchcaf1.html]
[www.youtube.com/ios-app_/544007664/vnd.youtube/www.youtube.com/watch.19c4caf1.delayed]
[www.youtube.com/oembede818.json]
[www.youtube.com/oembedc7ac]
[i.ytimg.com/vi/fLlFSWgK2y4/maxresdefault.jpg]
[www.youtube.com/embed/fLlFSWgK2y4.html]
[i.ytimg.com/vi/fLlFSWgK2y4/hqdefault.jpg]
[www.youtube.com/watchcaf1.html]
[www.youtube.com/feeds/videos4a40.xml]
[www.youtube.com/channel/android-app_/com.google.android.youtube/http/www.youtube.com/channel/UCb-ODDTys9PeeSyreyh___w.19cd.delayed]
[www.youtube.com/channel/ios-app_/544007664/vnd.youtube/www.youtube.com/channel/UCb-ODDTys9PeeSyreyh___w.19cf.delayed]
[www.youtube.com/channel/UCb-ODDTys9PeeSyreyh___w.html]
[www.youtube.com/android-app_/com.google.android.youtube/http/www.youtube.com/watchef8e.html]
[www.youtube.com/ios-app_/544007664/vnd.youtube/www.youtube.com/watch.19d4ef8e.delayed]
[www.youtube.com/oembed9fdb.json]
[www.youtube.com/oembeddf88]
[i.ytimg.com/vi/eO3eYIPE0U4/maxresdefault.jpg]
[www.youtube.com/embed/eO3eYIPE0U4.html]
[www.youtube.com/@MalovaElena.html]
[i.ytimg.com/vi/eO3eYIPE0U4/hqdefault.jpg]
[www.youtube.com/watchef8e.html]
[www.youtube.com/feeds/videos8f52.xml]
[www.youtube.com/channel/android-app_/com.google.android.youtube/http/www.youtube.com/channel/UCWN2FPlvg9r-LnUyepH9IaQ.19df.delayed]
[www.youtube.com/channel/ios-app_/544007664/vnd.youtube/www.youtube.com/channel/UCWN2FPlvg9r-LnUyepH9IaQ.19e1.delayed]
[www.youtube.com/channel/UCWN2FPlvg9r-LnUyepH9IaQ.html]
[www.youtube.com/android-app_/com.google.android.youtube/http/www.youtube.com/watchcffb.html]
[www.youtube.com/ios-app_/544007664/vnd.youtube/www.youtube.com/watch.19e6cffb.delayed]
[www.youtube.com/oembeda613.json]
[www.youtube.com/oembed3498]
[i.ytimg.com/vi/oX6I6vs1EFs/maxresdefault.jpg]
[www.youtube.com/embed/oX6I6vs1EFs.html]
[www.youtube.com/@bohobeautiful.html]
[i.ytimg.com/vi/oX6I6vs1EFs/hqdefault.jpg]
[www.youtube.com/watchcffb.html]
[www.youtube.com/android-app_/com.google.android.youtube/http/www.youtube.com/watch3573.html]
[www.youtube.com/ios-app_/544007664/vnd.youtube/www.youtube.com/watch.19f23573.delayed]
[www.youtube.com/oembed150a.json]
[www.youtube.com/oembed0275]
[i.ytimg.com/vi/3_Q-yYfjeBM/maxresdefault.jpg]
[www.youtube.com/embed/3_Q-yYfjeBM.html]
[i.ytimg.com/vi/3_Q-yYfjeBM/hqdefault.jpg]
[www.youtube.com/watch3573.html]
[www.youtube.com/channel/UCKQgiVPqEPU0tImAjFG5lNA.html]
[www.youtube.com/feeds/videos3ff1.xml]
[www.youtube.com/c/XuanLanYoga/android-app_/com.google.android.youtube/http/www.youtube.com/channel/UCKQgiVPqEPU0tImAjFG5lNA.html]
[www.youtube.com/c/XuanLanYoga/videos.html]
[www.youtube.com/c/XuanLanYoga/ios-app_/544007664/vnd.youtube/www.youtube.com/channel/UCKQgiVPqEPU0tImAjFG5lNA.html]
[www.youtube.com/android-app_/com.google.android.youtube/http/www.youtube.com/watch1f8d.html]
[www.youtube.com/ios-app_/544007664/vnd.youtube/www.youtube.com/watch.1a031f8d.delayed]
[www.youtube.com/oembed6004.json]
[www.youtube.com/oembeda52c]
[i.ytimg.com/vi/nZw4OJl4BzQ/hqdefault.jpg]
[www.youtube.com/watch1f8d.html]
[www.youtube.com/embed/nZw4OJl4BzQ.html]
[www.youtube.com/@XuanLanYoga.html]
[www.youtube.com/feeds/videosfbd6.xml]
[www.youtube.com/channel/android-app_/com.google.android.youtube/http/www.youtube.com/channel/UCHJBoCDxaCTRrwCHXEBA-BA.1a0d.delayed]
[www.youtube.com/channel/ios-app_/544007664/vnd.youtube/www.youtube.com/channel/UCHJBoCDxaCTRrwCHXEBA-BA.1a0f.delayed]
[www.youtube.com/channel/UCHJBoCDxaCTRrwCHXEBA-BA.html]
[www.youtube.com/android-app_/com.google.android.youtube/http/www.youtube.com/watch1971.html]
[www.youtube.com/ios-app_/544007664/vnd.youtube/www.youtube.com/watch.1a141971.delayed]
[www.youtube.com/oembed5b46.json]
[www.youtube.com/oembed5253]
[i.ytimg.com/vi/g_tea8ZNk5A/maxresdefault.jpg]
[www.youtube.com/@madymorrison.html]
[www.youtube.com/embed/g_tea8ZNk5A.html]
[i.ytimg.com/vi/g_tea8ZNk5A/hqdefault.jpg]
[www.youtube.com/watch1971.html]
[www.youtube.com/android-app_/com.google.android.youtube/http/www.youtube.com/watch2a84.html]
[www.youtube.com/ios-app_/544007664/vnd.youtube/www.youtube.com/watch.1a202a84.delayed]
[www.youtube.com/oembedd09c.json]
[www.youtube.com/oembedc606]
[i.ytimg.com/vi/a01D1PzTVFc/maxresdefault.jpg]
[www.youtube.com/embed/a01D1PzTVFc.html]
[i.ytimg.com/vi/a01D1PzTVFc/hqdefault.jpg]
[www.youtube.com/watch2a84.html]
[www.youtube.com/android-app_/com.google.android.youtube/http/www.youtube.com/watch4ef9.html]
[www.youtube.com/shorts/MG5f7jETiU0.html]
[www.youtube.com/ios-app_/544007664/vnd.youtube/www.youtube.com/watch.1a2b4ef9.delayed]
[www.youtube.com/oembedb44a.json]
[www.youtube.com/oembed449f]
[i.ytimg.com/vi/MG5f7jETiU0/maxres2daa8.jpg]
[www.youtube.com/@sonalsharmayoga.html]
[www.youtube.com/embed/MG5f7jETiU0.html]
[i.ytimg.com/vi/MG5f7jETiU0/hqdefault.jpg]
[www.youtube.com/watch4ef9.html]
[www.youtube.com/android-app_/com.google.android.youtube/http/www.youtube.com/watch44a6.html]
[www.youtube.com/ios-app_/544007664/vnd.youtube/www.youtube.com/watch.1a3744a6.delayed]
[www.youtube.com/oembed5866.json]
[www.youtube.com/oembed0eef]
[i.ytimg.com/vi/ZSIp00SewO8/maxresdefault.jpg]
[www.youtube.com/embed/ZSIp00SewO8.html]
[i.ytimg.com/vi/ZSIp00SewO8/hqdefault.jpg]
[www.youtube.com/watch44a6.html]
[www.youtube.com/android-app_/com.google.android.youtube/http/www.youtube.com/watch34d8.html]
[www.youtube.com/ios-app_/544007664/vnd.youtube/www.youtube.com/watch.1a4134d8.delayed]
[www.youtube.com/oembed49fe.json]
[www.youtube.com/oembedee10]
[i.ytimg.com/vi/cL6RzpaVcgg/maxresdefault.jpg]
[www.youtube.com/embed/cL6RzpaVcgg.html]
[www.youtube.com/@YogaWithBird.html]
[i.ytimg.com/vi/cL6RzpaVcgg/hqdefault.jpg]
[www.youtube.com/watch34d8.html]
[www.youtube.com/android-app_/com.google.android.youtube/http/www.youtube.com/watch00fa.html]
[www.youtube.com/ios-app_/544007664/vnd.youtube/www.youtube.com/watch.1a4d00fa.delayed]
[www.youtube.com/oembed6d80.json]
[www.youtube.com/oembede958]
[i.ytimg.com/vi/VaoV1PrYft4/maxresdefault.jpg]
[www.youtube.com/@sarahbethyoga.html]
[www.youtube.com/embed/VaoV1PrYft4.html]
[i.ytimg.com/vi/VaoV1PrYft4/hqdefault.jpg]
[www.youtube.com/watch00fa.html]
[www.youtube.com/android-app_/com.google.android.youtube/http/www.youtube.com/watch4f01.html]
[www.youtube.com/ios-app_/544007664/vnd.youtube/www.youtube.com/watch.1a594f01.delayed]
[www.youtube.com/oembed5450.json]
[www.youtube.com/oembedc690]
[i.ytimg.com/vi/hhw_pczkKkQ/maxresdefault.jpg]
[www.youtube.com/@shona_vertue.html]
[www.youtube.com/embed/hhw_pczkKkQ.html]
[i.ytimg.com/vi/hhw_pczkKkQ/hqdefault.jpg]
[www.youtube.com/watch4f01.html]
[www.youtube.com/android-app_/com.google.android.youtube/http/www.youtube.com/watchbbfa.html]
[www.youtube.com/ios-app_/544007664/vnd.youtube/www.youtube.com/watch.1a65bbfa.delayed]
[www.youtube.com/oembed98ad.json]
[www.youtube.com/oembed9957]
[i.ytimg.com/vi/M8Mzbg9tjYo/maxresdefault.jpg]
[www.youtube.com/@yogawithtim.html]
[www.youtube.com/embed/M8Mzbg9tjYo.html]
[i.ytimg.com/vi/M8Mzbg9tjYo/hqdefault.jpg]
[www.youtube.com/watchbbfa.html]
[www.youtube.com/android-app_/com.google.android.youtube/http/www.youtube.com/watch684c.html]
[www.youtube.com/ios-app_/544007664/vnd.youtube/www.youtube.com/watch.1a71684c.delayed]
[www.youtube.com/oembed1671.json]
[www.youtube.com/oembedeb44]
[i.ytimg.com/vi/MRmEm0U-Tp0/maxresdefault.jpg]
[www.youtube.com/@SeaLemonDIY.html]
[www.youtube.com/embed/MRmEm0U-Tp0.html]
[i.ytimg.com/vi/MRmEm0U-Tp0/hqdefault.jpg]
[www.youtube.com/watch684c.html]
[www.youtube.com/android-app_/com.google.android.youtube/http/www.youtube.com/watchff14.html]
[www.youtube.com/ios-app_/544007664/vnd.youtube/www.youtube.com/watch.1a7dff14.delayed]
[www.youtube.com/oembedc8c9.json]
[www.youtube.com/oembed88a4]
[i.ytimg.com/vi/tz-L15OuSRM/maxresdefault.jpg]
[www.youtube.com/@RubyGranger8.html]
[www.youtube.com/embed/tz-L15OuSRM.html]
[i.ytimg.com/vi/tz-L15OuSRM/hqdefault.jpg]
[www.youtube.com/watchff14.html]
[www.youtube.com/channel/android-app_/com.google.android.youtube/http/www.youtube.com/channel/UCse4ijB3OGm6fWKxEaFvLKw.1a87.delayed]
[www.youtube.com/channel/ios-app_/544007664/vnd.youtube/www.youtube.com/channel/UCse4ijB3OGm6fWKxEaFvLKw.1a89.delayed]
[www.youtube.com/channel/UCse4ijB3OGm6fWKxEaFvLKw.html]
[www.youtube.com/android-app_/com.google.android.youtube/http/www.youtube.com/channel/UCse4ijB3OGm6fWKxEaFvLKw.html]
[www.youtube.com/ios-app_/544007664/vnd.youtube/www.youtube.com/channel/UCse4ijB3OGm6fWKxEaFvLKw.html]
[www.youtube.com/channel/android-app_/com.google.android.youtube/http/www.youtube.com/channel/UCbKWv2x9t6u8yZoB3KcPtnw.1a8d.delayed]
[www.youtube.com/channel/ios-app_/544007664/vnd.youtube/www.youtube.com/channel/UCbKWv2x9t6u8yZoB3KcPtnw.1a8f.delayed]
[www.youtube.com/channel/UCbKWv2x9t6u8yZoB3KcPtnw.html]
[www.youtube.com/android-app_/com.google.android.youtube/http/www.youtube.com/channel/UCbKWv2x9t6u8yZoB3KcPtnw.html]
[www.youtube.com/ios-app_/544007664/vnd.youtube/www.youtube.com/channel/UCbKWv2x9t6u8yZoB3KcPtnw.html]
[www.youtube.com/channel/android-app_/com.google.android.youtube/http/www.youtube.com/channel/UCEnqwW6f7bYidXHAI13hhMA.html]
[www.youtube.com/channel/ios-app_/544007664/vnd.youtube/www.youtube.com/channel/UCEnqwW6f7bYidXHAI13hhMA.html]
[www.youtube.com/channel/android-app_/com.google.android.youtube/http/www.youtube.com/channel/UC2mP7il3YV7TxM_3m6U0bwA.1a93.delayed]
[www.youtube.com/channel/ios-app_/544007664/vnd.youtube/www.youtube.com/channel/UC2mP7il3YV7TxM_3m6U0bwA.1a95.delayed]
[www.youtube.com/channel/UC2mP7il3YV7TxM_3m6U0bwA.html]
[www.youtube.com/android-app_/com.google.android.youtube/http/www.youtube.com/channel/UC2mP7il3YV7TxM_3m6U0bwA.html]
[www.youtube.com/ios-app_/544007664/vnd.youtube/www.youtube.com/channel/UC2mP7il3YV7TxM_3m6U0bwA.html]
[www.youtube.com/channel/android-app_/com.google.android.youtube/http/www.youtube.com/channel/UCmbP0Q_L9NzAQDz8voa4ZTw.1a99.delayed]
[www.youtube.com/channel/ios-app_/544007664/vnd.youtube/www.youtube.com/channel/UCmbP0Q_L9NzAQDz8voa4ZTw.1a9b.delayed]
[www.youtube.com/channel/UCmbP0Q_L9NzAQDz8voa4ZTw.html]
[www.youtube.com/android-app_/com.google.android.youtube/http/www.youtube.com/channel/UCmbP0Q_L9NzAQDz8voa4ZTw.html]
[www.youtube.com/ios-app_/544007664/vnd.youtube/www.youtube.com/channel/UCmbP0Q_L9NzAQDz8voa4ZTw.html]
[www.youtube.com/channel/android-app_/com.google.android.youtube/http/www.youtube.com/channel/UCJp3rQ2_ZeTFRDQWrTCWfHQ.1a9f.delayed]
[www.youtube.com/channel/ios-app_/544007664/vnd.youtube/www.youtube.com/channel/UCJp3rQ2_ZeTFRDQWrTCWfHQ.1aa1.delayed]
[www.youtube.com/channel/UCJp3rQ2_ZeTFRDQWrTCWfHQ.html]
[www.youtube.com/android-app_/com.google.android.youtube/http/www.youtube.com/channel/UCJp3rQ2_ZeTFRDQWrTCWfHQ.html]
[www.youtube.com/ios-app_/544007664/vnd.youtube/www.youtube.com/channel/UCJp3rQ2_ZeTFRDQWrTCWfHQ.html]
[www.youtube.com/channel/android-app_/com.google.android.youtube/http/www.youtube.com/channel/UCawEP-InoKYKutsgq_vqIXA.1aa5.delayed]
[www.youtube.com/channel/ios-app_/544007664/vnd.youtube/www.youtube.com/channel/UCawEP-InoKYKutsgq_vqIXA.1aa7.delayed]
[www.youtube.com/channel/UCawEP-InoKYKutsgq_vqIXA.html]
[www.youtube.com/android-app_/com.google.android.youtube/http/www.youtube.com/channel/UCawEP-InoKYKutsgq_vqIXA.html]
[www.youtube.com/ios-app_/544007664/vnd.youtube/www.youtube.com/channel/UCawEP-InoKYKutsgq_vqIXA.html]
[www.youtube.com/android-app_/com.google.android.youtube/http/www.youtube.com/watch13a4.html]
[www.youtube.com/ios-app_/544007664/vnd.youtube/www.youtube.com/watch13a4.html]
[i.ytimg.com/vi/NO7Lsp5o1LA/hqdefault.jpg]
[www.youtube.com/android-app_/com.google.android.youtube/http/www.youtube.com/watch43b9.html]
[www.youtube.com/ios-app_/544007664/vnd.youtube/www.youtube.com/watch.1aae43b9.delayed]
[www.youtube.com/oembedcf3c.json]
[www.youtube.com/oembede6e9]
[i.ytimg.com/vi/knHejfHJKtc/maxresdefault.jpg]
[www.youtube.com/@tenpers.html]
[www.youtube.com/embed/knHejfHJKtc.html]
[i.ytimg.com/vi/knHejfHJKtc/hqdefault.jpg]
[www.youtube.com/watch43b9.html]
[www.youtube.com/channel/android-app_/com.google.android.youtube/http/www.youtube.com/channel/UC-J69_lkam--1V2wDU3aggg.html]
[www.youtube.com/channel/ios-app_/544007664/vnd.youtube/www.youtube.com/channel/UC-J69_lkam--1V2wDU3aggg.html]
[www.youtube.com/android-app_/com.google.android.youtube/http/www.youtube.com/watchedc2.html]
[www.youtube.com/ios-app_/544007664/vnd.youtube/www.youtube.com/watchedc2.html]
[www.youtube.com/android-app_/com.google.android.youtube/http/www.youtube.com/channel/UC-J69_lkam--1V2wDU3aggg.html]
[www.youtube.com/ios-app_/544007664/vnd.youtube/www.youtube.com/channel/UC-J69_lkam--1V2wDU3aggg.1abb.delayed]
[www.youtube.com/@theASMRnerd.html]
[www.youtube.com/embed/HlBJbKHeU00.html]
[www.youtube.com/channel/android-app_/com.google.android.youtube/http/www.youtube.com/channel/UC_L5DaslvV0_wn_3_OEBCeA.1abe.delayed]
[www.youtube.com/channel/ios-app_/544007664/vnd.youtube/www.youtube.com/channel/UC_L5DaslvV0_wn_3_OEBCeA.1ac0.delayed]
[www.youtube.com/channel/UC_L5DaslvV0_wn_3_OEBCeA.html]
[www.youtube.com/c/android-app_/com.google.android.youtube/http/www.youtube.com/channel/UC_L5DaslvV0_wn_3_OEBCeA.html]
[www.youtube.com/c/ios-app_/544007664/vnd.youtube/www.youtube.com/channel/UC_L5DaslvV0_wn_3_OEBCeA.html]
[www.youtube.com/android-app_/com.google.android.youtube/http/youtube.comhttp_/www.youtube.com/playliste572.html]
[www.youtube.com/ios-app_/544007664/http/youtube.comhttp_/www.youtube.com/playliste572.html]
[www.youtube.com/channel/android-app_/com.google.android.youtube/http/www.youtube.com/channel/UCzF0i37bQNFYwzSh3GVsTkA.html]
[www.youtube.com/channel/ios-app_/544007664/vnd.youtube/www.youtube.com/channel/UCzF0i37bQNFYwzSh3GVsTkA.html]
[www.youtube.com/channel/android-app_/com.google.android.youtube/http/www.youtube.com/channel/UC_mzz_JnzArhhpGUy8KdGwg.1ac5.delayed]
[www.youtube.com/channel/ios-app_/544007664/vnd.youtube/www.youtube.com/channel/UC_mzz_JnzArhhpGUy8KdGwg.1ac7.delayed]
[www.youtube.com/channel/UC_mzz_JnzArhhpGUy8KdGwg.html]
[www.youtube.com/c/watchedwalker/android-app_/com.google.android.youtube/http/www.youtube.com/channel/android-app_/com.google.android.youtube/http/www.youtube.com/channel/UC_mzz_JnzArhhpGUy8KdGwg.html]
[www.youtube.com/c/watchedwalker/android-app_/com.google.android.youtube/http/www.youtube.com/channel/UC_mzz_JnzArhhpGUy8KdGwg.html]
[www.youtube.com/c/watchedwalker/android-app_/com.google.android.youtube/http/www.youtube.com/channel/ios-app_/544007664/vnd.youtube/www.youtube.com/channel/UC_mzz_JnzArhhpGUy8KdGwg.html]
[www.youtube.com/c/watchedwalker/ios-app_/544007664/vnd.youtube/www.youtube.com/channel/android-app_/com.google.android.youtube/http/www.youtube.com/channel/UC_mzz_JnzArhhpGUy8KdGwg.html]
[www.youtube.com/c/watchedwalker/ios-app_/544007664/vnd.youtube/www.youtube.com/channel/UC_mzz_JnzArhhpGUy8KdGwg.html]
[www.youtube.com/c/watchedwalker/ios-app_/544007664/vnd.youtube/www.youtube.com/channel/ios-app_/544007664/vnd.youtube/www.youtube.com/channel/UC_mzz_JnzArhhpGUy8KdGwg.html]
[www.youtube.com/android-app_/com.google.android.youtube/http/www.youtube.com/watch53e8.html]
[www.youtube.com/ios-app_/544007664/vnd.youtube/www.youtube.com/watch.1ad653e8.delayed]
[www.youtube.com/oembedaaa6.json]
[www.youtube.com/oembed96f8]
[i.ytimg.com/vi/b5awNWktScQ/maxresdefault.jpg]
[www.youtube.com/@InfiniteDrift.html]
[www.youtube.com/embed/b5awNWktScQ.html]
[i.ytimg.com/vi/b5awNWktScQ/hqdefault.jpg]
[www.youtube.com/watch53e8.html]
[www.youtube.com/channel/android-app_/com.google.android.youtube/http/www.youtube.com/channel/UCbLDBxam7cqSM3aO5-NxDGg.1ae0.delayed]
[www.youtube.com/channel/ios-app_/544007664/vnd.youtube/www.youtube.com/channel/UCbLDBxam7cqSM3aO5-NxDGg.1ae2.delayed]
[www.youtube.com/channel/UCbLDBxam7cqSM3aO5-NxDGg.html]
[www.youtube.com/c/KelpieTheFox/android-app_/com.google.android.youtube/http/www.youtube.com/channel/android-app_/com.google.android.youtube/http/www.youtube.com/channel/UCbLDBxam7cqSM3aO5-NxDGg.html]
[www.youtube.com/c/KelpieTheFox/android-app_/com.google.android.youtube/http/www.youtube.com/channel/UCbLDBxam7cqSM3aO5-NxDGg.html]
[www.youtube.com/c/KelpieTheFox/android-app_/com.google.android.youtube/http/www.youtube.com/channel/ios-app_/544007664/vnd.youtube/www.youtube.com/channel/UCbLDBxam7cqSM3aO5-NxDGg.html]
[www.youtube.com/c/KelpieTheFox/ios-app_/544007664/vnd.youtube/www.youtube.com/channel/android-app_/com.google.android.youtube/http/www.youtube.com/channel/UCbLDBxam7cqSM3aO5-NxDGg.html]
[www.youtube.com/c/KelpieTheFox/ios-app_/544007664/vnd.youtube/www.youtube.com/channel/UCbLDBxam7cqSM3aO5-NxDGg.html]
[www.youtube.com/c/KelpieTheFox/ios-app_/544007664/vnd.youtube/www.youtube.com/channel/ios-app_/544007664/vnd.youtube/www.youtube.com/channel/UCbLDBxam7cqSM3aO5-NxDGg.html]
[www.youtube.com/android-app_/com.google.android.youtube/http/www.youtube.com/watchf778.html]
[www.youtube.com/ios-app_/544007664/vnd.youtube/www.youtube.com/watch.1af1f778.delayed]
[www.youtube.com/watchf778.html]
[www.youtube.com/android-app_/com.google.android.youtube/http/www.youtube.com/watch4619.html]
[www.youtube.com/ios-app_/544007664/vnd.youtube/www.youtube.com/watch4619.html]
[www.youtube.com/android-app_/com.google.android.youtube/http/www.youtube.com/channel/UCbLDBxam7cqSM3aO5-NxDGg.html]
[www.youtube.com/ios-app_/544007664/vnd.youtube/www.youtube.com/channel/UCbLDBxam7cqSM3aO5-NxDGg.1af7.delayed]
[www.youtube.com/@KelpieTheFox.html]
[www.youtube.com/embed/dI-DJdBTseI.html]
[www.youtube.com/android-app_/com.google.android.youtube/http/www.youtube.com/watchd7bd.html]
[www.youtube.com/ios-app_/544007664/vnd.youtube/www.youtube.com/watchd7bd.html]
[www.youtube.com/channel/UCSC8Ns06xEMRC3uNmiwnqBQ.html]
[www.youtube.com/feeds/videosa715.xml]
[www.youtube.com/android-app_/com.google.android.youtube/http/www.youtube.com/channel/UCSC8Ns06xEMRC3uNmiwnqBQ.html]
[www.youtube.com/ios-app_/544007664/vnd.youtube/www.youtube.com/channel/UCSC8Ns06xEMRC3uNmiwnqBQ.1aff.delayed]
[www.youtube.com/@Typface.html]
[www.youtube.com/embed/mbJHsQ7Q6ok.html]
[www.youtube.com/channel/android-app_/com.google.android.youtube/http/www.youtube.com/channel/UC4UNqGYuB2q49GzGD_CBIVQ.1b02.delayed]
[www.youtube.com/channel/ios-app_/544007664/vnd.youtube/www.youtube.com/channel/UC4UNqGYuB2q49GzGD_CBIVQ.1b04.delayed]
[www.youtube.com/channel/UC4UNqGYuB2q49GzGD_CBIVQ.html]
[www.youtube.com/c/TrixyBlox/android-app_/com.google.android.youtube/http/www.youtube.com/channel/android-app_/com.google.android.youtube/http/www.youtube.com/channel/UC4UNqGYuB2q49GzGD_CBIVQ.html]
[www.youtube.com/c/TrixyBlox/android-app_/com.google.android.youtube/http/www.youtube.com/channel/UC4UNqGYuB2q49GzGD_CBIVQ.html]
[www.youtube.com/c/TrixyBlox/android-app_/com.google.android.youtube/http/www.youtube.com/channel/ios-app_/544007664/vnd.youtube/www.youtube.com/channel/UC4UNqGYuB2q49GzGD_CBIVQ.html]
[www.youtube.com/c/TrixyBlox/ios-app_/544007664/vnd.youtube/www.youtube.com/channel/android-app_/com.google.android.youtube/http/www.youtube.com/channel/UC4UNqGYuB2q49GzGD_CBIVQ.html]
[www.youtube.com/c/TrixyBlox/ios-app_/544007664/vnd.youtube/www.youtube.com/channel/UC4UNqGYuB2q49GzGD_CBIVQ.html]
[www.youtube.com/c/TrixyBlox/ios-app_/544007664/vnd.youtube/www.youtube.com/channel/ios-app_/544007664/vnd.youtube/www.youtube.com/channel/UC4UNqGYuB2q49GzGD_CBIVQ.html]
[www.youtube.com/android-app_/com.google.android.youtube/http/www.youtube.com/watchdd1c.html]
[www.youtube.com/ios-app_/544007664/vnd.youtube/www.youtube.com/watch.1b13dd1c.delayed]
[www.youtube.com/oembed6747.json]
[www.youtube.com/oembedd656]
[i.ytimg.com/vi/VmFwf6CXbdc/maxresdefault.jpg]
[www.youtube.com/@TrixyBlox.html]
[www.youtube.com/embed/VmFwf6CXbdc.html]
[i.ytimg.com/vi/VmFwf6CXbdc/hqdefault.jpg]
[www.youtube.com/watchdd1c.html]
[www.youtube.com/channel/android-app_/com.google.android.youtube/http/www.youtube.com/channel/UCSVSAF79XotyQpB6rArTCmQ.html]
[www.youtube.com/channel/ios-app_/544007664/vnd.youtube/www.youtube.com/channel/UCSVSAF79XotyQpB6rArTCmQ.html]
[www.youtube.com/channel/UCSVSAF79XotyQpB6rArTCmQ/android-app_/com.google.android.youtube/http/www.youtube.com/channel/android-app_/com.google.android.youtube/http/www.youtube.com/channel/UCSVSAF79XotyQpB6rArTCmQ.10]
[www.youtube.com/channel/UCSVSAF79XotyQpB6rArTCmQ/android-app_/com.google.android.youtube/http/www.youtube.com/channel/ios-app_/544007664/vnd.youtube/www.youtube.com/channel/UCSVSAF79XotyQpB6rArTCmQ.html]
[www.youtube.com/channel/UCSVSAF79XotyQpB6rArTCmQ/ios-app_/544007664/vnd.youtube/www.youtube.com/channel/android-app_/com.google.android.youtube/http/www.youtube.com/channel/UCSVSAF79XotyQpB6rArTCmQ.html]
[www.youtube.com/channel/UCSVSAF79XotyQpB6rArTCmQ/ios-app_/544007664/vnd.youtube/www.youtube.com/channel/ios-app_/544007664/vnd.youtube/www.youtube.com/channel/UCSVSAF79XotyQpB6rArTCmQ.html]
[www.youtube.com/channel/android-app_/com.google.android.youtube/http/www.youtube.com/channel/UC_uzIqtjA45jmKjQXDjTNQQ.1b26.delayed]
[www.youtube.com/channel/ios-app_/544007664/vnd.youtube/www.youtube.com/channel/UC_uzIqtjA45jmKjQXDjTNQQ.1b28.delayed]
[www.youtube.com/channel/UC_uzIqtjA45jmKjQXDjTNQQ.html]
[www.youtube.com/android-app_/com.google.android.youtube/http/www.youtube.com/channel/UC_uzIqtjA45jmKjQXDjTNQQ.html]
[www.youtube.com/ios-app_/544007664/vnd.youtube/www.youtube.com/channel/UC_uzIqtjA45jmKjQXDjTNQQ.html]
[www.youtube.com/channel/android-app_/com.google.android.youtube/http/www.youtube.com/channel/UCpZ_DI-ZugwMzXcqccaTVsg.1b2c.delayed]
[www.youtube.com/channel/ios-app_/544007664/vnd.youtube/www.youtube.com/channel/UCpZ_DI-ZugwMzXcqccaTVsg.1b2e.delayed]
[www.youtube.com/channel/UCpZ_DI-ZugwMzXcqccaTVsg.html]
[www.youtube.com/android-app_/com.google.android.youtube/http/www.youtube.com/channel/UCpZ_DI-ZugwMzXcqccaTVsg.html]
[www.youtube.com/ios-app_/544007664/vnd.youtube/www.youtube.com/channel/UCpZ_DI-ZugwMzXcqccaTVsg.html]
[www.youtube.com/channel/android-app_/com.google.android.youtube/http/www.youtube.com/channel/UCPo70pynefJ90wBqCEryZWg.html]
[www.youtube.com/channel/ios-app_/544007664/vnd.youtube/www.youtube.com/channel/UCPo70pynefJ90wBqCEryZWg.html]
[www.youtube.com/channel/UCPo70pynefJ90wBqCEryZWg/android-app_/com.google.android.youtube/http/www.youtube.com/channel/android-app_/com.google.android.youtube/http/www.youtube.com/channel/UCPo70pynefJ90wBqCEryZWg.10]
[www.youtube.com/channel/UCPo70pynefJ90wBqCEryZWg/android-app_/com.google.android.youtube/http/www.youtube.com/channel/ios-app_/544007664/vnd.youtube/www.youtube.com/channel/UCPo70pynefJ90wBqCEryZWg.html]
[www.youtube.com/channel/UCPo70pynefJ90wBqCEryZWg/ios-app_/544007664/vnd.youtube/www.youtube.com/channel/android-app_/com.google.android.youtube/http/www.youtube.com/channel/UCPo70pynefJ90wBqCEryZWg.html]
[www.youtube.com/channel/UCPo70pynefJ90wBqCEryZWg/ios-app_/544007664/vnd.youtube/www.youtube.com/channel/ios-app_/544007664/vnd.youtube/www.youtube.com/channel/UCPo70pynefJ90wBqCEryZWg.html]
[www.youtube.com/android-app_/com.google.android.youtube/http/www.youtube.com/channel/UCyG7zAV_2JlPnxhwDxZN6sA.html]
[www.youtube.com/ios-app_/544007664/vnd.youtube/www.youtube.com/channel/UCyG7zAV_2JlPnxhwDxZN6sA.html]
[www.youtube.com/android-app_/com.google.android.youtube/http/www.youtube.com/channel/UCPo70pynefJ90wBqCEryZWg.html]
[www.youtube.com/ios-app_/544007664/vnd.youtube/www.youtube.com/channel/UCPo70pynefJ90wBqCEryZWg.html]
[www.youtube.com/android-app_/com.google.android.youtube/http/www.youtube.com/channel/UCsr86khxLo3PUkMKDtvZDyw.html]
[www.youtube.com/ios-app_/544007664/vnd.youtube/www.youtube.com/channel/UCsr86khxLo3PUkMKDtvZDyw.html]
[www.youtube.com/channel/android-app_/com.google.android.youtube/http/www.youtube.com/channel/UCFvDpIL1n2fbfG7Be_FZQnw.1b3e.delayed]
[www.youtube.com/channel/ios-app_/544007664/vnd.youtube/www.youtube.com/channel/UCFvDpIL1n2fbfG7Be_FZQnw.1b40.delayed]
[www.youtube.com/channel/UCFvDpIL1n2fbfG7Be_FZQnw.html]
[www.youtube.com/android-app_/com.google.android.youtube/http/www.youtube.com/channel/UCFvDpIL1n2fbfG7Be_FZQnw.html]
[www.youtube.com/ios-app_/544007664/vnd.youtube/www.youtube.com/channel/UCFvDpIL1n2fbfG7Be_FZQnw.html]
[www.youtube.com/android-app_/com.google.android.youtube/http/www.youtube.com/watch100a.html]
[www.youtube.com/ios-app_/544007664/vnd.youtube/www.youtube.com/watch.1b46100a.delayed]
[www.youtube.com/watch100a.html]
[www.youtube.com/android-app_/com.google.android.youtube/http/www.youtube.com/watch393b.html]
[www.youtube.com/ios-app_/544007664/vnd.youtube/www.youtube.com/watch393b.html]
[www.youtube.com/embed/UeCjSEIvOgs.html]
[www.youtube.com/channel/UCqowvQUm5Q81jv_ronx891w.html]
[www.youtube.com/feeds/videos8954.xml]
[www.youtube.com/android-app_/com.google.android.youtube/http/www.youtube.com/channel/UCqowvQUm5Q81jv_ronx891w.html]
[www.youtube.com/ios-app_/544007664/vnd.youtube/www.youtube.com/channel/UCqowvQUm5Q81jv_ronx891w.1b4f.delayed]
[www.youtube.com/@doktormorris.html]
[www.youtube.com/embed/UeCjSEIvOgsda76.html]
[www.youtube.com/android-app_/com.google.android.youtube/http/www.youtube.com/watch09a6.html]
[www.youtube.com/ios-app_/544007664/vnd.youtube/www.youtube.com/watch09a6.html]
[www.youtube.com/feeds/videos1d2b.xml]
[www.youtube.com/channel/UCl_vAxZpvbO-PFXdDu7EdHw.html]
[www.youtube.com/android-app_/com.google.android.youtube/http/www.youtube.com/channel/UCl_vAxZpvbO-PFXdDu7EdHw.html]
[www.youtube.com/ios-app_/544007664/vnd.youtube/www.youtube.com/channel/UCl_vAxZpvbO-PFXdDu7EdHw.1b57.delayed]
[www.youtube.com/@UjjwalGamer.html]
[www.youtube.com/embed/m-euVtIiUQQ.html]
[www.youtube.com/android-app_/com.google.android.youtube/http/www.youtube.com/watch68df.html]
[www.youtube.com/ios-app_/544007664/vnd.youtube/www.youtube.com/watch68df.html]
[www.youtube.com/feeds/videos9907.xml]
[www.youtube.com/channel/UCIXguhHCl8eDTkXpEuiGPUA.html]
[www.youtube.com/android-app_/com.google.android.youtube/http/www.youtube.com/channel/UCIXguhHCl8eDTkXpEuiGPUA.html]
[www.youtube.com/ios-app_/544007664/vnd.youtube/www.youtube.com/channel/UCIXguhHCl8eDTkXpEuiGPUA.1b5f.delayed]
[www.youtube.com/@Jazzghost.html]
[www.youtube.com/embed/MRHIS8OcqcE.html]
[www.youtube.com/android-app_/com.google.android.youtube/http/www.youtube.com/watchc194.html]
[www.youtube.com/ios-app_/544007664/vnd.youtube/www.youtube.com/watchc194.html]
[www.youtube.com/channel/UCG8eSYvOQUpb9HM8zU5d6xg.html]
[www.youtube.com/feeds/videos56a8.xml]
[www.youtube.com/android-app_/com.google.android.youtube/http/www.youtube.com/channel/UCG8eSYvOQUpb9HM8zU5d6xg.html]
[www.youtube.com/ios-app_/544007664/vnd.youtube/www.youtube.com/channel/UCG8eSYvOQUpb9HM8zU5d6xg.1b67.delayed]
[www.youtube.com/@RobleisIUTU.html]
[www.youtube.com/embed/GQtXy0vsLE8.html]
[www.youtube.com/channel/android-app_/com.google.android.youtube/http/www.youtube.com/channel/UC_4LUzR9oHGDLViL3V43vIQ.1b6a.delayed]
[www.youtube.com/channel/ios-app_/544007664/vnd.youtube/www.youtube.com/channel/UC_4LUzR9oHGDLViL3V43vIQ.1b6c.delayed]
[www.youtube.com/channel/UC_4LUzR9oHGDLViL3V43vIQ.html]
[www.youtube.com/c/android-app_/com.google.android.youtube/http/www.youtube.com/channel/UC_4LUzR9oHGDLViL3V43vIQ.html]
[www.youtube.com/c/ios-app_/544007664/vnd.youtube/www.youtube.com/channel/UC_4LUzR9oHGDLViL3V43vIQ.html]
[www.youtube.com/channel/android-app_/com.google.android.youtube/http/www.youtube.com/channel/UCU3JjZIPax0rTWYXAKF6sig.1b70.delayed]
[www.youtube.com/channel/ios-app_/544007664/vnd.youtube/www.youtube.com/channel/UCU3JjZIPax0rTWYXAKF6sig.1b72.delayed]
[www.youtube.com/channel/UCU3JjZIPax0rTWYXAKF6sig.html]
[www.youtube.com/c/android-app_/com.google.android.youtube/http/www.youtube.com/channel/UCU3JjZIPax0rTWYXAKF6sig.html]
[www.youtube.com/c/ios-app_/544007664/vnd.youtube/www.youtube.com/channel/UCU3JjZIPax0rTWYXAKF6sig.html]
[www.youtube.com/channel/android-app_/com.google.android.youtube/http/www.youtube.com/channel/UCcn0BFXHCtkqJl8CAPDj9og.1b76.delayed]
[www.youtube.com/channel/ios-app_/544007664/vnd.youtube/www.youtube.com/channel/UCcn0BFXHCtkqJl8CAPDj9og.1b78.delayed]
[www.youtube.com/channel/UCcn0BFXHCtkqJl8CAPDj9og.html]
[www.youtube.com/c/android-app_/com.google.android.youtube/http/www.youtube.com/channel/UCcn0BFXHCtkqJl8CAPDj9og.html]
[www.youtube.com/c/ios-app_/544007664/vnd.youtube/www.youtube.com/channel/UCcn0BFXHCtkqJl8CAPDj9og.html]
[www.youtube.com/channel/android-app_/com.google.android.youtube/http/www.youtube.com/channel/UCfD7mIlH_bZQq383HXUE-kw.1b7c.delayed]
[www.youtube.com/channel/ios-app_/544007664/vnd.youtube/www.youtube.com/channel/UCfD7mIlH_bZQq383HXUE-kw.1b7e.delayed]
[www.youtube.com/channel/UCfD7mIlH_bZQq383HXUE-kw.html]
[www.youtube.com/c/android-app_/com.google.android.youtube/http/www.youtube.com/channel/UCfD7mIlH_bZQq383HXUE-kw.html]
[www.youtube.com/c/ios-app_/544007664/vnd.youtube/www.youtube.com/channel/UCfD7mIlH_bZQq383HXUE-kw.html]
[www.youtube.com/channel/android-app_/com.google.android.youtube/http/www.youtube.com/channel/UC7bEKSgQraTJ0USfATkZ-Hw.html]
[www.youtube.com/channel/ios-app_/544007664/vnd.youtube/www.youtube.com/channel/UC7bEKSgQraTJ0USfATkZ-Hw.html]
[www.youtube.com/channel/android-app_/com.google.android.youtube/http/www.youtube.com/channel/UCDPXhAkSq_JjVdFUU60A-1A.1b82.delayed]
[www.youtube.com/channel/ios-app_/544007664/vnd.youtube/www.youtube.com/channel/UCDPXhAkSq_JjVdFUU60A-1A.1b84.delayed]
[www.youtube.com/channel/UCDPXhAkSq_JjVdFUU60A-1A.html]
[www.youtube.com/c/android-app_/com.google.android.youtube/http/www.youtube.com/channel/UCDPXhAkSq_JjVdFUU60A-1A.html]
[www.youtube.com/c/ios-app_/544007664/vnd.youtube/www.youtube.com/channel/UCDPXhAkSq_JjVdFUU60A-1A.html]
[www.youtube.com/channel/android-app_/com.google.android.youtube/http/www.youtube.com/channel/UCKizsKkBBjuEoY_fgRx-4QQ.html]
[www.youtube.com/channel/ios-app_/544007664/vnd.youtube/www.youtube.com/channel/UCKizsKkBBjuEoY_fgRx-4QQ.html]
[www.youtube.com/channel/android-app_/com.google.android.youtube/http/www.youtube.com/channel/UCG0HA4uyuuzPzeq_US_ywVg.html]
[www.youtube.com/channel/ios-app_/544007664/vnd.youtube/www.youtube.com/channel/UCG0HA4uyuuzPzeq_US_ywVg.html]
[www.youtube.com/channel/android-app_/com.google.android.youtube/http/www.youtube.com/channel/UCFGhmTw1Eve6MF31RkRXswA.html]
[www.youtube.com/channel/ios-app_/544007664/vnd.youtube/www.youtube.com/channel/UCFGhmTw1Eve6MF31RkRXswA.html]
[www.youtube.com/channel/android-app_/com.google.android.youtube/http/www.youtube.com/channel/UC2XbMXD6jSrixkpgs7vHFUA.html]
[www.youtube.com/channel/ios-app_/544007664/vnd.youtube/www.youtube.com/channel/UC2XbMXD6jSrixkpgs7vHFUA.html]
[www.youtube.com/channel/android-app_/com.google.android.youtube/http/www.youtube.com/channel/UC-tJ52OfXxNyZJhj-dGqMYQ.1b88.delayed]
[www.youtube.com/channel/ios-app_/544007664/vnd.youtube/www.youtube.com/channel/UC-tJ52OfXxNyZJhj-dGqMYQ.1b8a.delayed]
[www.youtube.com/channel/UC-tJ52OfXxNyZJhj-dGqMYQ.html]
[www.youtube.com/c/android-app_/com.google.android.youtube/http/www.youtube.com/channel/UC-tJ52OfXxNyZJhj-dGqMYQ.html]
[www.youtube.com/c/ios-app_/544007664/vnd.youtube/www.youtube.com/channel/UC-tJ52OfXxNyZJhj-dGqMYQ.html]
[www.youtube.com/channel/android-app_/com.google.android.youtube/http/www.youtube.com/channel/UCX4N3DioqqrugFeilxTkSIw.html]
[www.youtube.com/channel/ios-app_/544007664/vnd.youtube/www.youtube.com/channel/UCX4N3DioqqrugFeilxTkSIw.html]
[www.youtube.com/channel/android-app_/com.google.android.youtube/http/www.youtube.com/channel/UCyRkr5_TJ8SUvyjN9j5c7yw.1b8e.delayed]
[www.youtube.com/channel/ios-app_/544007664/vnd.youtube/www.youtube.com/channel/UCyRkr5_TJ8SUvyjN9j5c7yw.1b90.delayed]
[www.youtube.com/channel/UCyRkr5_TJ8SUvyjN9j5c7yw.html]
[www.youtube.com/c/android-app_/com.google.android.youtube/http/www.youtube.com/channel/UCyRkr5_TJ8SUvyjN9j5c7yw.html]
[www.youtube.com/c/ios-app_/544007664/vnd.youtube/www.youtube.com/channel/UCyRkr5_TJ8SUvyjN9j5c7yw.html]
[www.youtube.com/android-app_/com.google.android.youtube/http/www.youtube.com/watch6089.html]
[www.youtube.com/ios-app_/544007664/vnd.youtube/www.youtube.com/watch6089.html]
[www.youtube.com/android-app_/com.google.android.youtube/http/www.youtube.com/channel/UC-tJ52OfXxNyZJhj-dGqMYQ.html]
[www.youtube.com/ios-app_/544007664/vnd.youtube/www.youtube.com/channel/UC-tJ52OfXxNyZJhj-dGqMYQ.1b97.delayed]
[www.youtube.com/@channymc.html]
[www.youtube.com/embed/f4pzVaL63JU.html]
[www.youtube.com/channel/android-app_/com.google.android.youtube/http/www.youtube.com/channel/UCvFZqf1gW_XSCZyTku15LSA.1b9a.delayed]
[www.youtube.com/channel/ios-app_/544007664/vnd.youtube/www.youtube.com/channel/UCvFZqf1gW_XSCZyTku15LSA.1b9c.delayed]
[www.youtube.com/channel/UCvFZqf1gW_XSCZyTku15LSA.html]
[www.youtube.com/c/ZloYxpAvi/android-app_/com.google.android.youtube/http/www.youtube.com/channel/android-app_/com.google.android.youtube/http/www.youtube.com/channel/UCvFZqf1gW_XSCZyTku15LSA.html]
[www.youtube.com/c/ZloYxpAvi/android-app_/com.google.android.youtube/http/www.youtube.com/channel/UCvFZqf1gW_XSCZyTku15LSA.html]
[www.youtube.com/c/ZloYxpAvi/android-app_/com.google.android.youtube/http/www.youtube.com/channel/ios-app_/544007664/vnd.youtube/www.youtube.com/channel/UCvFZqf1gW_XSCZyTku15LSA.html]
[www.youtube.com/c/ZloYxpAvi/ios-app_/544007664/vnd.youtube/www.youtube.com/channel/android-app_/com.google.android.youtube/http/www.youtube.com/channel/UCvFZqf1gW_XSCZyTku15LSA.html]
[www.youtube.com/c/ZloYxpAvi/ios-app_/544007664/vnd.youtube/www.youtube.com/channel/UCvFZqf1gW_XSCZyTku15LSA.html]
[www.youtube.com/c/ZloYxpAvi/ios-app_/544007664/vnd.youtube/www.youtube.com/channel/ios-app_/544007664/vnd.youtube/www.youtube.com/channel/UCvFZqf1gW_XSCZyTku15LSA.html]
[www.youtube.com/channel/android-app_/com.google.android.youtube/http/www.youtube.com/channel/UC7_YxT-KID8kRbqZo7MyscQ.1ba9.delayed]
[www.youtube.com/channel/ios-app_/544007664/vnd.youtube/www.youtube.com/channel/UC7_YxT-KID8kRbqZo7MyscQ.1bab.delayed]
[www.youtube.com/channel/UC7_YxT-KID8kRbqZo7MyscQ.html]
[www.youtube.com/c/android-app_/com.google.android.youtube/http/www.youtube.com/channel/UC7_YxT-KID8kRbqZo7MyscQ.html]
[www.youtube.com/c/ios-app_/544007664/vnd.youtube/www.youtube.com/channel/UC7_YxT-KID8kRbqZo7MyscQ.html]
[www.youtube.com/android-app_/com.google.android.youtube/http/www.youtube.com/watch8355.html]
[www.youtube.com/ios-app_/544007664/vnd.youtube/www.youtube.com/watch8355.html]
[www.youtube.com/channel/UCRz8GNrMnibGz2HDrcxjEhw.html]
[www.youtube.com/feeds/videosc1e4.xml]
[www.youtube.com/android-app_/com.google.android.youtube/http/www.youtube.com/channel/UCRz8GNrMnibGz2HDrcxjEhw.html]
[www.youtube.com/ios-app_/544007664/vnd.youtube/www.youtube.com/channel/UCRz8GNrMnibGz2HDrcxjEhw.1bb4.delayed]
[www.youtube.com/@ZloYxpMP4.html]
[www.youtube.com/embed/P444XBdoUt0.html]
[www.youtube.com/channel/android-app_/com.google.android.youtube/http/www.youtube.com/channel/UCMQOumrt3C7fFRT8oBc436Q.1bb7.delayed]
[www.youtube.com/channel/ios-app_/544007664/vnd.youtube/www.youtube.com/channel/UCMQOumrt3C7fFRT8oBc436Q.1bb9.delayed]
[www.youtube.com/channel/UCMQOumrt3C7fFRT8oBc436Q.html]
[www.youtube.com/c/android-app_/com.google.android.youtube/http/www.youtube.com/channel/UCMQOumrt3C7fFRT8oBc436Q.html]
[www.youtube.com/c/ios-app_/544007664/vnd.youtube/www.youtube.com/channel/UCMQOumrt3C7fFRT8oBc436Q.html]
[www.youtube.com/channel/android-app_/com.google.android.youtube/http/www.youtube.com/channel/UCvnNkJsbONVhdXuHY_LpsdA.html]
[www.youtube.com/channel/ios-app_/544007664/vnd.youtube/www.youtube.com/channel/UCvnNkJsbONVhdXuHY_LpsdA.html]
[www.youtube.com/channel/android-app_/com.google.android.youtube/http/www.youtube.com/channel/UCAxBpbVbSXT2wsCwZfrIIVg.1bbd.delayed]
[www.youtube.com/channel/ios-app_/544007664/vnd.youtube/www.youtube.com/channel/UCAxBpbVbSXT2wsCwZfrIIVg.1bbf.delayed]
[www.youtube.com/channel/UCAxBpbVbSXT2wsCwZfrIIVg.html]
[www.youtube.com/android-app_/com.google.android.youtube/http/www.youtube.com/channel/UCAxBpbVbSXT2wsCwZfrIIVg.html]
[www.youtube.com/ios-app_/544007664/vnd.youtube/www.youtube.com/channel/UCAxBpbVbSXT2wsCwZfrIIVg.html]
[www.youtube.com/c/Ihascupquakeplus/android-app_/com.google.android.youtube/http/www.youtube.com/channel/android-app_/com.google.android.youtube/http/www.youtube.com/channel/UCqg2eLFNUu3QN3dttNeOWkw.html]
[www.youtube.com/c/Ihascupquakeplus/android-app_/com.google.android.youtube/http/www.youtube.com/channel/UCqg2eLFNUu3QN3dttNeOWkw.html]
[www.youtube.com/c/Ihascupquakeplus/android-app_/com.google.android.youtube/http/www.youtube.com/channel/ios-app_/544007664/vnd.youtube/www.youtube.com/channel/UCqg2eLFNUu3QN3dttNeOWkw.html]
[www.youtube.com/c/Ihascupquakeplus/ios-app_/544007664/vnd.youtube/www.youtube.com/channel/android-app_/com.google.android.youtube/http/www.youtube.com/channel/UCqg2eLFNUu3QN3dttNeOWkw.html]
[www.youtube.com/c/Ihascupquakeplus/ios-app_/544007664/vnd.youtube/www.youtube.com/channel/UCqg2eLFNUu3QN3dttNeOWkw.html]
[www.youtube.com/android-app_/com.google.android.youtube/http/www.youtube.com/watch6593.html]
[www.youtube.com/ios-app_/544007664/vnd.youtube/www.youtube.com/watch6593.html]
[www.youtube.com/android-app_/com.google.android.youtube/http/www.youtube.com/channel/UCqg2eLFNUu3QN3dttNeOWkw.html]
[www.youtube.com/c/Ihascupquakeplus/ios-app_/544007664/vnd.youtube/www.youtube.com/channel/ios-app_/544007664/vnd.youtube/www.youtube.com/channel/UCqg2eLFNUu3QN3dttNeOWkw.html]
[www.youtube.com/ios-app_/544007664/vnd.youtube/www.youtube.com/channel/UCqg2eLFNUu3QN3dttNeOWkw.1bd0.delayed]
[www.youtube.com/@iHasCupquake.html]
[www.youtube.com/embed/H5XFmJuL7u4.html]
[www.youtube.com/channel/android-app_/com.google.android.youtube/http/www.youtube.com/channel/UC-oleeXG4SNe7yv91Q7s64g.html]
[www.youtube.com/channel/ios-app_/544007664/vnd.youtube/www.youtube.com/channel/UC-oleeXG4SNe7yv91Q7s64g.html]
[www.youtube.com/android-app_/com.google.android.youtube/http/www.youtube.com/watch367a.html]
[www.youtube.com/ios-app_/544007664/vnd.youtube/www.youtube.com/watch367a.html]
[www.youtube.com/android-app_/com.google.android.youtube/http/www.youtube.com/channel/UC-oleeXG4SNe7yv91Q7s64g.html]
[www.youtube.com/ios-app_/544007664/vnd.youtube/www.youtube.com/channel/UC-oleeXG4SNe7yv91Q7s64g.1bd6.delayed]
[www.youtube.com/@MinecraftChick.html]
[www.youtube.com/embed/OcprEG4vTV0.html]
[www.youtube.com/channel/android-app_/com.google.android.youtube/http/www.youtube.com/channel/UCqg2eLFNUu3QN3dttNeOWkw.html]
[www.youtube.com/channel/ios-app_/544007664/vnd.youtube/www.youtube.com/channel/UCqg2eLFNUu3QN3dttNeOWkw.html]
[www.youtube.com/android-app_/com.google.android.youtube/http/www.youtube.com/watch31d8.html]
[www.youtube.com/ios-app_/544007664/vnd.youtube/www.youtube.com/watch31d8.html]
[www.youtube.com/embed/thA_T13Wnqo.html]
[www.youtube.com/android-app_/com.google.android.youtube/http/www.youtube.com/watch6354.html]
[www.youtube.com/ios-app_/544007664/vnd.youtube/www.youtube.com/watch6354.html]
[www.youtube.com/channel/UCPhMH41_XgMzPYZWGX2YDdQ.html]
[www.youtube.com/feeds/videos45f6.xml]
[www.youtube.com/android-app_/com.google.android.youtube/http/www.youtube.com/channel/UCPhMH41_XgMzPYZWGX2YDdQ.html]
[www.youtube.com/ios-app_/544007664/vnd.youtube/www.youtube.com/channel/UCPhMH41_XgMzPYZWGX2YDdQ.1bdf.delayed]
[www.youtube.com/@VideoGamePianist.html]
[www.youtube.com/embed/dFZki6TcY4w.html]
[www.youtube.com/channel/android-app_/com.google.android.youtube/http/www.youtube.com/channel/UCEDkO7wshcDZ7UZo17rPkzQ.html]
[www.youtube.com/channel/ios-app_/544007664/vnd.youtube/www.youtube.com/channel/UCEDkO7wshcDZ7UZo17rPkzQ.html]
[www.youtube.com/channel/android-app_/com.google.android.youtube/http/www.youtube.com/channel/UCVbVao4QtBLarbX01DX9YRg.html]
[www.youtube.com/channel/ios-app_/544007664/vnd.youtube/www.youtube.com/channel/UCVbVao4QtBLarbX01DX9YRg.html]
[www.youtube.com/channel/android-app_/com.google.android.youtube/http/www.youtube.com/channel/UC_iWTl1xK3DpGHuvppbHh9w.html]
[www.youtube.com/channel/ios-app_/544007664/vnd.youtube/www.youtube.com/channel/UC_iWTl1xK3DpGHuvppbHh9w.html]
[www.youtube.com/channel/android-app_/com.google.android.youtube/http/www.youtube.com/channel/UC-cnbLlplnXA4oc7rR21qzg.html]
[www.youtube.com/channel/ios-app_/544007664/vnd.youtube/www.youtube.com/channel/UC-cnbLlplnXA4oc7rR21qzg.html]
[www.youtube.com/channel/android-app_/com.google.android.youtube/http/www.youtube.com/channel/UC28AnQ61wEXxpt3sJay7hQg.html]
[www.youtube.com/channel/ios-app_/544007664/vnd.youtube/www.youtube.com/channel/UC28AnQ61wEXxpt3sJay7hQg.html]
[www.youtube.com/channel/android-app_/com.google.android.youtube/http/www.youtube.com/channel/UCD9Oybf28FhVdVDG6hwg6Yw.html]
[www.youtube.com/channel/ios-app_/544007664/vnd.youtube/www.youtube.com/channel/UCD9Oybf28FhVdVDG6hwg6Yw.html]
[www.youtube.com/c/chrisbossiobarber/android-app_/com.google.android.youtube/http/www.youtube.com/channel/android-app_/com.google.android.youtube/http/www.youtube.com/channel/UCD9Oybf28FhVdVDG6hwg6Yw.html]
[www.youtube.com/c/chrisbossiobarber/android-app_/com.google.android.youtube/http/www.youtube.com/channel/ios-app_/544007664/vnd.youtube/www.youtube.com/channel/UCD9Oybf28FhVdVDG6hwg6Yw.html]
[www.youtube.com/c/chrisbossiobarber/ios-app_/544007664/vnd.youtube/www.youtube.com/channel/android-app_/com.google.android.youtube/http/www.youtube.com/channel/UCD9Oybf28FhVdVDG6hwg6Yw.html]
[www.youtube.com/c/chrisbossiobarber/ios-app_/544007664/vnd.youtube/www.youtube.com/channel/ios-app_/544007664/vnd.youtube/www.youtube.com/channel/UCD9Oybf28FhVdVDG6hwg6Yw.html]
[www.youtube.com/channel/android-app_/com.google.android.youtube/http/www.youtube.com/channel/UCVC5-Y6ez4sk3mtbUmN-SUQ.html]
[www.youtube.com/channel/ios-app_/544007664/vnd.youtube/www.youtube.com/channel/UCVC5-Y6ez4sk3mtbUmN-SUQ.html]
[www.youtube.com/c/CallMeAgent00/android-app_/com.google.android.youtube/http/www.youtube.com/channel/android-app_/com.google.android.youtube/http/www.youtube.com/channel/UCVC5-Y6ez4sk3mtbUmN-SUQ.html]
[www.youtube.com/c/CallMeAgent00/android-app_/com.google.android.youtube/http/www.youtube.com/channel/ios-app_/544007664/vnd.youtube/www.youtube.com/channel/UCVC5-Y6ez4sk3mtbUmN-SUQ.html]
[www.youtube.com/c/CallMeAgent00/ios-app_/544007664/vnd.youtube/www.youtube.com/channel/android-app_/com.google.android.youtube/http/www.youtube.com/channel/UCVC5-Y6ez4sk3mtbUmN-SUQ.html]
[www.youtube.com/c/CallMeAgent00/ios-app_/544007664/vnd.youtube/www.youtube.com/channel/ios-app_/544007664/vnd.youtube/www.youtube.com/channel/UCVC5-Y6ez4sk3mtbUmN-SUQ.html]
[www.youtube.com/channel/android-app_/com.google.android.youtube/http/www.youtube.com/channel/UCzqbfYjQmf9nLQPMxVgPhiA.html]
[www.youtube.com/channel/ios-app_/544007664/vnd.youtube/www.youtube.com/channel/UCzqbfYjQmf9nLQPMxVgPhiA.html]
[www.youtube.com/c/emmymade/android-app_/com.google.android.youtube/http/www.youtube.com/channel/android-app_/com.google.android.youtube/http/www.youtube.com/channel/UCzqbfYjQmf9nLQPMxVgPhiA.html]
[www.youtube.com/c/emmymade/android-app_/com.google.android.youtube/http/www.youtube.com/channel/ios-app_/544007664/vnd.youtube/www.youtube.com/channel/UCzqbfYjQmf9nLQPMxVgPhiA.html]
[www.youtube.com/c/emmymade/ios-app_/544007664/vnd.youtube/www.youtube.com/channel/android-app_/com.google.android.youtube/http/www.youtube.com/channel/UCzqbfYjQmf9nLQPMxVgPhiA.html]
[www.youtube.com/c/emmymade/ios-app_/544007664/vnd.youtube/www.youtube.com/channel/ios-app_/544007664/vnd.youtube/www.youtube.com/channel/UCzqbfYjQmf9nLQPMxVgPhiA.html]
[www.youtube.com/channel/android-app_/com.google.android.youtube/http/www.youtube.com/channel/UC6OM0x2skWZhIv1egczAmFA.1c06.delayed]
[www.youtube.com/channel/ios-app_/544007664/vnd.youtube/www.youtube.com/channel/UC6OM0x2skWZhIv1egczAmFA.1c08.delayed]
[www.youtube.com/channel/UC6OM0x2skWZhIv1egczAmFA.html]
[www.youtube.com/c/GoddessEarthHealing/android-app_/com.google.android.youtube/http/www.youtube.com/channel/android-app_/com.google.android.youtube/http/www.youtube.com/channel/UC6OM0x2skWZhIv1egczAmFA.html]
[www.youtube.com/c/GoddessEarthHealing/android-app_/com.google.android.youtube/http/www.youtube.com/channel/UC6OM0x2skWZhIv1egczAmFA.html]
[www.youtube.com/c/GoddessEarthHealing/android-app_/com.google.android.youtube/http/www.youtube.com/channel/ios-app_/544007664/vnd.youtube/www.youtube.com/channel/UC6OM0x2skWZhIv1egczAmFA.html]
[www.youtube.com/c/GoddessEarthHealing/ios-app_/544007664/vnd.youtube/www.youtube.com/channel/android-app_/com.google.android.youtube/http/www.youtube.com/channel/UC6OM0x2skWZhIv1egczAmFA.html]
[www.youtube.com/c/GoddessEarthHealing/ios-app_/544007664/vnd.youtube/www.youtube.com/channel/UC6OM0x2skWZhIv1egczAmFA.html]
[www.youtube.com/c/GoddessEarthHealing/ios-app_/544007664/vnd.youtube/www.youtube.com/channel/ios-app_/544007664/vnd.youtube/www.youtube.com/channel/UC6OM0x2skWZhIv1egczAmFA.html]
[www.youtube.com/channel/android-app_/com.google.android.youtube/http/www.youtube.com/channel/UCXOSzGyN3EPZfKE2hujeIYA.1c15.delayed]
[www.youtube.com/channel/ios-app_/544007664/vnd.youtube/www.youtube.com/channel/UCXOSzGyN3EPZfKE2hujeIYA.1c17.delayed]
[www.youtube.com/channel/UCXOSzGyN3EPZfKE2hujeIYA.html]
[www.youtube.com/c/LizzyCapri/android-app_/com.google.android.youtube/http/www.youtube.com/channel/android-app_/com.google.android.youtube/http/www.youtube.com/channel/UCXOSzGyN3EPZfKE2hujeIYA.html]
[www.youtube.com/c/LizzyCapri/android-app_/com.google.android.youtube/http/www.youtube.com/channel/UCXOSzGyN3EPZfKE2hujeIYA.html]
[www.youtube.com/c/LizzyCapri/android-app_/com.google.android.youtube/http/www.youtube.com/channel/ios-app_/544007664/vnd.youtube/www.youtube.com/channel/UCXOSzGyN3EPZfKE2hujeIYA.html]
[www.youtube.com/c/LizzyCapri/ios-app_/544007664/vnd.youtube/www.youtube.com/channel/android-app_/com.google.android.youtube/http/www.youtube.com/channel/UCXOSzGyN3EPZfKE2hujeIYA.html]
[www.youtube.com/c/LizzyCapri/ios-app_/544007664/vnd.youtube/www.youtube.com/channel/UCXOSzGyN3EPZfKE2hujeIYA.html]
[www.youtube.com/channel/android-app_/com.google.android.youtube/http/www.youtube.com/channel/UCYGea7GGe5GSODuxqYjWvJw.html]
[www.youtube.com/channel/ios-app_/544007664/vnd.youtube/www.youtube.com/channel/UCYGea7GGe5GSODuxqYjWvJw.html]
[www.youtube.com/c/RezaPujaKhan/android-app_/com.google.android.youtube/http/www.youtube.com/channel/ios-app_/544007664/vnd.youtube/www.youtube.com/channel/UCYGea7GGe5GSODuxqYjWvJw.html]
[www.youtube.com/c/LizzyCapri/ios-app_/544007664/vnd.youtube/www.youtube.com/channel/ios-app_/544007664/vnd.youtube/www.youtube.com/channel/UCXOSzGyN3EPZfKE2hujeIYA.html]
[www.youtube.com/c/RezaPujaKhan/ios-app_/544007664/vnd.youtube/www.youtube.com/channel/android-app_/com.google.android.youtube/http/www.youtube.com/channel/UCYGea7GGe5GSODuxqYjWvJw.html]
[www.youtube.com/c/RezaPujaKhan/android-app_/com.google.android.youtube/http/www.youtube.com/channel/android-app_/com.google.android.youtube/http/www.youtube.com/channel/UCYGea7GGe5GSODuxqYjWvJw]
[www.youtube.com/c/RezaPujaKhan/ios-app_/544007664/vnd.youtube/www.youtube.com/channel/ios-app_/544007664/vnd.youtube/www.youtube.com/channel/UCYGea7GGe5GSODuxqYjWvJw.html]
[www.youtube.com/android-app_/com.google.android.youtube/http/www.youtube.com/watch7998.html]
[www.youtube.com/ios-app_/544007664/vnd.youtube/www.youtube.com/watch7998.html]
[i.ytimg.com/vi/FrRhUwf0A_w/maxresdefault.jpg]
[www.youtube.com/oembed3307]
[i.ytimg.com/vi/FrRhUwf0A_w/hqdefault.jpg]
[www.youtube.com/embed/FrRhUwf0A_w]
[www.youtube.com/oembede16a]
[i.ytimg.com/vi/U_9NWg51JS8/maxresdefault.jpg]
[i.ytimg.com/vi/U_9NWg51JS8/hqdefault.jpg]
[www.youtube.com/oembed7e8f]
[www.youtube.com/oembed3062]
[www.youtube.com/oembed05a9]
[i.ytimg.com/vi/vwYWiDZrEOY/maxresdefault.jpg]
[i.ytimg.com/vi/vwYWiDZrEOY/hqdefault.jpg]
[www.youtube.com/oembeda67c]
[i.ytimg.com/vi/MeG27pk6i6c/maxresdefault.jpg]
[www.youtube.com/oembed57fb]
[i.ytimg.com/vi/MeG27pk6i6c/hqdefault.jpg]
[www.youtube.com/oembed1612]
[i.ytimg.com/vi/zFuze1Dvdp4/maxresdefault.jpg]
[www.youtube.com/oembed4f14]
[i.ytimg.com/vi/zFuze1Dvdp4/hqdefault.jpg]
[www.youtube.com/oembed74d5]
[i.ytimg.com/vi/rRLniJ5aMQ0/maxresdefault.jpg]
[www.youtube.com/oembed9e23]
[i.ytimg.com/vi/rRLniJ5aMQ0/hqdefault.jpg]
[www.youtube.com/ios-app_/544007664/vnd.youtube/www.youtube.com/watchfffd.html]
[www.youtube.com/android-app_/com.google.android.youtube/http/www.youtube.com/watch9f56.html]
[www.youtube.com/ios-app_/544007664/vnd.youtube/www.youtube.com/watch9f56.html]
[www.youtube.com/android-app_/com.google.android.youtube/http/www.youtube.com/watch47bf.html]
[www.youtube.com/ios-app_/544007664/vnd.youtube/www.youtube.com/watch47bf.html]
[www.youtube.com/android-app_/com.google.android.youtube/http/www.youtube.com/watch2acd.html]
[www.youtube.com/ios-app_/544007664/vnd.youtube/www.youtube.com/watch2acd.html]
[www.youtube.com/channel/android-app_/com.google.android.youtube/http/www.youtube.com/channel/UCIG4gr_wIy5CIlcFciUbIQw.html]
[www.youtube.com/channel/ios-app_/544007664/vnd.youtube/www.youtube.com/channel/UCIG4gr_wIy5CIlcFciUbIQw.html]
[www.youtube.com/channel/android-app_/com.google.android.youtube/http/www.youtube.com/channel/UCDJWinHf7IBqJe1eqzWwdAw.html]
[www.youtube.com/channel/ios-app_/544007664/vnd.youtube/www.youtube.com/channel/UCDJWinHf7IBqJe1eqzWwdAw.html]
[www.youtube.com/channel/android-app_/com.google.android.youtube/http/www.youtube.com/channel/UCrXzMVbjcaVvVtihxNpBvMQ.html]
[www.youtube.com/channel/ios-app_/544007664/vnd.youtube/www.youtube.com/channel/UCrXzMVbjcaVvVtihxNpBvMQ.html]
[www.youtube.com/channel/android-app_/com.google.android.youtube/http/www.youtube.com/channel/UCG55VTJ1YD08Cq6KxBNrtiw.html]
[www.youtube.com/channel/ios-app_/544007664/vnd.youtube/www.youtube.com/channel/UCG55VTJ1YD08Cq6KxBNrtiw.html]
[www.youtube.com/channel/android-app_/com.google.android.youtube/http/www.youtube.com/channel/UCNJuJfXCKNWu4-VifYixs8A.html]
[www.youtube.com/channel/ios-app_/544007664/vnd.youtube/www.youtube.com/channel/UCNJuJfXCKNWu4-VifYixs8A.html]
[www.youtube.com/channel/android-app_/com.google.android.youtube/http/www.youtube.com/channel/UCOIOo7ybnNFNdwjSCgYDtOw.html]
[www.youtube.com/channel/ios-app_/544007664/vnd.youtube/www.youtube.com/channel/UCOIOo7ybnNFNdwjSCgYDtOw.html]
[www.youtube.com/android-app_/com.google.android.youtube/http/www.youtube.com/watch44dc.html]
[www.youtube.com/ios-app_/544007664/vnd.youtube/www.youtube.com/watch44dc.html]
[www.youtube.com/android-app_/com.google.android.youtube/http/www.youtube.com/watchfffd]
[www.youtube.com/feeds/videos7df3.xml]
[www.youtube.com/channel/UCzTKskwIc_-a0cGvCXA848Q.html]
[www.youtube.com/android-app_/com.google.android.youtube/http/www.youtube.com/channel/UCzTKskwIc_-a0cGvCXA848Q.html]
[www.youtube.com/ios-app_/544007664/vnd.youtube/www.youtube.com/channel/UCzTKskwIc_-a0cGvCXA848Q.1c36.delayed]
[www.youtube.com/@nikkietutorials.html]
[www.youtube.com/embed/QOOw2E_qAsE.html]
[www.youtube.com/android-app_/com.google.android.youtube/http/www.youtube.com/watch85fa.html]
[www.youtube.com/ios-app_/544007664/vnd.youtube/www.youtube.com/watch85fa.html]
[www.youtube.com/channel/UC936-75gKFvIbnOx1yU0Oxg.html]
[www.youtube.com/feeds/videosf385.xml]
[www.youtube.com/android-app_/com.google.android.youtube/http/www.youtube.com/channel/UC936-75gKFvIbnOx1yU0Oxg.html]
[www.youtube.com/ios-app_/544007664/vnd.youtube/www.youtube.com/channel/UC936-75gKFvIbnOx1yU0Oxg.1c3e.delayed]
[www.youtube.com/@LifeInTransition.html]
[www.youtube.com/embed/NpTExshOGpY.html]
[www.youtube.com/android-app_/com.google.android.youtube/http/www.youtube.com/watch1db6.html]
[www.youtube.com/ios-app_/544007664/vnd.youtube/www.youtube.com/watch1db6.html]
[www.youtube.com/android-app_/com.google.android.youtube/http/www.youtube.com/channel/UCbAc0_6yP7RQuOPrfkb0ODw.html]
[www.youtube.com/ios-app_/544007664/vnd.youtube/www.youtube.com/channel/UCbAc0_6yP7RQuOPrfkb0ODw.1c44.delayed]
[www.youtube.com/@thatspecialeducator1061.html]
[www.youtube.com/embed/Ov3egnjWG_A.html]
[www.youtube.com/android-app_/com.google.android.youtube/http/www.youtube.com/watchec07.html]
[www.youtube.com/ios-app_/544007664/vnd.youtube/www.youtube.com/watchec07.html]
[www.youtube.com/channel/UCRJ7LWK_GBCLUfiBAmj4n6w.html]
[www.youtube.com/feeds/videos14f2.xml]
[www.youtube.com/android-app_/com.google.android.youtube/http/www.youtube.com/channel/UCRJ7LWK_GBCLUfiBAmj4n6w.html]
[www.youtube.com/ios-app_/544007664/vnd.youtube/www.youtube.com/channel/UCRJ7LWK_GBCLUfiBAmj4n6w.1c4c.delayed]
[www.youtube.com/@KylieZielinski.html]
[www.youtube.com/embed/0wKK_WOfNZE.html]
[www.youtube.com/android-app_/com.google.android.youtube/http/www.youtube.com/watch2a45.html]
[www.youtube.com/ios-app_/544007664/vnd.youtube/www.youtube.com/watch2a45.html]
[www.youtube.com/channel/UCf-ME1C3PY2cNnVd0v7D3KA.html]
[www.youtube.com/feeds/videos7399.xml]
[www.youtube.com/android-app_/com.google.android.youtube/http/www.youtube.com/channel/UCf-ME1C3PY2cNnVd0v7D3KA.html]
[www.youtube.com/ios-app_/544007664/vnd.youtube/www.youtube.com/channel/UCf-ME1C3PY2cNnVd0v7D3KA.1c54.delayed]
[www.youtube.com/@5Guyy.html]
[www.youtube.com/embed/VbV0pVRlYGo.html]
[www.youtube.com/android-app_/com.google.android.youtube/http/www.youtube.com/watchd0c7.html]
[www.youtube.com/ios-app_/544007664/vnd.youtube/www.youtube.com/watchd0c7.html]
[www.youtube.com/channel/UC5wGZUsTqmrvwqGkuM_tjVQ.html]
[www.youtube.com/feeds/videos5635.xml]
[www.youtube.com/android-app_/com.google.android.youtube/http/www.youtube.com/channel/UC5wGZUsTqmrvwqGkuM_tjVQ.html]
[www.youtube.com/ios-app_/544007664/vnd.youtube/www.youtube.com/channel/UC5wGZUsTqmrvwqGkuM_tjVQ.1c5c.delayed]
[www.youtube.com/@LockieandAsh.html]
[www.youtube.com/embed/di7iONXeuQM.html]
[www.youtube.com/android-app_/com.google.android.youtube/http/www.youtube.com/watch0731.html]
[www.youtube.com/ios-app_/544007664/vnd.youtube/www.youtube.com/watch0731.html]
[www.youtube.com/channel/UCq2e11BxnMFk3C2x5a9g9SA.html]
[www.youtube.com/feeds/videos44c2.xml]
[www.youtube.com/android-app_/com.google.android.youtube/http/www.youtube.com/channel/UCq2e11BxnMFk3C2x5a9g9SA.html]
[www.youtube.com/ios-app_/544007664/vnd.youtube/www.youtube.com/channel/UCq2e11BxnMFk3C2x5a9g9SA.1c64.delayed]
[www.youtube.com/@DestinysJesus.html]
[www.youtube.com/embed/J9YgLOX2Gzo.html]
[www.youtube.com/android-app_/com.google.android.youtube/http/www.youtube.com/watch8a52.html]
[www.youtube.com/ios-app_/544007664/vnd.youtube/www.youtube.com/watch8a52.html]
[www.youtube.com/feeds/videosbcff.xml]
[www.youtube.com/channel/UCeBBy-IqsJxGlt-QcWj35Kg.html]
[www.youtube.com/android-app_/com.google.android.youtube/http/www.youtube.com/channel/UCeBBy-IqsJxGlt-QcWj35Kg.html]
[www.youtube.com/ios-app_/544007664/vnd.youtube/www.youtube.com/channel/UCeBBy-IqsJxGlt-QcWj35Kg.1c6c.delayed]
[www.youtube.com/@MrSpike.html]
[www.youtube.com/embed/YGIke3Wxu_s.html]
[www.youtube.com/trends/2021/us/index.html]
[www.youtube.com/android-app_/com.google.android.youtube/http/www.youtube.com/watchd873.html]
[www.youtube.com/ios-app_/544007664/vnd.youtube/www.youtube.com/watch.1c71d873.delayed]
[www.youtube.com/oembed53d5.json]
[www.youtube.com/oembed43a0]
[i.ytimg.com/vi/3tv1zIdSTWw/hqdefault.jpg]
[www.youtube.com/watchd873.html]
[www.youtube.com/embed/3tv1zIdSTWw.html]
[www.youtube.com/android-app_/com.google.android.youtube/http/www.youtube.com/watchacf6.html]
[www.youtube.com/ios-app_/544007664/vnd.youtube/www.youtube.com/watch.1c7aacf6.delayed]
[www.youtube.com/oembed8ad7.json]
[www.youtube.com/oembed6211]
[i.ytimg.com/vi/JslHOR_10gA/maxresdefault.jpg]
[www.youtube.com/embed/JslHOR_10gA.html]
[www.youtube.com/@BrockPlaysFortnite.html]
[i.ytimg.com/vi/JslHOR_10gA/hqdefault.jpg]
[www.youtube.com/watchacf6.html]
[www.youtube.com/android-app_/com.google.android.youtube/http/www.youtube.com/watche161.html]
[www.youtube.com/ios-app_/544007664/vnd.youtube/www.youtube.com/watch.1c86e161.delayed]
[www.youtube.com/oembed1293.json]
[www.youtube.com/oembed1803]
[i.ytimg.com/vi/bdBR-4BOS1Y/maxresdefault.jpg]
[www.youtube.com/@iFerg.html]
[www.youtube.com/embed/bdBR-4BOS1Y.html]
[i.ytimg.com/vi/bdBR-4BOS1Y/hqdefault.jpg]
[www.youtube.com/watche161.html]
[www.youtube.com/channel/android-app_/com.google.android.youtube/http/www.youtube.com/channel/UCUdF4kyAKLyT1xYTjddW5_w.html]
[www.youtube.com/channel/ios-app_/544007664/vnd.youtube/www.youtube.com/channel/UCUdF4kyAKLyT1xYTjddW5_w.html]
[www.youtube.com/channel/android-app_/com.google.android.youtube/http/www.youtube.com/channel/UCVYe9OwcrGrlRmlX8cSWgvg.html]
[www.youtube.com/channel/ios-app_/544007664/vnd.youtube/www.youtube.com/channel/UCVYe9OwcrGrlRmlX8cSWgvg.html]
[www.youtube.com/channel/android-app_/com.google.android.youtube/http/www.youtube.com/channel/UCh5fwwlEPTqN68kZYL8nK5A.html]
[www.youtube.com/channel/ios-app_/544007664/vnd.youtube/www.youtube.com/channel/UCh5fwwlEPTqN68kZYL8nK5A.html]
[www.youtube.com/channel/android-app_/com.google.android.youtube/http/www.youtube.com/channel/UCmVzcQ5hXNecXAcbn6y7TEg.html]
[www.youtube.com/channel/ios-app_/544007664/vnd.youtube/www.youtube.com/channel/UCmVzcQ5hXNecXAcbn6y7TEg.html]
[www.youtube.com/channel/android-app_/com.google.android.youtube/http/www.youtube.com/channel/UCgh9zWRC1xoItWngP_x-zxA.html]
[www.youtube.com/channel/ios-app_/544007664/vnd.youtube/www.youtube.com/channel/UCgh9zWRC1xoItWngP_x-zxA.html]
[www.youtube.com/android-app_/com.google.android.youtube/http/www.youtube.com/watch6a91.html]
[www.youtube.com/ios-app_/544007664/vnd.youtube/www.youtube.com/watch.1c926a91.delayed]
[www.youtube.com/watch6a91.html]
[www.youtube.com/android-app_/com.google.android.youtube/http/www.youtube.com/watch374b.html]
[www.youtube.com/ios-app_/544007664/vnd.youtube/www.youtube.com/watch374b.html]
[www.youtube.com/channel/UCCpqxoWPzrXRMTrWIivCClg.html]
[www.youtube.com/feeds/videos7f90.xml]
[www.youtube.com/android-app_/com.google.android.youtube/http/www.youtube.com/channel/UCCpqxoWPzrXRMTrWIivCClg.html]
[www.youtube.com/ios-app_/544007664/vnd.youtube/www.youtube.com/channel/UCCpqxoWPzrXRMTrWIivCClg.1c9a.delayed]
[www.youtube.com/@jarvyplays.html]
[www.youtube.com/embed/SuQXF57WJE4.html]
[www.youtube.com/channel/android-app_/com.google.android.youtube/http/www.youtube.com/channel/UCKyEHvXMFaECMG2JQ2GoX4w.html]
[www.youtube.com/channel/ios-app_/544007664/vnd.youtube/www.youtube.com/channel/UCKyEHvXMFaECMG2JQ2GoX4w.html]
[www.youtube.com/embed/LTejJnrzGPM390b.html]
[www.youtube.com/watch4162.html]
[www.youtube.com/embed/HA96VDEPxIs390b.html]
[www.youtube.com/android-app_/com.google.android.youtube/http/www.youtube.com/watch0cd9.html]
[www.youtube.com/ios-app_/544007664/vnd.youtube/www.youtube.com/watch0cd9.html]
[www.youtube.com/embed/8_igTYoM_VI.html]
[www.youtube.com/watchbccd.html]
[www.youtube.com/android-app_/com.google.android.youtube/http/www.youtube.com/watch6664.html]
[www.youtube.com/ios-app_/544007664/vnd.youtube/www.youtube.com/watch.1ca26664.delayed]
[www.youtube.com/oembedd9fc.json]
[www.youtube.com/oembedc937]
[i.ytimg.com/vi/3p713bNaO4A/maxresdefault.jpg]
[www.youtube.com/embed/3p713bNaO4A.html]
[www.youtube.com/@JamesNintendoNerd.html]
[i.ytimg.com/vi/3p713bNaO4A/hqdefault.jpg]
[www.youtube.com/watch6664.html]
[www.youtube.com/android-app_/com.google.android.youtube/http/www.youtube.com/watch6e45.html]
[www.youtube.com/ios-app_/544007664/vnd.youtube/www.youtube.com/watch6e45.html]
[www.youtube.com/channel/UCk9aeo2A6a1fg3VeRueTn9w.html]
[www.youtube.com/feeds/videos7345.xml]
[www.youtube.com/android-app_/com.google.android.youtube/http/www.youtube.com/channel/UCk9aeo2A6a1fg3VeRueTn9w.html]
[www.youtube.com/ios-app_/544007664/vnd.youtube/www.youtube.com/channel/UCk9aeo2A6a1fg3VeRueTn9w.1cb1.delayed]
[www.youtube.com/@amandarachlee.html]
[www.youtube.com/embed/h43q4V8nZys.html]
[www.youtube.com/android-app_/com.google.android.youtube/http/www.youtube.com/watchd780.html]
[www.youtube.com/ios-app_/544007664/vnd.youtube/www.youtube.com/watchd780.html]
[www.youtube.com/channel/UCmRyFYcJLy5kFQJfdR3Gv8Q.html]
[www.youtube.com/feeds/videos6f02.xml]
[www.youtube.com/android-app_/com.google.android.youtube/http/www.youtube.com/channel/UCmRyFYcJLy5kFQJfdR3Gv8Q.html]
[www.youtube.com/ios-app_/544007664/vnd.youtube/www.youtube.com/channel/UCmRyFYcJLy5kFQJfdR3Gv8Q.1cb9.delayed]
[www.youtube.com/@FinancialBunny.html]
[www.youtube.com/embed/M11bExydrZ4.html]
[www.youtube.com/user/android-app_/com.google.android.youtube/http/www.youtube.com/channel/UCFKE7WVJfvaHW5q283SxchA.html]
[www.youtube.com/user/ios-app_/544007664/vnd.youtube/www.youtube.com/channel/UCFKE7WVJfvaHW5q283SxchA.html]
[www.youtube.com/android-app_/com.google.android.youtube/http/www.youtube.com/watch620d.html]
[www.youtube.com/ios-app_/544007664/vnd.youtube/www.youtube.com/watch620d.html]
[www.youtube.com/android-app_/com.google.android.youtube/http/www.youtube.com/channel/UCFKE7WVJfvaHW5q283SxchA.html]
[www.youtube.com/ios-app_/544007664/vnd.youtube/www.youtube.com/channel/UCFKE7WVJfvaHW5q283SxchA.1cbf.delayed]
[www.youtube.com/yogawithadriene.html]
[www.youtube.com/embed/KWBfQjuwp4E.html]
[www.youtube.com/android-app_/com.google.android.youtube/http/www.youtube.com/watch411e.html]
[www.youtube.com/ios-app_/544007664/vnd.youtube/www.youtube.com/watch411e.html]
[www.youtube.com/embed/bQWwWaWXPS0.html]
[www.youtube.com/android-app_/com.google.android.youtube/http/www.youtube.com/watch6eb7.html]
[www.youtube.com/ios-app_/544007664/vnd.youtube/www.youtube.com/watch6eb7.html]
[www.youtube.com/embed/JUP_YdYyfQw.html]
[www.youtube.com/channel/android-app_/com.google.android.youtube/http/www.youtube.com/channel/UCe0TLA0EsQbE-MjuHXevj2A.1cc4.delayed]
[www.youtube.com/channel/ios-app_/544007664/vnd.youtube/www.youtube.com/channel/UCe0TLA0EsQbE-MjuHXevj2A.1cc6.delayed]
[www.youtube.com/channel/UCe0TLA0EsQbE-MjuHXevj2A.html]
[www.youtube.com/user/android-app_/com.google.android.youtube/http/www.youtube.com/channel/UCe0TLA0EsQbE-MjuHXevj2A.html]
[www.youtube.com/user/ios-app_/544007664/vnd.youtube/www.youtube.com/channel/UCe0TLA0EsQbE-MjuHXevj2A.html]
[www.youtube.com/android-app_/com.google.android.youtube/http/www.youtube.com/watch35ae.html]
[www.youtube.com/ios-app_/544007664/vnd.youtube/www.youtube.com/watch35ae.html]
[www.youtube.com/android-app_/com.google.android.youtube/http/www.youtube.com/channel/UCe0TLA0EsQbE-MjuHXevj2A.html]
[www.youtube.com/ios-app_/544007664/vnd.youtube/www.youtube.com/channel/UCe0TLA0EsQbE-MjuHXevj2A.1ccc.delayed]
[www.youtube.com/@athleanx.html]
[www.youtube.com/embed/K81-SLUFo9c.html]
[www.youtube.com/android-app_/com.google.android.youtube/http/www.youtube.com/watch63db.html]
[www.youtube.com/ios-app_/544007664/vnd.youtube/www.youtube.com/watch63db.html]
[www.youtube.com/embed/YLR2Vm346Lc.html]
[www.youtube.com/user/android-app_/com.google.android.youtube/http/www.youtube.com/channel/UCIJwWYOfsCfz6PjxbONYXSg.html]
[www.youtube.com/user/ios-app_/544007664/vnd.youtube/www.youtube.com/channel/UCIJwWYOfsCfz6PjxbONYXSg.html]
[www.youtube.com/android-app_/com.google.android.youtube/http/www.youtube.com/watch326d.html]
[www.youtube.com/ios-app_/544007664/vnd.youtube/www.youtube.com/watch326d.html]
[www.youtube.com/embed/C9eK5mSHgCs.html]
[www.youtube.com/android-app_/com.google.android.youtube/http/www.youtube.com/watchbab5.html]
[www.youtube.com/ios-app_/544007664/vnd.youtube/www.youtube.com/watch.1cd3bab5.delayed]
[www.youtube.com/watchbab5.html]
[www.youtube.com/android-app_/com.google.android.youtube/http/www.youtube.com/watch2c46.html]
[www.youtube.com/ios-app_/544007664/vnd.youtube/www.youtube.com/watch2c46.html]
[www.youtube.com/embed/Ha236I-ulzY77ba.html]
[www.youtube.com/android-app_/com.google.android.youtube/http/www.youtube.com/watch36d2.html]
[www.youtube.com/ios-app_/544007664/vnd.youtube/www.youtube.com/watch36d2.html]
[www.youtube.com/embed/AW6TZVwP-FA.html]
[www.youtube.com/embed/Ha236I-ulzY.html]
[www.youtube.com/channel/android-app_/com.google.android.youtube/http/www.youtube.com/channel/UCpWaR3gNAQGsX48cIlQC0qw.1cd9.delayed]
[www.youtube.com/channel/ios-app_/544007664/vnd.youtube/www.youtube.com/channel/UCpWaR3gNAQGsX48cIlQC0qw.1cdb.delayed]
[www.youtube.com/channel/UCpWaR3gNAQGsX48cIlQC0qw.html]
[www.youtube.com/user/android-app_/com.google.android.youtube/http/www.youtube.com/channel/UCpWaR3gNAQGsX48cIlQC0qw.html]
[www.youtube.com/user/ios-app_/544007664/vnd.youtube/www.youtube.com/channel/UCpWaR3gNAQGsX48cIlQC0qw.html]
[www.youtube.com/android-app_/com.google.android.youtube/http/www.youtube.com/watch95e1.html]
[www.youtube.com/ios-app_/544007664/vnd.youtube/www.youtube.com/watch95e1.html]
[www.youtube.com/android-app_/com.google.android.youtube/http/www.youtube.com/channel/UCpWaR3gNAQGsX48cIlQC0qw.html]
[www.youtube.com/ios-app_/544007664/vnd.youtube/www.youtube.com/channel/UCpWaR3gNAQGsX48cIlQC0qw.1ce1.delayed]
[www.youtube.com/@TiboInShape.html]
[www.youtube.com/embed/lFHHl5LCOIo.html]
[www.youtube.com/android-app_/com.google.android.youtube/http/www.youtube.com/watch535d.html]
[www.youtube.com/ios-app_/544007664/vnd.youtube/www.youtube.com/watch535d.html]
[www.youtube.com/embed/EZQ8937w_GQ.html]
[www.youtube.com/channel/android-app_/com.google.android.youtube/http/www.youtube.com/channel/UCfwP2H1CDJvssk6g2pm8EgA.1ce5.delayed]
[www.youtube.com/channel/ios-app_/544007664/vnd.youtube/www.youtube.com/channel/UCfwP2H1CDJvssk6g2pm8EgA.1ce7.delayed]
[www.youtube.com/channel/UCfwP2H1CDJvssk6g2pm8EgA.html]
[www.youtube.com/user/android-app_/com.google.android.youtube/http/www.youtube.com/channel/UCfwP2H1CDJvssk6g2pm8EgA.html]
[www.youtube.com/user/ios-app_/544007664/vnd.youtube/www.youtube.com/channel/UCfwP2H1CDJvssk6g2pm8EgA.html]
[www.youtube.com/channel/android-app_/com.google.android.youtube/http/www.youtube.com/channel/UCPVGUnnNyf_FWLE0cLmphEA.1cea.delayed]
[www.youtube.com/channel/ios-app_/544007664/vnd.youtube/www.youtube.com/channel/UCPVGUnnNyf_FWLE0cLmphEA.1cec.delayed]
[www.youtube.com/channel/UCPVGUnnNyf_FWLE0cLmphEA.html]
[www.youtube.com/user/Secretosdechicas/android-app_/com.google.android.youtube/http/www.youtube.com/channel/android-app_/com.google.android.youtube/http/www.youtube.com/channel/UCPVGUnnNyf_FWLE0cLmphEA.html]
[www.youtube.com/user/Secretosdechicas/android-app_/com.google.android.youtube/http/www.youtube.com/channel/UCPVGUnnNyf_FWLE0cLmphEA.html]
[www.youtube.com/user/Secretosdechicas/android-app_/com.google.android.youtube/http/www.youtube.com/channel/ios-app_/544007664/vnd.youtube/www.youtube.com/channel/UCPVGUnnNyf_FWLE0cLmphEA.html]
[www.youtube.com/user/Secretosdechicas/ios-app_/544007664/vnd.youtube/www.youtube.com/channel/android-app_/com.google.android.youtube/http/www.youtube.com/channel/UCPVGUnnNyf_FWLE0cLmphEA.html]
[www.youtube.com/user/Secretosdechicas/ios-app_/544007664/vnd.youtube/www.youtube.com/channel/UCPVGUnnNyf_FWLE0cLmphEA.html]
[www.youtube.com/user/Secretosdechicas/ios-app_/544007664/vnd.youtube/www.youtube.com/channel/ios-app_/544007664/vnd.youtube/www.youtube.com/channel/UCPVGUnnNyf_FWLE0cLmphEA.html]
[www.youtube.com/shorts/android-app_/com.google.android.youtube/http/www.youtube.com/shorts/4aRPLMQslSg.1cfa.delayed]
[www.youtube.com/shorts/4aRPLMQslSg20ce.html]
[www.youtube.com/shorts/ios-app_/544007664/vnd.youtube/www.youtube.com/shorts/4aRPLMQslSg.1cfc.delayed]
[i.ytimg.com/vi/4aRPLMQslSg/oar2ebbc.jpg]
[www.youtube.com/shorts/4aRPLMQslSg.html]
[www.youtube.com/android-app_/com.google.android.youtube/http/www.youtube.com/watchc042.html]
[www.youtube.com/ios-app_/544007664/vnd.youtube/www.youtube.com/watchc042.html]
[www.youtube.com/channel/UCeU05pwtEAreeF81saVb9XQ.html]
[www.youtube.com/feeds/videos1094.xml]
[www.youtube.com/android-app_/com.google.android.youtube/http/www.youtube.com/channel/UCeU05pwtEAreeF81saVb9XQ.html]
[www.youtube.com/ios-app_/544007664/vnd.youtube/www.youtube.com/channel/UCeU05pwtEAreeF81saVb9XQ.1d05.delayed]
[www.youtube.com/@LarryWheels.html]
[www.youtube.com/embed/4aRPLMQslSg.html]
[www.youtube.com/android-app_/com.google.android.youtube/http/www.youtube.com/watch5f8d.html]
[www.youtube.com/ios-app_/544007664/vnd.youtube/www.youtube.com/watch5f8d.html]
[www.youtube.com/channel/UCeqR0F3O1V11CiiOaJbd1pw.html]
[www.youtube.com/feeds/videosa9d4.xml]
[www.youtube.com/android-app_/com.google.android.youtube/http/www.youtube.com/channel/UCeqR0F3O1V11CiiOaJbd1pw.html]
[www.youtube.com/ios-app_/544007664/vnd.youtube/www.youtube.com/channel/UCeqR0F3O1V11CiiOaJbd1pw.1d0d.delayed]
[www.youtube.com/@MattDoesFitness.html]
[www.youtube.com/embed/WC0z9B0p1L4.html]
[www.youtube.com/android-app_/com.google.android.youtube/http/www.youtube.com/watch3886.html]
[www.youtube.com/ios-app_/544007664/vnd.youtube/www.youtube.com/watch3886.html]
[www.youtube.com/channel/UCyiNCEHLyKbSUrrncVr9KvQ.html]
[www.youtube.com/feeds/videos860d.xml]
[www.youtube.com/android-app_/com.google.android.youtube/http/www.youtube.com/channel/UCyiNCEHLyKbSUrrncVr9KvQ.html]
[www.youtube.com/ios-app_/544007664/vnd.youtube/www.youtube.com/channel/UCyiNCEHLyKbSUrrncVr9KvQ.1d15.delayed]
[www.youtube.com/@FraserWilsonFit.html]
[www.youtube.com/embed/bQKIczEj8m4.html]
[www.youtube.com/android-app_/com.google.android.youtube/http/www.youtube.com/watch3a77.html]
[www.youtube.com/ios-app_/544007664/vnd.youtube/www.youtube.com/watch3a77.html]
[www.youtube.com/channel/UCZIIRX8rkNjVpP-oLMHpeDw.html]
[www.youtube.com/feeds/videos703e.xml]
[www.youtube.com/android-app_/com.google.android.youtube/http/www.youtube.com/channel/UCZIIRX8rkNjVpP-oLMHpeDw.html]
[www.youtube.com/ios-app_/544007664/vnd.youtube/www.youtube.com/channel/UCZIIRX8rkNjVpP-oLMHpeDw.1d1d.delayed]
[www.youtube.com/@calimove.html]
[www.youtube.com/embed/Ga6Vr3Ec2Mc.html]
[www.youtube.com/android-app_/com.google.android.youtube/http/www.youtube.com/watche5fb.html]
[www.youtube.com/ios-app_/544007664/vnd.youtube/www.youtube.com/watche5fb.html]
[www.youtube.com/channel/UCqjwF8rxRsotnojGl4gM0Zw.html]
[www.youtube.com/feeds/videosf460.xml]
[www.youtube.com/android-app_/com.google.android.youtube/http/www.youtube.com/channel/UCqjwF8rxRsotnojGl4gM0Zw.html]
[www.youtube.com/ios-app_/544007664/vnd.youtube/www.youtube.com/channel/UCqjwF8rxRsotnojGl4gM0Zw.1d25.delayed]
[www.youtube.com/@OFFICIALTHENXSTUDIOS.html]
[www.youtube.com/embed/BkS1-El_WlE.html]
[www.youtube.com/android-app_/com.google.android.youtube/http/www.youtube.com/watchbb5f.html]
[www.youtube.com/ios-app_/544007664/vnd.youtube/www.youtube.com/watchbb5f.html]
[www.youtube.com/natachaoceane.html]
[www.youtube.com/embed/0GMr8xV4IY4.html]
[www.youtube.com/android-app_/com.google.android.youtube/http/www.youtube.com/watch056c.html]
[www.youtube.com/ios-app_/544007664/vnd.youtube/www.youtube.com/watch056c.html]
[www.youtube.com/embed/ESrO1AKwwpk.html]
[www.youtube.com/android-app_/com.google.android.youtube/http/www.youtube.com/watch7f80.html]
[www.youtube.com/ios-app_/544007664/vnd.youtube/www.youtube.com/watch.1d2c7f80.delayed]
[www.youtube.com/watch7f80.html]
[www.youtube.com/android-app_/com.google.android.youtube/http/www.youtube.com/watch1ebd.html]
[www.youtube.com/ios-app_/544007664/vnd.youtube/www.youtube.com/watch1ebd.html]
[www.youtube.com/channel/UCl5_liU7CWXwkGU3Vf3UGNQ.html]
[www.youtube.com/feeds/videos21e0.xml]
[www.youtube.com/android-app_/com.google.android.youtube/http/www.youtube.com/channel/UCl5_liU7CWXwkGU3Vf3UGNQ.html]
[www.youtube.com/ios-app_/544007664/vnd.youtube/www.youtube.com/channel/UCl5_liU7CWXwkGU3Vf3UGNQ.1d34.delayed]
[www.youtube.com/@SaschaHuber.html]
[www.youtube.com/embed/cdyrFYxQK6k.html]
[www.youtube.com/android-app_/com.google.android.youtube/http/www.youtube.com/watch94c0.html]
[www.youtube.com/ios-app_/544007664/vnd.youtube/www.youtube.com/watch.1d3994c0.delayed]
[www.youtube.com/watch94c0.html]
[www.youtube.com/android-app_/com.google.android.youtube/http/www.youtube.com/watch3043.html]
[www.youtube.com/ios-app_/544007664/vnd.youtube/www.youtube.com/watch3043.html]
[www.youtube.com/channel/UCuMFKxLoqOWVA1U1njNttXA.html]
[www.youtube.com/feeds/videosb81b.xml]
[www.youtube.com/android-app_/com.google.android.youtube/http/www.youtube.com/channel/UCuMFKxLoqOWVA1U1njNttXA.html]
[www.youtube.com/ios-app_/544007664/vnd.youtube/www.youtube.com/channel/UCuMFKxLoqOWVA1U1njNttXA.1d41.delayed]
[www.youtube.com/@BodyipDe.html]
[www.youtube.com/embed/VkufXxymQ8g.html]
[www.youtube.com/android-app_/com.google.android.youtube/http/www.youtube.com/watch1ec1.html]
[www.youtube.com/ios-app_/544007664/vnd.youtube/www.youtube.com/watch.1d461ec1.delayed]
[www.youtube.com/watch1ec1.html]
[www.youtube.com/android-app_/com.google.android.youtube/http/www.youtube.com/watchc766.html]
[www.youtube.com/ios-app_/544007664/vnd.youtube/www.youtube.com/watchc766.html]
[www.youtube.com/embed/W-40-N3pHq477ba.html]
[www.youtube.com/embed/W-40-N3pHq4.html]
[www.youtube.com/android-app_/com.google.android.youtube/http/www.youtube.com/watcha4e3.html]
[www.youtube.com/ios-app_/544007664/vnd.youtube/www.youtube.com/watch.1d4da4e3.delayed]
[www.youtube.com/oembed8d25.json]
[www.youtube.com/oembed19cb]
[i.ytimg.com/vi/0ZRw5WtEzxw/maxresdefault.jpg]
[www.youtube.com/VICENews.html]
[www.youtube.com/embed/0ZRw5WtEzxw.html]
[i.ytimg.com/vi/0ZRw5WtEzxw/hqdefault.jpg]
[www.youtube.com/watcha4e3.html]
[www.youtube.com/android-app_/com.google.android.youtube/http/www.youtube.com/watch03df.html]
[www.youtube.com/ios-app_/544007664/vnd.youtube/www.youtube.com/watch.1d5a03df.delayed]
[www.youtube.com/oembed174e.json]
[www.youtube.com/oembeda5a7]
[i.ytimg.com/vi/vCCV6nGa2CE/maxresdefault.jpg]
[www.youtube.com/@RayndayGaming.html]
[www.youtube.com/embed/vCCV6nGa2CE4a00.html]
[i.ytimg.com/vi/vCCV6nGa2CE/hqdefault.jpg]
[www.youtube.com/watch03df.html]
[www.youtube.com/android-app_/com.google.android.youtube/http/www.youtube.com/watchae76.html]
[www.youtube.com/ios-app_/544007664/vnd.youtube/www.youtube.com/watch.1d66ae76.delayed]
[www.youtube.com/oembed7562.json]
[www.youtube.com/oembed996c]
[i.ytimg.com/vi/1f7lvVIK2f0/maxresdefault.jpg]
[www.youtube.com/BeleafinFatherhoodtv.html]
[www.youtube.com/embed/1f7lvVIK2f04a00.html]
[i.ytimg.com/vi/1f7lvVIK2f0/hqdefault.jpg]
[www.youtube.com/watchae76.html]
[www.youtube.com/android-app_/com.google.android.youtube/http/www.youtube.com/watchc4a5.html]
[www.youtube.com/ios-app_/544007664/vnd.youtube/www.youtube.com/watch.1d73c4a5.delayed]
[www.youtube.com/oembed0ae6.json]
[www.youtube.com/oembed900a]
[i.ytimg.com/vi/ipYnR0QxyCg/maxresdefault.jpg]
[www.youtube.com/@juliataylorveronesi.html]
[www.youtube.com/embed/ipYnR0QxyCg4a00.html]
[i.ytimg.com/vi/ipYnR0QxyCg/hqdefault.jpg]
[www.youtube.com/watchc4a5.html]
[www.youtube.com/android-app_/com.google.android.youtube/http/www.youtube.com/watche38b.html]
[www.youtube.com/ios-app_/544007664/vnd.youtube/www.youtube.com/watch.1d7fe38b.delayed]
[www.youtube.com/oembedfa91.json]
[www.youtube.com/oembed6780]
[i.ytimg.com/vi/VYOjWnS4cMY/maxresdefault.jpg]
[www.youtube.com/@ChildishGambinoVEVO.html]
[www.youtube.com/embed/VYOjWnS4cMY.html]
[i.ytimg.com/vi/VYOjWnS4cMY/hqdefault.jpg]
[www.youtube.com/watche38b.html]
[www.youtube.com/android-app_/com.google.android.youtube/http/www.youtube.com/watch8779.html]
[www.youtube.com/ios-app_/544007664/vnd.youtube/www.youtube.com/watch.1d8b8779.delayed]
[www.youtube.com/oembed6d56.json]
[www.youtube.com/oembed93e4]
[i.ytimg.com/vi/JUnc3kl0DcA/maxresdefault.jpg]
[www.youtube.com/@meekmill.html]
[www.youtube.com/embed/JUnc3kl0DcA.html]
[i.ytimg.com/vi/JUnc3kl0DcA/hqdefault.jpg]
[www.youtube.com/watch8779.html]
[www.youtube.com/android-app_/com.google.android.youtube/http/youtube.comhttp_/www.youtube.com/playlist7a8c.html]
[www.youtube.com/ios-app_/544007664/http/youtube.comhttp_/www.youtube.com/playlist.1d977a8c.delayed]
[www.youtube.com/playlist7a8c.html]
[www.youtube.com/android-app_/com.google.android.youtube/http/www.youtube.com/watch5f62.html]
[www.youtube.com/ios-app_/544007664/vnd.youtube/www.youtube.com/watch5f62.html]
[www.youtube.com/channel/UCYyWrpcVU2PZlLohFaYOZUw.html]
[www.youtube.com/feeds/videosa525.xml]
[www.youtube.com/android-app_/com.google.android.youtube/http/www.youtube.com/channel/UCYyWrpcVU2PZlLohFaYOZUw.html]
[www.youtube.com/ios-app_/544007664/vnd.youtube/www.youtube.com/channel/UCYyWrpcVU2PZlLohFaYOZUw.1d9f.delayed]
[www.youtube.com/@TheExploringSeries.html]
[www.youtube.com/embed/R9hv6NsWndM.html]
[www.youtube.com/android-app_/com.google.android.youtube/http/www.youtube.com/watch1819.html]
[www.youtube.com/ios-app_/544007664/vnd.youtube/www.youtube.com/watch1819.html]
[www.youtube.com/channel/UC8pmIe5FjmYlwP0Uf2dyQXQ.html]
[www.youtube.com/feeds/videos31c1.xml]
[www.youtube.com/android-app_/com.google.android.youtube/http/www.youtube.com/channel/UC8pmIe5FjmYlwP0Uf2dyQXQ.html]
[www.youtube.com/ios-app_/544007664/vnd.youtube/www.youtube.com/channel/UC8pmIe5FjmYlwP0Uf2dyQXQ.1da7.delayed]
[www.youtube.com/@scpanimated.html]
[www.youtube.com/embed/I_1I3ZLUUKE.html]
[www.youtube.com/android-app_/com.google.android.youtube/http/www.youtube.com/watchdf07.html]
[www.youtube.com/ios-app_/544007664/vnd.youtube/www.youtube.com/watch.1dacdf07.delayed]
[www.youtube.com/oembed0073.json]
[www.youtube.com/oembed1307]
[i.ytimg.com/vi/lIvr-ORN3_w/maxresdefault.jpg]
[www.youtube.com/@itsferslife.html]
[www.youtube.com/embed/lIvr-ORN3_w.html]
[i.ytimg.com/vi/lIvr-ORN3_w/hqdefault.jpg]
[www.youtube.com/watchdf07.html]
[www.youtube.com/android-app_/com.google.android.youtube/http/www.youtube.com/watch7afd.html]
[www.youtube.com/ios-app_/544007664/vnd.youtube/www.youtube.com/watch7afd.html]
[www.youtube.com/android-app_/com.google.android.youtube/http/www.youtube.com/channel/UCUC_22Y1A_uHZ9kEXSRPCKA.html]
[www.youtube.com/ios-app_/544007664/vnd.youtube/www.youtube.com/channel/UCUC_22Y1A_uHZ9kEXSRPCKA.1db9.delayed]
[www.youtube.com/@toocoolformiddleschoolblog.html]
[www.youtube.com/embed/_XlFBegoiiM.html]
[www.youtube.com/android-app_/com.google.android.youtube/http/www.youtube.com/watch2bc1.html]
[www.youtube.com/ios-app_/544007664/vnd.youtube/www.youtube.com/watch2bc1.html]
[www.youtube.com/channel/UCd6vizTYlSgpR6zJ8j5KiyA.html]
[www.youtube.com/feeds/videosec6b.xml]
[www.youtube.com/android-app_/com.google.android.youtube/http/www.youtube.com/channel/UCd6vizTYlSgpR6zJ8j5KiyA.html]
[www.youtube.com/ios-app_/544007664/vnd.youtube/www.youtube.com/channel/UCd6vizTYlSgpR6zJ8j5KiyA.1dc1.delayed]
[www.youtube.com/@NewEdTechClassroom.html]
[www.youtube.com/embed/uUOwyIgzFOU.html]
[www.youtube.com/android-app_/com.google.android.youtube/http/www.youtube.com/watch5882.html]
[www.youtube.com/ios-app_/544007664/vnd.youtube/www.youtube.com/watch5882.html]
[www.youtube.com/channel/UC_Mv2BsvWR03-s7S5CrNm3w.html]
[www.youtube.com/feeds/videoseb63.xml]
[www.youtube.com/android-app_/com.google.android.youtube/http/www.youtube.com/channel/UC_Mv2BsvWR03-s7S5CrNm3w.html]
[www.youtube.com/ios-app_/544007664/vnd.youtube/www.youtube.com/channel/UC_Mv2BsvWR03-s7S5CrNm3w.1dc9.delayed]
[www.youtube.com/@FlippedClassroomTutorials.html]
[www.youtube.com/embed/rWk0mKFpJbY.html]
[www.youtube.com/android-app_/com.google.android.youtube/http/www.youtube.com/watchc691.html]
[www.youtube.com/ios-app_/544007664/vnd.youtube/www.youtube.com/watchc691.html]
[www.youtube.com/channel/UCoZCili40vUhAECOq2WzUdQ.html]
[www.youtube.com/feeds/videosdf6e.xml]
[www.youtube.com/android-app_/com.google.android.youtube/http/www.youtube.com/channel/UCoZCili40vUhAECOq2WzUdQ.html]
[www.youtube.com/ios-app_/544007664/vnd.youtube/www.youtube.com/channel/UCoZCili40vUhAECOq2WzUdQ.1dd1.delayed]
[www.youtube.com/@PBSLearningMediaORG.html]
[www.youtube.com/embed/43cw7DflUZo.html]
[www.youtube.com/android-app_/com.google.android.youtube/http/www.youtube.com/watch9933.html]
[www.youtube.com/ios-app_/544007664/vnd.youtube/www.youtube.com/watch9933.html]
[www.youtube.com/channel/UCULpiAa8nIl_e68y59VYjHQ.html]
[www.youtube.com/feeds/videos2439.xml]
[www.youtube.com/android-app_/com.google.android.youtube/http/www.youtube.com/channel/UCULpiAa8nIl_e68y59VYjHQ.html]
[www.youtube.com/ios-app_/544007664/vnd.youtube/www.youtube.com/channel/UCULpiAa8nIl_e68y59VYjHQ.1dd9.delayed]
[www.youtube.com/@thevirtualinstructor.html]
[www.youtube.com/embed/rdH9QB1GUu4.html]
[www.youtube.com/android-app_/com.google.android.youtube/http/www.youtube.com/watch68fc.html]
[www.youtube.com/ios-app_/544007664/vnd.youtube/www.youtube.com/watch68fc.html]
[www.youtube.com/android-app_/com.google.android.youtube/http/www.youtube.com/channel/UCf4ktrnK_jWG1mC7U7fNphA.html]
[www.youtube.com/ios-app_/544007664/vnd.youtube/www.youtube.com/channel/UCf4ktrnK_jWG1mC7U7fNphA.1ddf.delayed]
[www.youtube.com/@PocketfulofPrimary.html]
[www.youtube.com/embed/svmGQhQLuBQ.html]
[www.youtube.com/android-app_/com.google.android.youtube/http/www.youtube.com/watchbe45.html]
[www.youtube.com/ios-app_/544007664/vnd.youtube/www.youtube.com/watchbe45.html]
[www.youtube.com/channel/UChP-_GEzDmMoxPEuW-_SCgQ.html]
[www.youtube.com/feeds/videoseebe.xml]
[www.youtube.com/android-app_/com.google.android.youtube/http/www.youtube.com/channel/UChP-_GEzDmMoxPEuW-_SCgQ.html]
[www.youtube.com/ios-app_/544007664/vnd.youtube/www.youtube.com/channel/UChP-_GEzDmMoxPEuW-_SCgQ.1de7.delayed]
[www.youtube.com/@OrangeCountyPublicSchools.html]
[www.youtube.com/embed/Jiex41xEyMQ.html]
[www.youtube.com/android-app_/com.google.android.youtube/http/www.youtube.com/watchc981.html]
[www.youtube.com/ios-app_/544007664/vnd.youtube/www.youtube.com/watchc981.html]
[www.youtube.com/channel/UCg2EPgrZtxyZPdaprLgSqpQ.html]
[www.youtube.com/feeds/videos024a.xml]
[www.youtube.com/android-app_/com.google.android.youtube/http/www.youtube.com/channel/UCg2EPgrZtxyZPdaprLgSqpQ.html]
[www.youtube.com/ios-app_/544007664/vnd.youtube/www.youtube.com/channel/UCg2EPgrZtxyZPdaprLgSqpQ.1def.delayed]
[www.youtube.com/@pasco_schools.html]
[www.youtube.com/embed/aiHLbcyQp0M.html]
[www.youtube.com/android-app_/com.google.android.youtube/http/www.youtube.com/watchbfaa.html]
[www.youtube.com/ios-app_/544007664/vnd.youtube/www.youtube.com/watchbfaa.html]
[www.youtube.com/channel/UCJ4S-ebhAT-3NkzriI7M27g.html]
[www.youtube.com/feeds/videosb9b6-2.xml]
[www.youtube.com/android-app_/com.google.android.youtube/http/www.youtube.com/channel/UCJ4S-ebhAT-3NkzriI7M27g.html]
[www.youtube.com/ios-app_/544007664/vnd.youtube/www.youtube.com/channel/UCJ4S-ebhAT-3NkzriI7M27g.1df7.delayed]
[www.youtube.com/@spprep1872.html]
[www.youtube.com/embed/U8nH3tgVEv4.html]
[www.youtube.com/android-app_/com.google.android.youtube/http/www.youtube.com/watchb395.html]
[www.youtube.com/ios-app_/544007664/vnd.youtube/www.youtube.com/watchb395.html]
[www.youtube.com/channel/UCCaTyXipAyD-VTzTKG3Omuw.html]
[www.youtube.com/feeds/videosf9e5.xml]
[www.youtube.com/android-app_/com.google.android.youtube/http/www.youtube.com/channel/UCCaTyXipAyD-VTzTKG3Omuw.html]
[www.youtube.com/ios-app_/544007664/vnd.youtube/www.youtube.com/channel/UCCaTyXipAyD-VTzTKG3Omuw.1dff.delayed]
[www.youtube.com/@MHSbandchannel.html]
[www.youtube.com/embed/EdJ92yE8ixE.html]
[www.youtube.com/channel/android-app_/com.google.android.youtube/http/www.youtube.com/channel/UCf4ktrnK_jWG1mC7U7fNphA.html]
[www.youtube.com/channel/ios-app_/544007664/vnd.youtube/www.youtube.com/channel/UCf4ktrnK_jWG1mC7U7fNphA.html]
[www.youtube.com/channel/android-app_/com.google.android.youtube/http/www.youtube.com/channel/UCUC_22Y1A_uHZ9kEXSRPCKA.html]
[www.youtube.com/channel/ios-app_/544007664/vnd.youtube/www.youtube.com/channel/UCUC_22Y1A_uHZ9kEXSRPCKA.html]
[www.youtube.com/channel/android-app_/com.google.android.youtube/http/www.youtube.com/channel/UCbQ6t7WIw5XiIeW8v-AOnAw.html]
[www.youtube.com/channel/ios-app_/544007664/vnd.youtube/www.youtube.com/channel/UCbQ6t7WIw5XiIeW8v-AOnAw.html]
[www.youtube.com/channel/android-app_/com.google.android.youtube/http/www.youtube.com/channel/UCbAc0_6yP7RQuOPrfkb0ODw.html]
[www.youtube.com/channel/ios-app_/544007664/vnd.youtube/www.youtube.com/channel/UCbAc0_6yP7RQuOPrfkb0ODw.html]
[www.youtube.com/android-app_/com.google.android.youtube/http/www.youtube.com/watch0589.html]
[www.youtube.com/ios-app_/544007664/vnd.youtube/www.youtube.com/watch0589.html]
[www.youtube.com/channel/UCX0-enhP1zgOclF_oNsHxfQ.html]
[www.youtube.com/feeds/videos7e98.xml]
[www.youtube.com/android-app_/com.google.android.youtube/http/www.youtube.com/channel/UCX0-enhP1zgOclF_oNsHxfQ.html]
[www.youtube.com/ios-app_/544007664/vnd.youtube/www.youtube.com/channel/UCX0-enhP1zgOclF_oNsHxfQ.1e07.delayed]
[www.youtube.com/@TheCaffeinatedClassroom.html]
[www.youtube.com/embed/Uc87gWfIJtc.html]
[www.youtube.com/android-app_/com.google.android.youtube/http/www.youtube.com/watch50b3.html]
[www.youtube.com/ios-app_/544007664/vnd.youtube/www.youtube.com/watch50b3.html]
[www.youtube.com/embed/s6mWD3i4ofo.html]
[www.youtube.com/android-app_/com.google.android.youtube/http/www.youtube.com/watch3a7c.html]
[www.youtube.com/ios-app_/544007664/vnd.youtube/www.youtube.com/watch3a7c.html]
[www.youtube.com/embed/F7RVUfOJxNU.html]
[www.youtube.com/android-app_/com.google.android.youtube/http/www.youtube.com/watch1ae7.html]
[www.youtube.com/ios-app_/544007664/vnd.youtube/www.youtube.com/watch1ae7.html]
[www.youtube.com/embed/nrlN7ailyfQ.html]
[www.youtube.com/android-app_/com.google.android.youtube/http/www.youtube.com/watchdf0e.html]
[www.youtube.com/ios-app_/544007664/vnd.youtube/www.youtube.com/watchdf0e.html]
[www.youtube.com/channel/UCT55ZacrABCuKrJrgMpT-Zw.html]
[www.youtube.com/feeds/videosfd70.xml]
[www.youtube.com/android-app_/com.google.android.youtube/http/www.youtube.com/channel/UCT55ZacrABCuKrJrgMpT-Zw.html]
[www.youtube.com/ios-app_/544007664/vnd.youtube/www.youtube.com/channel/UCT55ZacrABCuKrJrgMpT-Zw.1e12.delayed]
[www.youtube.com/@DarinNakakihara.html]
[www.youtube.com/embed/Ec6ic_GIq3c.html]
[www.youtube.com/android-app_/com.google.android.youtube/http/www.youtube.com/watch3714.html]
[www.youtube.com/ios-app_/544007664/vnd.youtube/www.youtube.com/watch3714.html]
[www.youtube.com/channel/UCW_b2E0_mZWDuFtLS_fLtEg.html]
[www.youtube.com/feeds/videosb634.xml]
[www.youtube.com/android-app_/com.google.android.youtube/http/www.youtube.com/channel/UCW_b2E0_mZWDuFtLS_fLtEg.html]
[www.youtube.com/ios-app_/544007664/vnd.youtube/www.youtube.com/channel/UCW_b2E0_mZWDuFtLS_fLtEg.1e1a.delayed]
[www.youtube.com/@logangutci6245.html]
[www.youtube.com/embed/JVUxJlGgqKc.html]
[www.youtube.com/android-app_/com.google.android.youtube/http/www.youtube.com/watcha69e.html]
[www.youtube.com/ios-app_/544007664/vnd.youtube/www.youtube.com/watcha69e.html]
[www.youtube.com/channel/UCy6WdFV3tZJwnNO4ymWy8Hg.html]
[www.youtube.com/feeds/videos2fd9.xml]
[www.youtube.com/android-app_/com.google.android.youtube/http/www.youtube.com/channel/UCy6WdFV3tZJwnNO4ymWy8Hg.html]
[www.youtube.com/ios-app_/544007664/vnd.youtube/www.youtube.com/channel/UCy6WdFV3tZJwnNO4ymWy8Hg.1e22.delayed]
[www.youtube.com/@teachcreateandcaffeinate.html]
[www.youtube.com/embed/FCyQaI9xRS8.html]
[www.youtube.com/android-app_/com.google.android.youtube/http/www.youtube.com/watchb9c2.html]
[www.youtube.com/ios-app_/544007664/vnd.youtube/www.youtube.com/watchb9c2.html]
[www.youtube.com/channel/UC2fYyKgjwxs7hRf-ePENqYA.html]
[www.youtube.com/feeds/videos36dd.xml]
[www.youtube.com/android-app_/com.google.android.youtube/http/www.youtube.com/channel/UC2fYyKgjwxs7hRf-ePENqYA.html]
[www.youtube.com/ios-app_/544007664/vnd.youtube/www.youtube.com/channel/UC2fYyKgjwxs7hRf-ePENqYA.1e2a.delayed]
[www.youtube.com/@MirandaWebber82.html]
[www.youtube.com/embed/ll7gJCqEHBk.html]
[www.youtube.com/android-app_/com.google.android.youtube/http/www.youtube.com/watch494f.html]
[www.youtube.com/ios-app_/544007664/vnd.youtube/www.youtube.com/watch494f.html]
[www.youtube.com/channel/UC1UHFQ5bT_lHFAG3ORATDBQ.html]
[www.youtube.com/feeds/videosa578.xml]
[www.youtube.com/android-app_/com.google.android.youtube/http/www.youtube.com/channel/UC1UHFQ5bT_lHFAG3ORATDBQ.html]
[www.youtube.com/ios-app_/544007664/vnd.youtube/www.youtube.com/channel/UC1UHFQ5bT_lHFAG3ORATDBQ.1e32.delayed]
[www.youtube.com/@CourtesyofMari.html]
[www.youtube.com/embed/31jXLz0ghwE.html]
[www.youtube.com/android-app_/com.google.android.youtube/http/www.youtube.com/watch2e7f.html]
[www.youtube.com/ios-app_/544007664/vnd.youtube/www.youtube.com/watch2e7f.html]
[www.youtube.com/channel/UCbWIPo7DXZPs8_NpHroF5SA.html]
[www.youtube.com/feeds/videos12f3.xml]
[www.youtube.com/android-app_/com.google.android.youtube/http/www.youtube.com/channel/UCbWIPo7DXZPs8_NpHroF5SA.html]
[www.youtube.com/ios-app_/544007664/vnd.youtube/www.youtube.com/channel/UCbWIPo7DXZPs8_NpHroF5SA.1e3a.delayed]
[www.youtube.com/@applesandtiaras.html]
[www.youtube.com/embed/liLUFj9loH4.html]
[www.youtube.com/android-app_/com.google.android.youtube/http/www.youtube.com/watche381.html]
[www.youtube.com/ios-app_/544007664/vnd.youtube/www.youtube.com/watche381.html]
[i.ytimg.com/vi/109RlFhkYAA/hqdefault.jpg]
[www.youtube.com/android-app_/com.google.android.youtube/http/www.youtube.com/watchfc46.html]
[www.youtube.com/ios-app_/544007664/vnd.youtube/www.youtube.com/watchfc46.html]
[www.youtube.com/embed/Qr4HK0Hq7b0.html]
[www.youtube.com/android-app_/com.google.android.youtube/http/www.youtube.com/watch2e16.html]
[www.youtube.com/ios-app_/544007664/vnd.youtube/www.youtube.com/watch2e16.html]
[www.youtube.com/embed/8trXMHjsDmw.html]
[www.youtube.com/android-app_/com.google.android.youtube/http/www.youtube.com/watchaa0e.html]
[www.youtube.com/ios-app_/544007664/vnd.youtube/www.youtube.com/watchaa0e.html]
[www.youtube.com/embed/kBwJ5OMrwtM.html]
[www.youtube.com/android-app_/com.google.android.youtube/http/www.youtube.com/watch9a8f.html]
[www.youtube.com/ios-app_/544007664/vnd.youtube/www.youtube.com/watch9a8f.html]
[www.youtube.com/embed/jm_nbDB1NAY.html]
[www.youtube.com/android-app_/com.google.android.youtube/http/www.youtube.com/watchdbba.html]
[www.youtube.com/ios-app_/544007664/vnd.youtube/www.youtube.com/watchdbba.html]
[www.youtube.com/channel/UCeNZlh03MyUkjRlLFpVQxsg.html]
[www.youtube.com/feeds/videos1df8.xml]
[www.youtube.com/android-app_/com.google.android.youtube/http/www.youtube.com/channel/UCeNZlh03MyUkjRlLFpVQxsg.html]
[www.youtube.com/ios-app_/544007664/vnd.youtube/www.youtube.com/channel/UCeNZlh03MyUkjRlLFpVQxsg.1e47.delayed]
[www.youtube.com/@Trends.html]
[www.youtube.com/embed/G3VTVnLLsGU.html]
[www.youtube.com/android-app_/com.google.android.youtube/http/www.youtube.com/watch6ac6.html]
[www.youtube.com/ios-app_/544007664/vnd.youtube/www.youtube.com/watch.1e4c6ac6.delayed]
[www.youtube.com/oembed9db2.json]
[www.youtube.com/oembed4a7d]
[i.ytimg.com/vi/DqlmDf6_hsY/maxresdefault.jpg]
[www.youtube.com/@sewitonline.html]
[www.youtube.com/embed/DqlmDf6_hsY.html]
[i.ytimg.com/vi/DqlmDf6_hsY/hqdefault.jpg]
[www.youtube.com/watch6ac6.html]
[www.youtube.com/channel/android-app_/com.google.android.youtube/http/www.youtube.com/channel/UCJmEkeFVWQ_2vtHNonYzVxA.html]
[www.youtube.com/channel/ios-app_/544007664/vnd.youtube/www.youtube.com/channel/UCJmEkeFVWQ_2vtHNonYzVxA.html]
[www.youtube.com/android-app_/com.google.android.youtube/http/www.youtube.com/watchd8e9.html]
[www.youtube.com/ios-app_/544007664/vnd.youtube/www.youtube.com/watch.1e58d8e9.delayed]
[www.youtube.com/oembed0e15.json]
[www.youtube.com/oembed83f1]
[i.ytimg.com/vi/9tBg0Os5FWQ/maxresdefault.jpg]
[www.youtube.com/@deaconesshealth.html]
[www.youtube.com/embed/9tBg0Os5FWQ.html]
[i.ytimg.com/vi/9tBg0Os5FWQ/hqdefault.jpg]
[www.youtube.com/watchd8e9.html]
[www.youtube.com/channel/android-app_/com.google.android.youtube/http/www.youtube.com/channel/UCXchirenk1vN2hI1187MIrQ.html]
[www.youtube.com/channel/ios-app_/544007664/vnd.youtube/www.youtube.com/channel/UCXchirenk1vN2hI1187MIrQ.html]
[www.youtube.com/channel/android-app_/com.google.android.youtube/http/www.youtube.com/channel/UCcXMGAm6Cx72kveyt9P6pBw.html]
[www.youtube.com/channel/ios-app_/544007664/vnd.youtube/www.youtube.com/channel/UCcXMGAm6Cx72kveyt9P6pBw.html]
[www.youtube.com/android-app_/com.google.android.youtube/http/www.youtube.com/watch1178.html]
[www.youtube.com/ios-app_/544007664/vnd.youtube/www.youtube.com/watch.1e641178.delayed]
[www.youtube.com/oembed51e0.json]
[www.youtube.com/oembed3cb8]
[i.ytimg.com/vi/k-gKo43s6nw/maxresdefault.jpg]
[www.youtube.com/@SparkleSewing.html]
[www.youtube.com/embed/k-gKo43s6nw.html]
[i.ytimg.com/vi/k-gKo43s6nw/hqdefault.jpg]
[www.youtube.com/watch1178.html]
[www.youtube.com/channel/android-app_/com.google.android.youtube/http/www.youtube.com/channel/UCviGwbBCkSd7wzBg7VpC9tg.html]
[www.youtube.com/channel/ios-app_/544007664/vnd.youtube/www.youtube.com/channel/UCviGwbBCkSd7wzBg7VpC9tg.html]
[www.youtube.com/android-app_/com.google.android.youtube/http/www.youtube.com/watcha778.html]
[www.youtube.com/ios-app_/544007664/vnd.youtube/www.youtube.com/watch.1e70a778.delayed]
[www.youtube.com/oembedd38c.json]
[www.youtube.com/oembed933d]
[i.ytimg.com/vi/KIR1tLAz8RM/maxresdefault.jpg]
[www.youtube.com/@SewYeah.html]
[www.youtube.com/embed/KIR1tLAz8RM.html]
[i.ytimg.com/vi/KIR1tLAz8RM/hqdefault.jpg]
[www.youtube.com/watcha778.html]
[www.youtube.com/channel/android-app_/com.google.android.youtube/http/www.youtube.com/channel/UC9duydx1VXTV0tP7q39S0Lw.1e7a.delayed]
[www.youtube.com/channel/ios-app_/544007664/vnd.youtube/www.youtube.com/channel/UC9duydx1VXTV0tP7q39S0Lw.1e7c.delayed]
[www.youtube.com/channel/UC9duydx1VXTV0tP7q39S0Lw.html]
[www.youtube.com/user/android-app_/com.google.android.youtube/http/www.youtube.com/channel/UC9duydx1VXTV0tP7q39S0Lw.html]
[www.youtube.com/user/ios-app_/544007664/vnd.youtube/www.youtube.com/channel/UC9duydx1VXTV0tP7q39S0Lw.html]
[www.youtube.com/android-app_/com.google.android.youtube/http/www.youtube.com/watch6721-2.html]
[www.youtube.com/ios-app_/544007664/vnd.youtube/www.youtube.com/watch.1e816721.delayed]
[www.youtube.com/oembedf7f4.json]
[www.youtube.com/oembed6b83]
[i.ytimg.com/vi/VgHrnS6n4iA/maxresdefaultdf35.jpg]
[www.youtube.com/@JOANNStores.html]
[www.youtube.com/embed/VgHrnS6n4iA.html]
[i.ytimg.com/vi/VgHrnS6n4iA/hqdefault.jpg]
[www.youtube.com/watch6721-2.html]
[www.youtube.com/android-app_/com.google.android.youtube/http/www.youtube.com/watch2804.html]
[www.youtube.com/ios-app_/544007664/vnd.youtube/www.youtube.com/watch2804.html]
[www.youtube.com/android-app_/com.google.android.youtube/http/www.youtube.com/watche99b.html]
[www.youtube.com/ios-app_/544007664/vnd.youtube/www.youtube.com/watche99b.html]
[www.youtube.com/android-app_/com.google.android.youtube/http/www.youtube.com/channel/UCVl6ZdslZz2Zj-34bMJFPbg.html]
[www.youtube.com/ios-app_/544007664/vnd.youtube/www.youtube.com/channel/UCVl6ZdslZz2Zj-34bMJFPbg.html]
[www.youtube.com/android-app_/com.google.android.youtube/http/www.youtube.com/watch9967.html]
[www.youtube.com/ios-app_/544007664/vnd.youtube/www.youtube.com/watch9967.html]
[www.youtube.com/channel/android-app_/com.google.android.youtube/http/www.youtube.com/channel/UCnrXvqbfwAEpIyPLQQNr8nA.1e8f.delayed]
[www.youtube.com/channel/ios-app_/544007664/vnd.youtube/www.youtube.com/channel/UCnrXvqbfwAEpIyPLQQNr8nA.1e91.delayed]
[www.youtube.com/channel/UCnrXvqbfwAEpIyPLQQNr8nA.html]
[www.youtube.com/android-app_/com.google.android.youtube/http/www.youtube.com/channel/UCnrXvqbfwAEpIyPLQQNr8nA.html]
[www.youtube.com/ios-app_/544007664/vnd.youtube/www.youtube.com/channel/UCnrXvqbfwAEpIyPLQQNr8nA.html]
[www.youtube.com/android-app_/com.google.android.youtube/http/www.youtube.com/watch40bb.html]
[www.youtube.com/ios-app_/544007664/vnd.youtube/www.youtube.com/watch40bb.html]
[www.youtube.com/channel/android-app_/com.google.android.youtube/http/www.youtube.com/channel/UCHufaoaq1VqjHvnv8zvg9pQ.1e96.delayed]
[www.youtube.com/channel/ios-app_/544007664/vnd.youtube/www.youtube.com/channel/UCHufaoaq1VqjHvnv8zvg9pQ.1e98.delayed]
[www.youtube.com/channel/UCHufaoaq1VqjHvnv8zvg9pQ.html]
[www.youtube.com/android-app_/com.google.android.youtube/http/www.youtube.com/channel/UCHufaoaq1VqjHvnv8zvg9pQ.html]
[www.youtube.com/ios-app_/544007664/vnd.youtube/www.youtube.com/channel/UCHufaoaq1VqjHvnv8zvg9pQ.html]
[www.youtube.com/channel/android-app_/com.google.android.youtube/http/www.youtube.com/channel/UCDUlDJcPPOOQK-3UrxEyhAQ.html]
[www.youtube.com/channel/ios-app_/544007664/vnd.youtube/www.youtube.com/channel/UCDUlDJcPPOOQK-3UrxEyhAQ.html]
[www.youtube.com/channel/UCDUlDJcPPOOQK-3UrxEyhAQ/android-app_/com.google.android.youtube/http/www.youtube.com/channel/android-app_/com.google.android.youtube/http/www.youtube.com/channel/UCDUlDJcPPOOQK-3UrxEyhAQ.16]
[www.youtube.com/channel/UCDUlDJcPPOOQK-3UrxEyhAQ/android-app_/com.google.android.youtube/http/www.youtube.com/channel/ios-app_/544007664/vnd.youtube/www.youtube.com/channel/UCDUlDJcPPOOQK-3UrxEyhAQ.html]
[www.youtube.com/channel/UCDUlDJcPPOOQK-3UrxEyhAQ/ios-app_/544007664/vnd.youtube/www.youtube.com/channel/android-app_/com.google.android.youtube/http/www.youtube.com/channel/UCDUlDJcPPOOQK-3UrxEyhAQ.html]
[www.youtube.com/channel/UCDUlDJcPPOOQK-3UrxEyhAQ/ios-app_/544007664/vnd.youtube/www.youtube.com/channel/ios-app_/544007664/vnd.youtube/www.youtube.com/channel/UCDUlDJcPPOOQK-3UrxEyhAQ.html]
[www.youtube.com/channel/android-app_/com.google.android.youtube/http/www.youtube.com/channel/UCXIJ2-RSIGn53HA-x9RDevA.html]
[www.youtube.com/channel/ios-app_/544007664/vnd.youtube/www.youtube.com/channel/UCXIJ2-RSIGn53HA-x9RDevA.html]
[www.youtube.com/user/KozakSportsPerform/android-app_/com.google.android.youtube/http/www.youtube.com/channel/android-app_/com.google.android.youtube/http/www.youtube.com/channel/UCXIJ2-RSIGn53HA-x9RDevA.1664.delaye]
[www.youtube.com/user/KozakSportsPerform/android-app_/com.google.android.youtube/http/www.youtube.com/channel/ios-app_/544007664/vnd.youtube/www.youtube.com/channel/UCXIJ2-RSIGn53HA-x9RDevA.html]
[www.youtube.com/user/KozakSportsPerform/ios-app_/544007664/vnd.youtube/www.youtube.com/channel/android-app_/com.google.android.youtube/http/www.youtube.com/channel/UCXIJ2-RSIGn53HA-x9RDevA.html]
[www.youtube.com/user/KozakSportsPerform/ios-app_/544007664/vnd.youtube/www.youtube.com/channel/ios-app_/544007664/vnd.youtube/www.youtube.com/channel/UCXIJ2-RSIGn53HA-x9RDevA.html]
[www.youtube.com/channel/android-app_/com.google.android.youtube/http/www.youtube.com/channel/UCCgLoMYIyP0U56dEhEL1wXQ.html]
[www.youtube.com/channel/ios-app_/544007664/vnd.youtube/www.youtube.com/channel/UCCgLoMYIyP0U56dEhEL1wXQ.html]
[www.youtube.com/user/ChloesAddiction/android-app_/com.google.android.youtube/http/www.youtube.com/channel/android-app_/com.google.android.youtube/http/www.youtube.com/channel/UCCgLoMYIyP0U56dEhEL1wXQ.html]
[www.youtube.com/user/ChloesAddiction/android-app_/com.google.android.youtube/http/www.youtube.com/channel/ios-app_/544007664/vnd.youtube/www.youtube.com/channel/UCCgLoMYIyP0U56dEhEL1wXQ.html]
[www.youtube.com/user/ChloesAddiction/ios-app_/544007664/vnd.youtube/www.youtube.com/channel/android-app_/com.google.android.youtube/http/www.youtube.com/channel/UCCgLoMYIyP0U56dEhEL1wXQ.html]
[www.youtube.com/user/ChloesAddiction/ios-app_/544007664/vnd.youtube/www.youtube.com/channel/ios-app_/544007664/vnd.youtube/www.youtube.com/channel/UCCgLoMYIyP0U56dEhEL1wXQ.html]
[www.youtube.com/android-app_/com.google.android.youtube/http/www.youtube.com/channel/UCCgLoMYIyP0U56dEhEL1wXQ.html]
[www.youtube.com/ios-app_/544007664/vnd.youtube/www.youtube.com/channel/UCCgLoMYIyP0U56dEhEL1wXQ.html]
[www.youtube.com/android-app_/com.google.android.youtube/http/www.youtube.com/watch547a.html]
[www.youtube.com/ios-app_/544007664/vnd.youtube/www.youtube.com/watch547a.html]
[www.youtube.com/channel/android-app_/com.google.android.youtube/http/www.youtube.com/channel/UCM3SMB1jINy_NxH1O01z5gA.1ebc.delayed]
[www.youtube.com/channel/ios-app_/544007664/vnd.youtube/www.youtube.com/channel/UCM3SMB1jINy_NxH1O01z5gA.1ebe.delayed]
[www.youtube.com/channel/UCM3SMB1jINy_NxH1O01z5gA.html]
[www.youtube.com/android-app_/com.google.android.youtube/http/www.youtube.com/channel/UCM3SMB1jINy_NxH1O01z5gA.html]
[www.youtube.com/ios-app_/544007664/vnd.youtube/www.youtube.com/channel/UCM3SMB1jINy_NxH1O01z5gA.html]
[www.youtube.com/android-app_/com.google.android.youtube/http/www.youtube.com/watch8fad.html]
[www.youtube.com/ios-app_/544007664/vnd.youtube/www.youtube.com/watch8fad.html]
[www.youtube.com/channel/UC7qTEluetD2pDB7lUBBlKuw.html]
[www.youtube.com/feeds/videosf34d.xml]
[www.youtube.com/android-app_/com.google.android.youtube/http/www.youtube.com/channel/UC7qTEluetD2pDB7lUBBlKuw.html]
[www.youtube.com/ios-app_/544007664/vnd.youtube/www.youtube.com/channel/UC7qTEluetD2pDB7lUBBlKuw.1ec7.delayed]
[www.youtube.com/@GarenaFreeFireGlobal.html]
[www.youtube.com/embed/oq2Rz2I11l0.html]
[www.youtube.com/channel/android-app_/com.google.android.youtube/http/www.youtube.com/channel/UC1ZPgKGxaT5P7QKN_bk9xkw.1eca.delayed]
[www.youtube.com/channel/ios-app_/544007664/vnd.youtube/www.youtube.com/channel/UC1ZPgKGxaT5P7QKN_bk9xkw.1ecc.delayed]
[www.youtube.com/channel/UC1ZPgKGxaT5P7QKN_bk9xkw.html]
[www.youtube.com/android-app_/com.google.android.youtube/http/www.youtube.com/channel/UC1ZPgKGxaT5P7QKN_bk9xkw.html]
[www.youtube.com/ios-app_/544007664/vnd.youtube/www.youtube.com/channel/UC1ZPgKGxaT5P7QKN_bk9xkw.html]
[www.youtube.com/channel/android-app_/com.google.android.youtube/http/www.youtube.com/channel/UCPzFLpOblZEaIx2lpym1l1A.1ed0.delayed]
[www.youtube.com/channel/ios-app_/544007664/vnd.youtube/www.youtube.com/channel/UCPzFLpOblZEaIx2lpym1l1A.1ed2.delayed]
[www.youtube.com/channel/UCPzFLpOblZEaIx2lpym1l1A.html]
[www.youtube.com/user/android-app_/com.google.android.youtube/http/www.youtube.com/channel/UCPzFLpOblZEaIx2lpym1l1A.html]
[www.youtube.com/user/ios-app_/544007664/vnd.youtube/www.youtube.com/channel/UCPzFLpOblZEaIx2lpym1l1A.html]
[www.youtube.com/channel/android-app_/com.google.android.youtube/http/www.youtube.com/channel/UChBEbMKI1eCcejTtmI32UEw.html]
[www.youtube.com/channel/ios-app_/544007664/vnd.youtube/www.youtube.com/channel/UChBEbMKI1eCcejTtmI32UEw.html]
[www.youtube.com/android-app_/com.google.android.youtube/http/www.youtube.com/watch551b.html]
[www.youtube.com/ios-app_/544007664/vnd.youtube/www.youtube.com/watch.1ed7551b.delayed]
[www.youtube.com/watch551b.html]
[www.youtube.com/android-app_/com.google.android.youtube/http/www.youtube.com/watchfbb1.html]
[www.youtube.com/ios-app_/544007664/vnd.youtube/www.youtube.com/watchfbb1.html]
[www.youtube.com/embed/ofn_-cg6f4M.html]
[www.youtube.com/channel/UCYCsQyi8im9uPyQyv-J1P_Q.html]
[www.youtube.com/feeds/videos026f.xml]
[www.youtube.com/android-app_/com.google.android.youtube/http/www.youtube.com/channel/UCYCsQyi8im9uPyQyv-J1P_Q.html]
[www.youtube.com/ios-app_/544007664/vnd.youtube/www.youtube.com/channel/UCYCsQyi8im9uPyQyv-J1P_Q.1ee0.delayed]
[www.youtube.com/@MakingLemonadeFromLemons.html]
[www.youtube.com/embed/ofn_-cg6f4M9b5f.html]
[www.youtube.com/android-app_/com.google.android.youtube/http/www.youtube.com/watch8ec1.html]
[www.youtube.com/ios-app_/544007664/vnd.youtube/www.youtube.com/watch8ec1.html]
[www.youtube.com/channel/UCQKAbZugsNRV7gmxsX83QpQ.html]
[www.youtube.com/feeds/videos6873.xml]
[www.youtube.com/android-app_/com.google.android.youtube/http/www.youtube.com/channel/UCQKAbZugsNRV7gmxsX83QpQ.html]
[www.youtube.com/ios-app_/544007664/vnd.youtube/www.youtube.com/channel/UCQKAbZugsNRV7gmxsX83QpQ.1ee8.delayed]
[www.youtube.com/@BumbleBeeJunction.html]
[www.youtube.com/embed/iP_8NXQktGg.html]
[www.youtube.com/android-app_/com.google.android.youtube/http/www.youtube.com/watchfd7d.html]
[www.youtube.com/ios-app_/544007664/vnd.youtube/www.youtube.com/watchfd7d.html]
[www.youtube.com/oembed236b.json]
[www.youtube.com/oembed6479.json]
[www.youtube.com/channel/UCy1lD60lpac64VnqMusOBtw.html]
[www.youtube.com/feeds/videose3c3.xml]
[www.youtube.com/android-app_/com.google.android.youtube/http/www.youtube.com/channel/UCy1lD60lpac64VnqMusOBtw.html]
[www.youtube.com/ios-app_/544007664/vnd.youtube/www.youtube.com/channel/UCy1lD60lpac64VnqMusOBtw.1ef0.delayed]
[www.youtube.com/@TheKneadyHomesteader.html]
[www.youtube.com/android-app_/com.google.android.youtube/http/www.youtube.com/watch0f46.html]
[www.youtube.com/ios-app_/544007664/vnd.youtube/www.youtube.com/watch.1ef50f46.delayed]
[www.youtube.com/watch0f46.html]
[www.youtube.com/android-app_/com.google.android.youtube/http/www.youtube.com/watchb494.html]
[www.youtube.com/ios-app_/544007664/vnd.youtube/www.youtube.com/watchb494.html]
[www.youtube.com/embed/stoPYwdPU-E.html]
[www.youtube.com/android-app_/com.google.android.youtube/http/www.youtube.com/channel/UCzH5n3Ih5kgQoiDAQt2FwLw.html]
[www.youtube.com/ios-app_/544007664/vnd.youtube/www.youtube.com/channel/UCzH5n3Ih5kgQoiDAQt2FwLw.1efc.delayed]
[www.youtube.com/@LifebyMikeG.html]
[www.youtube.com/embed/stoPYwdPU-E77ba.html]
[www.youtube.com/android-app_/com.google.android.youtube/http/www.youtube.com/watch1058.html]
[www.youtube.com/ios-app_/544007664/vnd.youtube/www.youtube.com/watch1058.html]
[www.youtube.com/android-app_/com.google.android.youtube/http/www.youtube.com/channel/UCPzFLpOblZEaIx2lpym1l1A.html]
[www.youtube.com/ios-app_/544007664/vnd.youtube/www.youtube.com/channel/UCPzFLpOblZEaIx2lpym1l1A.1f02.delayed]
[www.youtube.com/@FrenchGuyCooking.html]
[www.youtube.com/embed/XfTkSeHZiH8.html]
[www.youtube.com/android-app_/com.google.android.youtube/http/www.youtube.com/watch8379.html]
[www.youtube.com/ios-app_/544007664/vnd.youtube/www.youtube.com/watch.1f078379.delayed]
[www.youtube.com/watch8379.html]
[www.youtube.com/android-app_/com.google.android.youtube/http/www.youtube.com/watch1579.html]
[www.youtube.com/ios-app_/544007664/vnd.youtube/www.youtube.com/watch1579.html]
[www.youtube.com/embed/P_hR43eMgugdee9.html]
[www.youtube.com/embed/P_hR43eMgug.html]
[www.youtube.com/android-app_/com.google.android.youtube/http/www.youtube.com/watch5320.html]
[www.youtube.com/ios-app_/544007664/vnd.youtube/www.youtube.com/watch.1f0e5320.delayed]
[www.youtube.com/watch5320.html]
[www.youtube.com/android-app_/com.google.android.youtube/http/www.youtube.com/watch9b26.html]
[www.youtube.com/ios-app_/544007664/vnd.youtube/www.youtube.com/watch9b26.html]
[www.youtube.com/embed/APEavQg8rMw77ba.html]
[www.youtube.com/android-app_/com.google.android.youtube/http/www.youtube.com/watch1750.html]
[www.youtube.com/ios-app_/544007664/vnd.youtube/www.youtube.com/watch1750.html]
[www.youtube.com/embed/I1Ssdzk6uhI.html]
[www.youtube.com/embed/APEavQg8rMw.html]
[www.youtube.com/android-app_/com.google.android.youtube/http/www.youtube.com/watch8b9d.html]
[www.youtube.com/ios-app_/544007664/vnd.youtube/www.youtube.com/watch.1f168b9d.delayed]
[www.youtube.com/watch8b9d.html]
[www.youtube.com/android-app_/com.google.android.youtube/http/www.youtube.com/watch52a3.html]
[www.youtube.com/ios-app_/544007664/vnd.youtube/www.youtube.com/watch52a3.html]
[www.youtube.com/embed/sTAiDki7AQA.html]
[www.youtube.com/android-app_/com.google.android.youtube/http/www.youtube.com/channel/UChBEbMKI1eCcejTtmI32UEw.html]
[www.youtube.com/ios-app_/544007664/vnd.youtube/www.youtube.com/channel/UChBEbMKI1eCcejTtmI32UEw.1f1d.delayed]
[www.youtube.com/@JoshuaWeissman.html]
[www.youtube.com/embed/sTAiDki7AQAf0e5.html]
[www.youtube.com/android-app_/com.google.android.youtube/http/www.youtube.com/watchb85a.html]
[www.youtube.com/ios-app_/544007664/vnd.youtube/www.youtube.com/watchb85a.html]
[www.youtube.com/embed/ASD3uu2N5UE.html]
[www.youtube.com/channel/android-app_/com.google.android.youtube/http/www.youtube.com/channel/UCzH5n3Ih5kgQoiDAQt2FwLw.1f21.delayed]
[www.youtube.com/channel/ios-app_/544007664/vnd.youtube/www.youtube.com/channel/UCzH5n3Ih5kgQoiDAQt2FwLw.1f23.delayed]
[www.youtube.com/channel/UCzH5n3Ih5kgQoiDAQt2FwLw.html]
[www.youtube.com/user/BrothersGreenEats/android-app_/com.google.android.youtube/http/www.youtube.com/channel/android-app_/com.google.android.youtube/http/www.youtube.com/channel/UCzH5n3Ih5kgQoiDAQt2FwLw.html]
[www.youtube.com/user/BrothersGreenEats/android-app_/com.google.android.youtube/http/www.youtube.com/channel/UCzH5n3Ih5kgQoiDAQt2FwLw.html]
[www.youtube.com/user/BrothersGreenEats/android-app_/com.google.android.youtube/http/www.youtube.com/channel/ios-app_/544007664/vnd.youtube/www.youtube.com/channel/UCzH5n3Ih5kgQoiDAQt2FwLw.html]
[www.youtube.com/user/BrothersGreenEats/ios-app_/544007664/vnd.youtube/www.youtube.com/channel/android-app_/com.google.android.youtube/http/www.youtube.com/channel/UCzH5n3Ih5kgQoiDAQt2FwLw.html]
[www.youtube.com/user/BrothersGreenEats/ios-app_/544007664/vnd.youtube/www.youtube.com/channel/UCzH5n3Ih5kgQoiDAQt2FwLw.html]
[www.youtube.com/android-app_/com.google.android.youtube/http/www.youtube.com/watch4ad6.html]
[www.youtube.com/ios-app_/544007664/vnd.youtube/www.youtube.com/watch4ad6.html]
[www.youtube.com/embed/vVx2oFFptG0.html]
[www.youtube.com/android-app_/com.google.android.youtube/http/www.youtube.com/watchfae2.html]
[www.youtube.com/ios-app_/544007664/vnd.youtube/www.youtube.com/watchfae2.html]
[www.youtube.com/embed/BJEHsvW2J6M.html]
[www.youtube.com/user/BrothersGreenEats/ios-app_/544007664/vnd.youtube/www.youtube.com/channel/ios-app_/544007664/vnd.youtube/www.youtube.com/channel/UCzH5n3Ih5kgQoiDAQt2FwLw.html]
[www.youtube.com/android-app_/com.google.android.youtube/http/www.youtube.com/watch9099.html]
[www.youtube.com/ios-app_/544007664/vnd.youtube/www.youtube.com/watch.1f349099.delayed]
[www.youtube.com/oembede2bb.json]
[www.youtube.com/oembedad21]
[i.ytimg.com/vi/yg5nLQVg4VY/maxresdefault.jpg]
[www.youtube.com/embed/yg5nLQVg4VY.html]
[i.ytimg.com/vi/yg5nLQVg4VY/hqdefault.jpg]
[www.youtube.com/watch9099.html]
[www.youtube.com/channel/android-app_/com.google.android.youtube/http/www.youtube.com/channel/UCqsvmrjWY7fPcKqWHnYVTMA.html]
[www.youtube.com/channel/ios-app_/544007664/vnd.youtube/www.youtube.com/channel/UCqsvmrjWY7fPcKqWHnYVTMA.html]
[www.youtube.com/android-app_/com.google.android.youtube/http/www.youtube.com/watch19f7.html]
[www.youtube.com/ios-app_/544007664/vnd.youtube/www.youtube.com/watch19f7.html]
[www.youtube.com/android-app_/com.google.android.youtube/http/www.youtube.com/channel/UCqsvmrjWY7fPcKqWHnYVTMA.html]
[www.youtube.com/ios-app_/544007664/vnd.youtube/www.youtube.com/channel/UCqsvmrjWY7fPcKqWHnYVTMA.1f3f.delayed]
[www.youtube.com/@EllysEverydaySoapMaking.html]
[www.youtube.com/embed/KkA8JUmLT8k.html]
[www.youtube.com/channel/android-app_/com.google.android.youtube/http/www.youtube.com/channel/UCp610fvjSXqh7R2cm7KwUVA.1f42.delayed]
[www.youtube.com/channel/ios-app_/544007664/vnd.youtube/www.youtube.com/channel/UCp610fvjSXqh7R2cm7KwUVA.1f44.delayed]
[www.youtube.com/channel/UCp610fvjSXqh7R2cm7KwUVA.html]
[www.youtube.com/c/android-app_/com.google.android.youtube/http/www.youtube.com/channel/UCp610fvjSXqh7R2cm7KwUVA.html]
[www.youtube.com/c/ios-app_/544007664/vnd.youtube/www.youtube.com/channel/UCp610fvjSXqh7R2cm7KwUVA.html]
[www.youtube.com/channel/android-app_/com.google.android.youtube/http/www.youtube.com/channel/UCQSEAbOs6vsJfy7WN7iYaGQ.1f48.delayed]
[www.youtube.com/channel/ios-app_/544007664/vnd.youtube/www.youtube.com/channel/UCQSEAbOs6vsJfy7WN7iYaGQ.1f4a.delayed]
[www.youtube.com/channel/UCQSEAbOs6vsJfy7WN7iYaGQ.html]
[www.youtube.com/c/EazySpeezy/android-app_/com.google.android.youtube/http/www.youtube.com/channel/android-app_/com.google.android.youtube/http/www.youtube.com/channel/UCQSEAbOs6vsJfy7WN7iYaGQ.html]
[www.youtube.com/c/EazySpeezy/android-app_/com.google.android.youtube/http/www.youtube.com/channel/UCQSEAbOs6vsJfy7WN7iYaGQ.html]
[www.youtube.com/c/EazySpeezy/android-app_/com.google.android.youtube/http/www.youtube.com/channel/ios-app_/544007664/vnd.youtube/www.youtube.com/channel/UCQSEAbOs6vsJfy7WN7iYaGQ.html]
[www.youtube.com/c/EazySpeezy/ios-app_/544007664/vnd.youtube/www.youtube.com/channel/android-app_/com.google.android.youtube/http/www.youtube.com/channel/UCQSEAbOs6vsJfy7WN7iYaGQ.html]
[www.youtube.com/c/EazySpeezy/ios-app_/544007664/vnd.youtube/www.youtube.com/channel/UCQSEAbOs6vsJfy7WN7iYaGQ.html]
[www.youtube.com/c/EazySpeezy/ios-app_/544007664/vnd.youtube/www.youtube.com/channel/ios-app_/544007664/vnd.youtube/www.youtube.com/channel/UCQSEAbOs6vsJfy7WN7iYaGQ.html]
[www.youtube.com/channel/android-app_/com.google.android.youtube/http/www.youtube.com/channel/UCV6mNrW8CrmWtcxWfQXy11g.1f57.delayed]
[www.youtube.com/channel/ios-app_/544007664/vnd.youtube/www.youtube.com/channel/UCV6mNrW8CrmWtcxWfQXy11g.1f59.delayed]
[www.youtube.com/channel/UCV6mNrW8CrmWtcxWfQXy11g.html]
[www.youtube.com/c/android-app_/com.google.android.youtube/http/www.youtube.com/channel/UCV6mNrW8CrmWtcxWfQXy11g.html]
[www.youtube.com/c/ios-app_/544007664/vnd.youtube/www.youtube.com/channel/UCV6mNrW8CrmWtcxWfQXy11g.html]
[www.youtube.com/android-app_/com.google.android.youtube/http/www.youtube.com/watch091b.html]
[www.youtube.com/ios-app_/544007664/vnd.youtube/www.youtube.com/watch091b.html]
[www.youtube.com/android-app_/com.google.android.youtube/http/www.youtube.com/channel/UCV6mNrW8CrmWtcxWfQXy11g.html]
[www.youtube.com/ios-app_/544007664/vnd.youtube/www.youtube.com/channel/UCV6mNrW8CrmWtcxWfQXy11g.1f60.delayed]
[www.youtube.com/@DarkViperAU.html]
[www.youtube.com/embed/zyJaWeYBOWQ.html]
[www.youtube.com/android-app_/com.google.android.youtube/http/www.youtube.com/watche62b.html]
[www.youtube.com/ios-app_/544007664/vnd.youtube/www.youtube.com/watche62b.html]
[i.ytimg.com/vi/PsmnMPjSD70/hqdefault.jpg]
[www.youtube.com/channel/android-app_/com.google.android.youtube/http/www.youtube.com/channel/UC3ltptWa0xfrDweghW94Acg.html]
[www.youtube.com/channel/ios-app_/544007664/vnd.youtube/www.youtube.com/channel/UC3ltptWa0xfrDweghW94Acg.html]
[www.youtube.com/channel/android-app_/com.google.android.youtube/http/www.youtube.com/channel/UCgGyN4DSZ6mrcw0ARHikzYw.1f64.delayed]
[www.youtube.com/channel/ios-app_/544007664/vnd.youtube/www.youtube.com/channel/UCgGyN4DSZ6mrcw0ARHikzYw.1f66.delayed]
[www.youtube.com/channel/UCgGyN4DSZ6mrcw0ARHikzYw.html]
[www.youtube.com/c/ProfessorBiggyMinecraft/android-app_/com.google.android.youtube/http/www.youtube.com/channel/UCgGyN4DSZ6mrcw0ARHikzYw.html]
[www.youtube.com/c/ProfessorBiggyMinecraft/android-app_/com.google.android.youtube/http/www.youtube.com/channel/ios-app_/544007664/vnd.youtube/www.youtube.com/channel/UCgGyN4DSZ6mrcw0ARHikzYw.html]
[www.youtube.com/c/ProfessorBiggyMinecraft/ios-app_/544007664/vnd.youtube/www.youtube.com/channel/android-app_/com.google.android.youtube/http/www.youtube.com/channel/UCgGyN4DSZ6mrcw0ARHikzYw.html]
[www.youtube.com/c/ProfessorBiggyMinecraft/ios-app_/544007664/vnd.youtube/www.youtube.com/channel/UCgGyN4DSZ6mrcw0ARHikzYw.html]
[www.youtube.com/android-app_/com.google.android.youtube/http/www.youtube.com/watch9525.html]
[www.youtube.com/ios-app_/544007664/vnd.youtube/www.youtube.com/watch9525.html]
[www.youtube.com/c/ProfessorBiggyMinecraft/ios-app_/544007664/vnd.youtube/www.youtube.com/channel/ios-app_/544007664/vnd.youtube/www.youtube.com/channel/UCgGyN4DSZ6mrcw0ARHikzYw.html]
[www.youtube.com/android-app_/com.google.android.youtube/http/www.youtube.com/channel/UCgGyN4DSZ6mrcw0ARHikzYw.html]
[www.youtube.com/ios-app_/544007664/vnd.youtube/www.youtube.com/channel/UCgGyN4DSZ6mrcw0ARHikzYw.1f75.delayed]
[www.youtube.com/@ProfessorBiggyMinecraft.html]
[www.youtube.com/embed/4XBk3TTd4rs.html]
[www.youtube.com/android-app_/com.google.android.youtube/http/www.youtube.com/watch1413.html]
[www.youtube.com/ios-app_/544007664/vnd.youtube/www.youtube.com/watch1413.html]
[www.youtube.com/embed/BLQqHmSc_eM.html]
[www.youtube.com/android-app_/com.google.android.youtube/http/www.youtube.com/watch168b.html]
[www.youtube.com/ios-app_/544007664/vnd.youtube/www.youtube.com/watch168b.html]
[www.youtube.com/embed/4WVOvSmnSf0.html]
[www.youtube.com/channel/android-app_/com.google.android.youtube/http/www.youtube.com/channel/UCHRA6fEWNHArzC6yNRj8WDg.html]
[www.youtube.com/channel/ios-app_/544007664/vnd.youtube/www.youtube.com/channel/UCHRA6fEWNHArzC6yNRj8WDg.html]
[www.youtube.com/android-app_/com.google.android.youtube/http/www.youtube.com/watchfb02.html]
[www.youtube.com/ios-app_/544007664/vnd.youtube/www.youtube.com/watchfb02.html]
[www.youtube.com/channel/UCNu8JJDn2lO6Zb4lcRb7GVg.html]
[www.youtube.com/feeds/videos6ae5.xml]
[www.youtube.com/android-app_/com.google.android.youtube/http/www.youtube.com/channel/UCNu8JJDn2lO6Zb4lcRb7GVg.html]
[www.youtube.com/ios-app_/544007664/vnd.youtube/www.youtube.com/channel/UCNu8JJDn2lO6Zb4lcRb7GVg.1f7f.delayed]
[www.youtube.com/@finath.html]
[www.youtube.com/embed/xXz8aznZL2A.html]
[www.youtube.com/android-app_/com.google.android.youtube/http/www.youtube.com/watchb4bd.html]
[www.youtube.com/ios-app_/544007664/vnd.youtube/www.youtube.com/watchb4bd.html]
[www.youtube.com/channel/UCyyhA9vazU2bbFbUM9JxEpg.html]
[www.youtube.com/feeds/videos7e90.xml]
[www.youtube.com/android-app_/com.google.android.youtube/http/www.youtube.com/channel/UCyyhA9vazU2bbFbUM9JxEpg.html]
[www.youtube.com/ios-app_/544007664/vnd.youtube/www.youtube.com/channel/UCyyhA9vazU2bbFbUM9JxEpg.1f87.delayed]
[www.youtube.com/@Demoon9.html]
[www.youtube.com/embed/BKL4dP1fbKQ.html]
[www.youtube.com/android-app_/com.google.android.youtube/http/www.youtube.com/watch8562.html]
[www.youtube.com/ios-app_/544007664/vnd.youtube/www.youtube.com/watch8562.html]
[www.youtube.com/channel/UC2QrsAs1AKG4w2v0950SC2A.html]
[www.youtube.com/feeds/videos8113.xml]
[www.youtube.com/android-app_/com.google.android.youtube/http/www.youtube.com/channel/UC2QrsAs1AKG4w2v0950SC2A.html]
[www.youtube.com/ios-app_/544007664/vnd.youtube/www.youtube.com/channel/UC2QrsAs1AKG4w2v0950SC2A.1f8f.delayed]
[www.youtube.com/@SampleChample.html]
[www.youtube.com/embed/NuYGNlidKfw.html]
[www.youtube.com/android-app_/com.google.android.youtube/http/www.youtube.com/watchb2ab.html]
[www.youtube.com/ios-app_/544007664/vnd.youtube/www.youtube.com/watchb2ab.html]
[www.youtube.com/channel/UC2k0KJH-WynZL5VlXxko5vQ.html]
[www.youtube.com/feeds/videosc2fb.xml]
[www.youtube.com/android-app_/com.google.android.youtube/http/www.youtube.com/channel/UC2k0KJH-WynZL5VlXxko5vQ.html]
[www.youtube.com/ios-app_/544007664/vnd.youtube/www.youtube.com/channel/UC2k0KJH-WynZL5VlXxko5vQ.1f97.delayed]
[www.youtube.com/@NRGSpeedrunning.html]
[www.youtube.com/embed/7AW9XW06t8o.html]
[www.youtube.com/android-app_/com.google.android.youtube/http/www.youtube.com/watch7d0f.html]
[www.youtube.com/ios-app_/544007664/vnd.youtube/www.youtube.com/watch7d0f.html]
[www.youtube.com/embed/RTdd4O6D3Pg.html]
[www.youtube.com/channel/android-app_/com.google.android.youtube/http/www.youtube.com/channel/UCBfBelr49jSWBML-rkEdHbg.html]
[www.youtube.com/channel/ios-app_/544007664/vnd.youtube/www.youtube.com/channel/UCBfBelr49jSWBML-rkEdHbg.html]
[www.youtube.com/channel/android-app_/com.google.android.youtube/http/www.youtube.com/channel/UC3YgOn-D_cbUb7QiFccV8mQ.1f9b.delayed]
[www.youtube.com/channel/ios-app_/544007664/vnd.youtube/www.youtube.com/channel/UC3YgOn-D_cbUb7QiFccV8mQ.1f9d.delayed]
[www.youtube.com/channel/UC3YgOn-D_cbUb7QiFccV8mQ.html]
[www.youtube.com/c/android-app_/com.google.android.youtube/http/www.youtube.com/channel/UC3YgOn-D_cbUb7QiFccV8mQ.html]
[www.youtube.com/c/ios-app_/544007664/vnd.youtube/www.youtube.com/channel/UC3YgOn-D_cbUb7QiFccV8mQ.html]
[www.youtube.com/c/android-app_/com.google.android.youtube/http/www.youtube.com/channel/UC3ltptWa0xfrDweghW94Acg.html]
[www.youtube.com/c/ios-app_/544007664/vnd.youtube/www.youtube.com/channel/UC3ltptWa0xfrDweghW94Acg.html]
[www.youtube.com/android-app_/com.google.android.youtube/http/www.youtube.com/watchb9dd.html]
[www.youtube.com/ios-app_/544007664/vnd.youtube/www.youtube.com/watchb9dd.html]
[www.youtube.com/android-app_/com.google.android.youtube/http/www.youtube.com/channel/UC3ltptWa0xfrDweghW94Acg.html]
[www.youtube.com/ios-app_/544007664/vnd.youtube/www.youtube.com/channel/UC3ltptWa0xfrDweghW94Acg.1fa5.delayed]
[www.youtube.com/@karljobst.html]
[www.youtube.com/embed/ne-Z3es2fAg.html]
[www.youtube.com/android-app_/com.google.android.youtube/http/www.youtube.com/watchc192.html]
[www.youtube.com/ios-app_/544007664/vnd.youtube/www.youtube.com/watchc192.html]
[www.youtube.com/embed/ZUOv_wtnzRM.html]
[www.youtube.com/android-app_/com.google.android.youtube/http/www.youtube.com/watch016e.html]
[www.youtube.com/ios-app_/544007664/vnd.youtube/www.youtube.com/watch016e.html]
[www.youtube.com/channel/UCtUbO6rBht0daVIOGML3c8w.html]
[www.youtube.com/feeds/videosfb49.xml]
[www.youtube.com/android-app_/com.google.android.youtube/http/www.youtube.com/channel/UCtUbO6rBht0daVIOGML3c8w.html]
[www.youtube.com/ios-app_/544007664/vnd.youtube/www.youtube.com/channel/UCtUbO6rBht0daVIOGML3c8w.1fae.delayed]
[www.youtube.com/@SummoningSalt.html]
[www.youtube.com/embed/u0aRVjtjmB4.html]
[www.youtube.com/android-app_/com.google.android.youtube/http/www.youtube.com/watchd222.html]
[www.youtube.com/ios-app_/544007664/vnd.youtube/www.youtube.com/watchd222.html]
[www.youtube.com/channel/UCyu8hwmz5EviXDl37_nQqdg.html]
[www.youtube.com/feeds/videos8226.xml]
[www.youtube.com/android-app_/com.google.android.youtube/http/www.youtube.com/channel/UCyu8hwmz5EviXDl37_nQqdg.html]
[www.youtube.com/ios-app_/544007664/vnd.youtube/www.youtube.com/channel/UCyu8hwmz5EviXDl37_nQqdg.1fb6.delayed]
[www.youtube.com/@AnyPercent.html]
[www.youtube.com/embed/hdzhHJMgmRE.html]
[www.youtube.com/android-app_/com.google.android.youtube/http/www.youtube.com/watchdedc.html]
[www.youtube.com/ios-app_/544007664/vnd.youtube/www.youtube.com/watchdedc.html]
[www.youtube.com/channel/UC7RRLtSjvlNYZCVjx-32NtA.html]
[www.youtube.com/feeds/videosed88.xml]
[www.youtube.com/android-app_/com.google.android.youtube/http/www.youtube.com/channel/UC7RRLtSjvlNYZCVjx-32NtA.html]
[www.youtube.com/ios-app_/544007664/vnd.youtube/www.youtube.com/channel/UC7RRLtSjvlNYZCVjx-32NtA.1fbe.delayed]
[www.youtube.com/@Camdeeno.html]
[www.youtube.com/embed/RiFIiUOiCNI.html]
[www.youtube.com/android-app_/com.google.android.youtube/http/www.youtube.com/watchd138.html]
[www.youtube.com/ios-app_/544007664/vnd.youtube/www.youtube.com/watchd138.html]
[www.youtube.com/channel/UC42NgAW2U0ZF_HTUw4mE_gQ.html]
[www.youtube.com/feeds/videos0cc6.xml]
[www.youtube.com/android-app_/com.google.android.youtube/http/www.youtube.com/channel/UC42NgAW2U0ZF_HTUw4mE_gQ.html]
[www.youtube.com/ios-app_/544007664/vnd.youtube/www.youtube.com/channel/UC42NgAW2U0ZF_HTUw4mE_gQ.1fc6.delayed]
[www.youtube.com/@GamerFolklore.html]
[www.youtube.com/embed/YWY6L7jPlM8.html]
[www.youtube.com/channel/android-app_/com.google.android.youtube/http/www.youtube.com/channel/UCJswRv22oiUgmT1FuFeUekw.1fc9.delayed]
[www.youtube.com/channel/ios-app_/544007664/vnd.youtube/www.youtube.com/channel/UCJswRv22oiUgmT1FuFeUekw.1fcb.delayed]
[www.youtube.com/channel/UCJswRv22oiUgmT1FuFeUekw.html]
[www.youtube.com/c/IamMoBo/android-app_/com.google.android.youtube/http/www.youtube.com/channel/android-app_/com.google.android.youtube/http/www.youtube.com/channel/UCJswRv22oiUgmT1FuFeUekw.html]
[www.youtube.com/c/IamMoBo/android-app_/com.google.android.youtube/http/www.youtube.com/channel/UCJswRv22oiUgmT1FuFeUekw.html]
[www.youtube.com/c/IamMoBo/android-app_/com.google.android.youtube/http/www.youtube.com/channel/ios-app_/544007664/vnd.youtube/www.youtube.com/channel/UCJswRv22oiUgmT1FuFeUekw.html]
[www.youtube.com/c/IamMoBo/ios-app_/544007664/vnd.youtube/www.youtube.com/channel/android-app_/com.google.android.youtube/http/www.youtube.com/channel/UCJswRv22oiUgmT1FuFeUekw.html]
[www.youtube.com/c/IamMoBo/ios-app_/544007664/vnd.youtube/www.youtube.com/channel/UCJswRv22oiUgmT1FuFeUekw.html]
[www.youtube.com/android-app_/com.google.android.youtube/http/www.youtube.com/watch50cb.html]
[www.youtube.com/ios-app_/544007664/vnd.youtube/www.youtube.com/watch50cb.html]
[www.youtube.com/c/IamMoBo/ios-app_/544007664/vnd.youtube/www.youtube.com/channel/ios-app_/544007664/vnd.youtube/www.youtube.com/channel/UCJswRv22oiUgmT1FuFeUekw.html]
[www.youtube.com/channel/UCdwCJM5ScKKKW7dQmDUIIdA.html]
[www.youtube.com/feeds/videos6abd.xml]
[www.youtube.com/android-app_/com.google.android.youtube/http/www.youtube.com/channel/UCdwCJM5ScKKKW7dQmDUIIdA.html]
[www.youtube.com/ios-app_/544007664/vnd.youtube/www.youtube.com/channel/UCdwCJM5ScKKKW7dQmDUIIdA.1fdd.delayed]
[www.youtube.com/@ying_verse.html]
[www.youtube.com/embed/JprFkj55dPA.html]
[www.youtube.com/android-app_/com.google.android.youtube/http/www.youtube.com/watchef7e.html]
[www.youtube.com/ios-app_/544007664/vnd.youtube/www.youtube.com/watchef7e.html]
[www.youtube.com/channel/UCrPseYLGpNygVi34QpGNqpA.html]
[www.youtube.com/feeds/videos8ea1.xml]
[www.youtube.com/android-app_/com.google.android.youtube/http/www.youtube.com/channel/UCrPseYLGpNygVi34QpGNqpA.html]
[www.youtube.com/ios-app_/544007664/vnd.youtube/www.youtube.com/channel/UCrPseYLGpNygVi34QpGNqpA.1fe5.delayed]
[www.youtube.com/@ludwig.html]
[www.youtube.com/embed/-QbX-JcXC90.html]
[www.youtube.com/android-app_/com.google.android.youtube/http/www.youtube.com/watch74e1.html]
[www.youtube.com/ios-app_/544007664/vnd.youtube/www.youtube.com/watch.1fea74e1.delayed]
[www.youtube.com/oembed2a0b.json]
[www.youtube.com/oembedd16e]
[i.ytimg.com/vi/-G8x-KiBLfw/maxresdefault.jpg]
[www.youtube.com/embed/-G8x-KiBLfw.html]
[i.ytimg.com/vi/-G8x-KiBLfw/hqdefault.jpg]
[www.youtube.com/watch74e1.html]
[www.youtube.com/android-app_/com.google.android.youtube/http/www.youtube.com/watchb822.html]
[www.youtube.com/ios-app_/544007664/vnd.youtube/www.youtube.com/watch.1ff4b822.delayed]
[www.youtube.com/oembeda00b.json]
[www.youtube.com/oembed7238]
[i.ytimg.com/vi/HpPm7ULW7wU/maxresdefault.jpg]
[www.youtube.com/embed/HpPm7ULW7wU.html]
[www.youtube.com/EazySpeezy.html]
[i.ytimg.com/vi/HpPm7ULW7wU/hqdefault.jpg]
[www.youtube.com/watchb822.html]
[www.youtube.com/android-app_/com.google.android.youtube/http/www.youtube.com/watch4817.html]
[www.youtube.com/ios-app_/544007664/vnd.youtube/www.youtube.com/watch.20014817.delayed]
[www.youtube.com/oembed221e.json]
[www.youtube.com/oembede8fa-2]
[i.ytimg.com/vi/L5aQzCJW5-s/maxresdefault.jpg]
[www.youtube.com/@LowestPercent.html]
[www.youtube.com/embed/L5aQzCJW5-s.html]
[i.ytimg.com/vi/L5aQzCJW5-s/hqdefault.jpg]
[www.youtube.com/watch4817.html]
[www.youtube.com/android-app_/com.google.android.youtube/http/www.youtube.com/watch9671.html]
[www.youtube.com/shorts/8uSE7G_Dv7w.html]
[www.youtube.com/ios-app_/544007664/vnd.youtube/www.youtube.com/watch.200e9671.delayed]
[www.youtube.com/oembedc350.json]
[www.youtube.com/oembed0734]
[i.ytimg.com/vi/8uSE7G_Dv7w/maxres212b2.jpg]
[www.youtube.com/@IamMoBo.html]
[www.youtube.com/embed/8uSE7G_Dv7w.html]
[i.ytimg.com/vi/8uSE7G_Dv7w/hqdefault.jpg]
[www.youtube.com/watch9671.html]
[www.youtube.com/android-app_/com.google.android.youtube/http/www.youtube.com/watch9bf7.html]
[www.youtube.com/ios-app_/544007664/vnd.youtube/www.youtube.com/watch.201a9bf7.delayed]
[www.youtube.com/oembedd406.json]
[www.youtube.com/oembed240b]
[i.ytimg.com/vi/CVv_qpH2340/maxresdefaulte52f.jpg]
[www.youtube.com/embed/CVv_qpH2340.html]
[i.ytimg.com/vi/CVv_qpH2340/hqdefault.jpg]
[www.youtube.com/watch9bf7.html]
[www.youtube.com/android-app_/com.google.android.youtube/http/www.youtube.com/watch391f.html]
[www.youtube.com/ios-app_/544007664/vnd.youtube/www.youtube.com/watch391f.html]
[www.youtube.com/android-app_/com.google.android.youtube/http/www.youtube.com/channel/UCbxtF9IpNoYXcw0kz5Qhnhw.html]
[www.youtube.com/ios-app_/544007664/vnd.youtube/www.youtube.com/channel/UCbxtF9IpNoYXcw0kz5Qhnhw.html]
[www.youtube.com/channel/android-app_/com.google.android.youtube/http/www.youtube.com/channel/UCjZOeRcwSIEwRIVqwGbKqEA.html]
[www.youtube.com/channel/ios-app_/544007664/vnd.youtube/www.youtube.com/channel/UCjZOeRcwSIEwRIVqwGbKqEA.html]
[www.youtube.com/android-app_/com.google.android.youtube/http/www.youtube.com/watch2a7c.html]
[www.youtube.com/ios-app_/544007664/vnd.youtube/www.youtube.com/watch2a7c.html]
[www.youtube.com/android-app_/com.google.android.youtube/http/www.youtube.com/channel/UCjZOeRcwSIEwRIVqwGbKqEA.html]
[www.youtube.com/ios-app_/544007664/vnd.youtube/www.youtube.com/channel/UCjZOeRcwSIEwRIVqwGbKqEA.html]
[www.youtube.com/android-app_/com.google.android.youtube/http/www.youtube.com/watch5169.html]
[www.youtube.com/ios-app_/544007664/vnd.youtube/www.youtube.com/watch5169.html]
[www.youtube.com/embed/fRP8o96effA.html]
[www.youtube.com/channel/android-app_/com.google.android.youtube/http/www.youtube.com/channel/UCnnHqtApBbQDFy0YEnJXKjg.html]
[www.youtube.com/channel/ios-app_/544007664/vnd.youtube/www.youtube.com/channel/UCnnHqtApBbQDFy0YEnJXKjg.html]
[www.youtube.com/android-app_/com.google.android.youtube/http/www.youtube.com/watch4f4e.html]
[www.youtube.com/ios-app_/544007664/vnd.youtube/www.youtube.com/watch4f4e.html]
[www.youtube.com/android-app_/com.google.android.youtube/http/www.youtube.com/channel/UCnnHqtApBbQDFy0YEnJXKjg.html]
[www.youtube.com/ios-app_/544007664/vnd.youtube/www.youtube.com/channel/UCnnHqtApBbQDFy0YEnJXKjg.202a.delayed]
[www.youtube.com/@TheFamousFilms.html]
[www.youtube.com/embed/SM8LgPJ3jlg.html]
[www.youtube.com/channel/android-app_/com.google.android.youtube/http/www.youtube.com/channel/UCPBy8SaMtEat8TmNLP6bmKQ.html]
[www.youtube.com/channel/ios-app_/544007664/vnd.youtube/www.youtube.com/channel/UCPBy8SaMtEat8TmNLP6bmKQ.html]
[www.youtube.com/c/LogicProXGaming/android-app_/com.google.android.youtube/http/www.youtube.com/channel/android-app_/com.google.android.youtube/http/www.youtube.com/channel/UCPBy8SaMtEat8TmNLP6bmKQ.html]
[www.youtube.com/c/LogicProXGaming/android-app_/com.google.android.youtube/http/www.youtube.com/channel/ios-app_/544007664/vnd.youtube/www.youtube.com/channel/UCPBy8SaMtEat8TmNLP6bmKQ.html]
[www.youtube.com/c/LogicProXGaming/ios-app_/544007664/vnd.youtube/www.youtube.com/channel/android-app_/com.google.android.youtube/http/www.youtube.com/channel/UCPBy8SaMtEat8TmNLP6bmKQ.html]
[www.youtube.com/c/LogicProXGaming/ios-app_/544007664/vnd.youtube/www.youtube.com/channel/ios-app_/544007664/vnd.youtube/www.youtube.com/channel/UCPBy8SaMtEat8TmNLP6bmKQ.html]
[www.youtube.com/android-app_/com.google.android.youtube/http/www.youtube.com/watch5b50.html]
[www.youtube.com/ios-app_/544007664/vnd.youtube/www.youtube.com/watch5b50.html]
[www.youtube.com/android-app_/com.google.android.youtube/http/www.youtube.com/channel/UCPBy8SaMtEat8TmNLP6bmKQ.html]
[www.youtube.com/ios-app_/544007664/vnd.youtube/www.youtube.com/channel/UCPBy8SaMtEat8TmNLP6bmKQ.203c.delayed]
[www.youtube.com/@LogicProXGaming.html]
[www.youtube.com/embed/i5VzQbyAN9g.html]
[www.youtube.com/channel/android-app_/com.google.android.youtube/http/www.youtube.com/channel/UCaHT88aobpcvRFEuy4v5Clg.html]
[www.youtube.com/channel/ios-app_/544007664/vnd.youtube/www.youtube.com/channel/UCaHT88aobpcvRFEuy4v5Clg.html]
[www.youtube.com/channel/android-app_/com.google.android.youtube/http/www.youtube.com/channel/UCXD0pNXyQuHtsSAdckwWdiA.203f.delayed]
[www.youtube.com/channel/ios-app_/544007664/vnd.youtube/www.youtube.com/channel/UCXD0pNXyQuHtsSAdckwWdiA.2041.delayed]
[www.youtube.com/channel/UCXD0pNXyQuHtsSAdckwWdiA.html]
[www.youtube.com/android-app_/com.google.android.youtube/http/www.youtube.com/channel/UCXD0pNXyQuHtsSAdckwWdiA.html]
[www.youtube.com/ios-app_/544007664/vnd.youtube/www.youtube.com/channel/UCXD0pNXyQuHtsSAdckwWdiA.html]
[www.youtube.com/android-app_/com.google.android.youtube/http/www.youtube.com/watch5ffd.html]
[www.youtube.com/ios-app_/544007664/vnd.youtube/www.youtube.com/watch5ffd.html]
[www.youtube.com/feeds/videos81a2.xml]
[www.youtube.com/channel/UCLCdyRg3u5O-EVP5p46QxcQ.html]
[www.youtube.com/android-app_/com.google.android.youtube/http/www.youtube.com/channel/UCLCdyRg3u5O-EVP5p46QxcQ.html]
[www.youtube.com/ios-app_/544007664/vnd.youtube/www.youtube.com/channel/UCLCdyRg3u5O-EVP5p46QxcQ.204a.delayed]
[www.youtube.com/@CG5.html]
[www.youtube.com/embed/6yvfU8xK_VQ.html]
[www.youtube.com/android-app_/com.google.android.youtube/http/www.youtube.com/watch8709.html]
[www.youtube.com/ios-app_/544007664/vnd.youtube/www.youtube.com/watch8709.html]
[www.youtube.com/channel/UCAJ-meoCh1TrPZ7La3UpPrw.html]
[www.youtube.com/feeds/videos185a.xml]
[www.youtube.com/android-app_/com.google.android.youtube/http/www.youtube.com/channel/UCAJ-meoCh1TrPZ7La3UpPrw.html]
[www.youtube.com/ios-app_/544007664/vnd.youtube/www.youtube.com/channel/UCAJ-meoCh1TrPZ7La3UpPrw.2052.delayed]
[www.youtube.com/@빅헤드.html]
[www.youtube.com/embed/HcNvWfGyoso.html]
[www.youtube.com/android-app_/com.google.android.youtube/http/www.youtube.com/watchee8a.html]
[www.youtube.com/ios-app_/544007664/vnd.youtube/www.youtube.com/watchee8a.html]
[www.youtube.com/channel/UCpRx8BFSkdVx8MAW8unaJcw.html]
[www.youtube.com/feeds/videos2837.xml]
[www.youtube.com/android-app_/com.google.android.youtube/http/www.youtube.com/channel/UCpRx8BFSkdVx8MAW8unaJcw.html]
[www.youtube.com/ios-app_/544007664/vnd.youtube/www.youtube.com/channel/UCpRx8BFSkdVx8MAW8unaJcw.205a.delayed]
[www.youtube.com/@HornstrompGames.html]
[www.youtube.com/embed/YTrJ_w2qEFk.html]
[www.youtube.com/android-app_/com.google.android.youtube/http/www.youtube.com/watchc630.html]
[www.youtube.com/ios-app_/544007664/vnd.youtube/www.youtube.com/watchc630.html]
[www.youtube.com/feeds/videosdb33.xml]
[www.youtube.com/channel/UC-lHJZR3Gqxm24_Vd_AJ5Yw.html]
[www.youtube.com/android-app_/com.google.android.youtube/http/www.youtube.com/channel/UC-lHJZR3Gqxm24_Vd_AJ5Yw.html]
[www.youtube.com/ios-app_/544007664/vnd.youtube/www.youtube.com/channel/UC-lHJZR3Gqxm24_Vd_AJ5Yw.2062.delayed]
[www.youtube.com/@PewDiePie.html]
[www.youtube.com/embed/32s6iS9ihpA.html]
[www.youtube.com/channel/android-app_/com.google.android.youtube/http/www.youtube.com/channel/UCEN58iXQg82TXgsDCjWqIkg.2065.delayed]
[www.youtube.com/channel/ios-app_/544007664/vnd.youtube/www.youtube.com/channel/UCEN58iXQg82TXgsDCjWqIkg.2067.delayed]
[www.youtube.com/channel/UCEN58iXQg82TXgsDCjWqIkg.html]
[www.youtube.com/android-app_/com.google.android.youtube/http/www.youtube.com/channel/UCEN58iXQg82TXgsDCjWqIkg.html]
[www.youtube.com/ios-app_/544007664/vnd.youtube/www.youtube.com/channel/UCEN58iXQg82TXgsDCjWqIkg.html]
[www.youtube.com/android-app_/com.google.android.youtube/http/www.youtube.com/channel/UCX6OQ3DkcsbYNE6H8uQQuVA.html]
[www.youtube.com/ios-app_/544007664/vnd.youtube/www.youtube.com/channel/UCX6OQ3DkcsbYNE6H8uQQuVA.html]
[www.youtube.com/channel/android-app_/com.google.android.youtube/http/www.youtube.com/channel/UCY1kMZp36IQSyNx_9h4mpCg.html]
[www.youtube.com/channel/ios-app_/544007664/vnd.youtube/www.youtube.com/channel/UCY1kMZp36IQSyNx_9h4mpCg.html]
[www.youtube.com/channel/android-app_/com.google.android.youtube/http/www.youtube.com/channel/UCRtXe-qMglnb9nMztMR3M7Q.206c.delayed]
[www.youtube.com/channel/ios-app_/544007664/vnd.youtube/www.youtube.com/channel/UCRtXe-qMglnb9nMztMR3M7Q.206e.delayed]
[www.youtube.com/channel/UCRtXe-qMglnb9nMztMR3M7Q.html]
[www.youtube.com/android-app_/com.google.android.youtube/http/www.youtube.com/channel/UCRtXe-qMglnb9nMztMR3M7Q.html]
[www.youtube.com/ios-app_/544007664/vnd.youtube/www.youtube.com/channel/UCRtXe-qMglnb9nMztMR3M7Q.html]
[www.youtube.com/android-app_/com.google.android.youtube/http/www.youtube.com/watch727a.html]
[www.youtube.com/ios-app_/544007664/vnd.youtube/www.youtube.com/watch727a.html]
[www.youtube.com/channel/UCcjIvuxmWlS5IEQ0JdPV4Ng.html]
[www.youtube.com/feeds/videos5363.xml]
[www.youtube.com/android-app_/com.google.android.youtube/http/www.youtube.com/channel/UCcjIvuxmWlS5IEQ0JdPV4Ng.html]
[www.youtube.com/ios-app_/544007664/vnd.youtube/www.youtube.com/channel/UCcjIvuxmWlS5IEQ0JdPV4Ng.2077.delayed]
[www.youtube.com/@elrubius.html]
[www.youtube.com/embed/7oIsAv2i3Js.html]
[www.youtube.com/POST.html]
[www.youtube.com/channel/android-app_/com.google.android.youtube/http/www.youtube.com/channel/UCqJ5zFEED1hWs0KNQCQuYdQ.207a.delayed]
[www.youtube.com/channel/ios-app_/544007664/vnd.youtube/www.youtube.com/channel/UCqJ5zFEED1hWs0KNQCQuYdQ.207c.delayed]
[www.youtube.com/channel/UCqJ5zFEED1hWs0KNQCQuYdQ.html]
[www.youtube.com/android-app_/com.google.android.youtube/http/www.youtube.com/channel/UCqJ5zFEED1hWs0KNQCQuYdQ.html]
[www.youtube.com/ios-app_/544007664/vnd.youtube/www.youtube.com/channel/UCqJ5zFEED1hWs0KNQCQuYdQ.html]
[www.youtube.com/channel/android-app_/com.google.android.youtube/http/www.youtube.com/channel/UCHkh8YFg0l4tkY6_zvzdd5w.2080.delayed]
[www.youtube.com/channel/ios-app_/544007664/vnd.youtube/www.youtube.com/channel/UCHkh8YFg0l4tkY6_zvzdd5w.2082.delayed]
[www.youtube.com/channel/UCHkh8YFg0l4tkY6_zvzdd5w.html]
[www.youtube.com/android-app_/com.google.android.youtube/http/www.youtube.com/channel/UCHkh8YFg0l4tkY6_zvzdd5w.html]
[www.youtube.com/ios-app_/544007664/vnd.youtube/www.youtube.com/channel/UCHkh8YFg0l4tkY6_zvzdd5w.html]
[www.youtube.com/android-app_/com.google.android.youtube/http/www.youtube.com/watchf015.html]
[www.youtube.com/ios-app_/544007664/vnd.youtube/www.youtube.com/watchf015.html]
[www.youtube.com/channel/UCaY_-ksFSQtTGk0y1HA_3YQ.html]
[www.youtube.com/feeds/videosc4e3.xml]
[www.youtube.com/android-app_/com.google.android.youtube/http/www.youtube.com/channel/UCaY_-ksFSQtTGk0y1HA_3YQ.html]
[www.youtube.com/ios-app_/544007664/vnd.youtube/www.youtube.com/channel/UCaY_-ksFSQtTGk0y1HA_3YQ.208b.delayed]
[www.youtube.com/@IbaiLlanos.html]
[www.youtube.com/embed/yQVMGEsYDhc.html]
[www.youtube.com/android-app_/com.google.android.youtube/http/www.youtube.com/watch8e1b.html]
[www.youtube.com/ios-app_/544007664/vnd.youtube/www.youtube.com/watch8e1b.html]
[www.youtube.com/channel/UCFR2oaNj02WnXkOgLH0iqOA.html]
[www.youtube.com/feeds/videosaadd.xml]
[www.youtube.com/android-app_/com.google.android.youtube/http/www.youtube.com/channel/UCFR2oaNj02WnXkOgLH0iqOA.html]
[www.youtube.com/ios-app_/544007664/vnd.youtube/www.youtube.com/channel/UCFR2oaNj02WnXkOgLH0iqOA.2093.delayed]
[www.youtube.com/@auron.html]
[www.youtube.com/embed/xMR-WlwbxyU.html]
[www.youtube.com/android-app_/com.google.android.youtube/http/www.youtube.com/watchf39d.html]
[www.youtube.com/ios-app_/544007664/vnd.youtube/www.youtube.com/watch.2098f39d.delayed]
[www.youtube.com/oembedb72b.json]
[www.youtube.com/oembeda0ad]
[i.ytimg.com/vi/lCpszkhqV-o/maxresdefault.jpg]
[www.youtube.com/embed/lCpszkhqV-o.html]
[www.youtube.com/@Derivakat.html]
[i.ytimg.com/vi/lCpszkhqV-o/hqdefault.jpg]
[www.youtube.com/watchf39d.html]
[www.youtube.com/channel/android-app_/com.google.android.youtube/http/www.youtube.com/channel/UClFN9LShD_Pv0wnSeUKbUZw.20a2.delayed]
[www.youtube.com/channel/ios-app_/544007664/vnd.youtube/www.youtube.com/channel/UClFN9LShD_Pv0wnSeUKbUZw.20a4.delayed]
[www.youtube.com/channel/UClFN9LShD_Pv0wnSeUKbUZw.html]
[www.youtube.com/c/android-app_/com.google.android.youtube/http/www.youtube.com/channel/UClFN9LShD_Pv0wnSeUKbUZw.html]
[www.youtube.com/c/ios-app_/544007664/vnd.youtube/www.youtube.com/channel/UClFN9LShD_Pv0wnSeUKbUZw.html]
[www.youtube.com/shorts/N3Lrxk1KBng.html]
[www.youtube.com/android-app_/com.google.android.youtube/http/www.youtube.com/watch74d7.html]
[www.youtube.com/ios-app_/544007664/vnd.youtube/www.youtube.com/watch.20ab74d7.delayed]
[www.youtube.com/oembed2178.json]
[www.youtube.com/oembede2a6]
[i.ytimg.com/vi/N3Lrxk1KBng/maxres2b36b.jpg]
[www.youtube.com/embed/N3Lrxk1KBng.html]
[www.youtube.com/@ThatLittlePuff.html]
[i.ytimg.com/vi/N3Lrxk1KBng/hqdefault.jpg]
[www.youtube.com/watch74d7.html]
[www.youtube.com/android-app_/com.google.android.youtube/http/www.youtube.com/watchb22c.html]
[www.youtube.com/ios-app_/544007664/vnd.youtube/www.youtube.com/watchb22c.html]
[www.youtube.com/channel/UCxjMQBafG08mvyyVZ484S5g.html]
[www.youtube.com/feeds/videosac1d.xml]
[www.youtube.com/android-app_/com.google.android.youtube/http/www.youtube.com/channel/UCxjMQBafG08mvyyVZ484S5g.html]
[www.youtube.com/ios-app_/544007664/vnd.youtube/www.youtube.com/channel/UCxjMQBafG08mvyyVZ484S5g.20ba.delayed]
[www.youtube.com/@PaperizedCrafts.html]
[www.youtube.com/embed/UrX21lrrE6w.html]
[www.youtube.com/android-app_/com.google.android.youtube/http/www.youtube.com/watch426f.html]
[www.youtube.com/ios-app_/544007664/vnd.youtube/www.youtube.com/watch426f.html]
[www.youtube.com/channel/UCA4rJTnGwCpi7sTQVXM1GVQ.html]
[www.youtube.com/feeds/videosb4b2.xml]
[www.youtube.com/android-app_/com.google.android.youtube/http/www.youtube.com/channel/UCA4rJTnGwCpi7sTQVXM1GVQ.html]
[www.youtube.com/ios-app_/544007664/vnd.youtube/www.youtube.com/channel/UCA4rJTnGwCpi7sTQVXM1GVQ.20c2.delayed]
[www.youtube.com/@LazyBart.html]
[www.youtube.com/embed/Z3MT-hGa_LM.html]
[www.youtube.com/android-app_/com.google.android.youtube/http/www.youtube.com/watch5e52.html]
[www.youtube.com/ios-app_/544007664/vnd.youtube/www.youtube.com/watch5e52.html]
[www.youtube.com/embed/hjFwTqYArzA.html]
[www.youtube.com/android-app_/com.google.android.youtube/http/www.youtube.com/watch0d05.html]
[www.youtube.com/ios-app_/544007664/vnd.youtube/www.youtube.com/watch0d05.html]
[www.youtube.com/channel/UC9kN-ROrTY81zH856AxXuGQ.html]
[www.youtube.com/feeds/videosaca2.xml]
[www.youtube.com/android-app_/com.google.android.youtube/http/www.youtube.com/channel/UC9kN-ROrTY81zH856AxXuGQ.html]
[www.youtube.com/ios-app_/544007664/vnd.youtube/www.youtube.com/channel/UC9kN-ROrTY81zH856AxXuGQ.20cb.delayed]
[www.youtube.com/@hiddentracktv2.html]
[www.youtube.com/embed/tPEE9ZwTmy07cec.html]
[www.youtube.com/android-app_/com.google.android.youtube/http/www.youtube.com/watchcbec.html]
[www.youtube.com/ios-app_/544007664/vnd.youtube/www.youtube.com/watch.20d0cbec.delayed]
[www.youtube.com/oembed00ca.json]
[www.youtube.com/oembedc6be]
[www.youtube.com/watchcbec.html]
[www.youtube.com/embed/tPEE9ZwTmy0.html]
[www.youtube.com/shorts/android-app_/com.google.android.youtube/http/www.youtube.com/shorts/KDDECxXwE4E.20d620ce.delayed]
[www.youtube.com/shorts/ios-app_/544007664/vnd.youtube/www.youtube.com/shorts/KDDECxXwE4E.20d820ce.delayed]
[www.youtube.com/shorts/KDDECxXwE4E20ce.html]
[www.youtube.com/shorts/android-app_/com.google.android.youtube/http/www.youtube.com/shorts/KDDECxXwE4E.html]
[www.youtube.com/shorts/ios-app_/544007664/vnd.youtube/www.youtube.com/shorts/KDDECxXwE4E.html]
[www.youtube.com/channel/UCbaOWk9XiTHIitm0YVH5xKg.html]
[www.youtube.com/feeds/videose803.xml]
[www.youtube.com/android-app_/com.google.android.youtube/http/www.youtube.com/channel/UCbaOWk9XiTHIitm0YVH5xKg.html]
[www.youtube.com/ios-app_/544007664/vnd.youtube/www.youtube.com/channel/UCbaOWk9XiTHIitm0YVH5xKg.20df.delayed]
[www.youtube.com/@MegaMillionsMike.html]
[www.youtube.com/embed/KDDECxXwE4E.html]
[www.youtube.com/android-app_/com.google.android.youtube/http/www.youtube.com/watch8948.html]
[www.youtube.com/ios-app_/544007664/vnd.youtube/www.youtube.com/watch.20e48948.delayed]
[i.ytimg.com/vi/KDDECxXwE4E/maxres2dbba.jpg]
[i.ytimg.com/vi/KDDECxXwE4E/hqdefault.jpg]
[www.youtube.com/watch8948.html]
[www.youtube.com/shorts/l6Vg7ybO5Ac.html]
[www.youtube.com/android-app_/com.google.android.youtube/http/www.youtube.com/watch5d10.html]
[www.youtube.com/ios-app_/544007664/vnd.youtube/www.youtube.com/watch.20ec5d10.delayed]
[www.youtube.com/oembede226.json]
[www.youtube.com/oembed76d0]
[i.ytimg.com/vi/l6Vg7ybO5Ac/maxres2f3bd.jpg]
[www.youtube.com/@ChefCatChangAn666.html]
[www.youtube.com/embed/l6Vg7ybO5Ac.html]
[i.ytimg.com/vi/l6Vg7ybO5Ac/hqdefault.jpg]
[www.youtube.com/watch5d10.html]
[www.youtube.com/channel/android-app_/com.google.android.youtube/http/www.youtube.com/channel/UCpLQXR116cLVUa1LRY8KS4w.20f6.delayed]
[www.youtube.com/channel/ios-app_/544007664/vnd.youtube/www.youtube.com/channel/UCpLQXR116cLVUa1LRY8KS4w.20f8.delayed]
[www.youtube.com/channel/UCpLQXR116cLVUa1LRY8KS4w.html]
[www.youtube.com/c/android-app_/com.google.android.youtube/http/www.youtube.com/channel/UCpLQXR116cLVUa1LRY8KS4w.html]
[www.youtube.com/c/ios-app_/544007664/vnd.youtube/www.youtube.com/channel/UCpLQXR116cLVUa1LRY8KS4w.html]
[www.youtube.com/android-app_/com.google.android.youtube/http/youtube.comhttp_/www.youtube.com/playlistfddb.html]
[www.youtube.com/ios-app_/544007664/http/youtube.comhttp_/www.youtube.com/playlistfddb.html]
[www.youtube.com/android-app_/com.google.android.youtube/http/www.youtube.com/watchf0a6.html]
[www.youtube.com/ios-app_/544007664/vnd.youtube/www.youtube.com/watchf0a6.html]
[www.youtube.com/embed/R_fZjGm2OrM.html]
[www.youtube.com/android-app_/com.google.android.youtube/http/www.youtube.com/watch7614.html]
[www.youtube.com/ios-app_/544007664/vnd.youtube/www.youtube.com/watch7614.html]
[www.youtube.com/yogapracticevideos.html]
[www.youtube.com/embed/_OODTfmXOOI.html]
[www.youtube.com/channel/android-app_/com.google.android.youtube/http/www.youtube.com/channel/UCFKE7WVJfvaHW5q283SxchA.html]
[www.youtube.com/channel/ios-app_/544007664/vnd.youtube/www.youtube.com/channel/UCFKE7WVJfvaHW5q283SxchA.html]
[www.youtube.com/android-app_/com.google.android.youtube/http/www.youtube.com/watch7d6b.html]
[www.youtube.com/ios-app_/544007664/vnd.youtube/www.youtube.com/watch7d6b.html]
[www.youtube.com/embed/TVwyEtS_7OQ.html]
[www.youtube.com/android-app_/com.google.android.youtube/http/www.youtube.com/watchb009.html]
[www.youtube.com/ios-app_/544007664/vnd.youtube/www.youtube.com/watchb009.html]
[www.youtube.com/embed/h5CEOjPY_uw.html]
[www.youtube.com/android-app_/com.google.android.youtube/http/www.youtube.com/watchcaf1.html]
[www.youtube.com/ios-app_/544007664/vnd.youtube/www.youtube.com/watchcaf1.html]
[www.youtube.com/embed/fLlFSWgK2y4.html]
[www.youtube.com/channel/android-app_/com.google.android.youtube/http/www.youtube.com/channel/UCb-ODDTys9PeeSyreyh___w.html]
[www.youtube.com/channel/ios-app_/544007664/vnd.youtube/www.youtube.com/channel/UCb-ODDTys9PeeSyreyh___w.html]
[www.youtube.com/android-app_/com.google.android.youtube/http/www.youtube.com/watchef8e.html]
[www.youtube.com/ios-app_/544007664/vnd.youtube/www.youtube.com/watchef8e.html]
[www.youtube.com/android-app_/com.google.android.youtube/http/www.youtube.com/channel/UCb-ODDTys9PeeSyreyh___w.html]
[www.youtube.com/ios-app_/544007664/vnd.youtube/www.youtube.com/channel/UCb-ODDTys9PeeSyreyh___w.2105.delayed]
[www.youtube.com/@MalovaElena.html]
[www.youtube.com/embed/eO3eYIPE0U4.html]
[www.youtube.com/channel/android-app_/com.google.android.youtube/http/www.youtube.com/channel/UCWN2FPlvg9r-LnUyepH9IaQ.html]
[www.youtube.com/channel/ios-app_/544007664/vnd.youtube/www.youtube.com/channel/UCWN2FPlvg9r-LnUyepH9IaQ.html]
[www.youtube.com/android-app_/com.google.android.youtube/http/www.youtube.com/watchcffb.html]
[www.youtube.com/ios-app_/544007664/vnd.youtube/www.youtube.com/watchcffb.html]
[www.youtube.com/android-app_/com.google.android.youtube/http/www.youtube.com/channel/UCWN2FPlvg9r-LnUyepH9IaQ.html]
[www.youtube.com/ios-app_/544007664/vnd.youtube/www.youtube.com/channel/UCWN2FPlvg9r-LnUyepH9IaQ.210b.delayed]
[www.youtube.com/@bohobeautiful.html]
[www.youtube.com/embed/oX6I6vs1EFs.html]
[www.youtube.com/android-app_/com.google.android.youtube/http/www.youtube.com/watch3573.html]
[www.youtube.com/ios-app_/544007664/vnd.youtube/www.youtube.com/watch3573.html]
[www.youtube.com/embed/3_Q-yYfjeBM.html]
[www.youtube.com/channel/android-app_/com.google.android.youtube/http/www.youtube.com/channel/UCKQgiVPqEPU0tImAjFG5lNA.210f.delayed]
[www.youtube.com/channel/ios-app_/544007664/vnd.youtube/www.youtube.com/channel/UCKQgiVPqEPU0tImAjFG5lNA.2111.delayed]
[www.youtube.com/channel/UCKQgiVPqEPU0tImAjFG5lNA.html]
[www.youtube.com/c/XuanLanYoga/android-app_/com.google.android.youtube/http/www.youtube.com/channel/android-app_/com.google.android.youtube/http/www.youtube.com/channel/UCKQgiVPqEPU0tImAjFG5lNA.html]
[www.youtube.com/c/XuanLanYoga/android-app_/com.google.android.youtube/http/www.youtube.com/channel/UCKQgiVPqEPU0tImAjFG5lNA.html]
[www.youtube.com/c/XuanLanYoga/android-app_/com.google.android.youtube/http/www.youtube.com/channel/ios-app_/544007664/vnd.youtube/www.youtube.com/channel/UCKQgiVPqEPU0tImAjFG5lNA.html]
[www.youtube.com/c/XuanLanYoga/ios-app_/544007664/vnd.youtube/www.youtube.com/channel/android-app_/com.google.android.youtube/http/www.youtube.com/channel/UCKQgiVPqEPU0tImAjFG5lNA.html]
[www.youtube.com/c/XuanLanYoga/ios-app_/544007664/vnd.youtube/www.youtube.com/channel/UCKQgiVPqEPU0tImAjFG5lNA.html]
[www.youtube.com/android-app_/com.google.android.youtube/http/www.youtube.com/watch1f8d.html]
[www.youtube.com/ios-app_/544007664/vnd.youtube/www.youtube.com/watch1f8d.html]
[www.youtube.com/c/XuanLanYoga/ios-app_/544007664/vnd.youtube/www.youtube.com/channel/ios-app_/544007664/vnd.youtube/www.youtube.com/channel/UCKQgiVPqEPU0tImAjFG5lNA.html]
[www.youtube.com/android-app_/com.google.android.youtube/http/www.youtube.com/channel/UCKQgiVPqEPU0tImAjFG5lNA.html]
[www.youtube.com/ios-app_/544007664/vnd.youtube/www.youtube.com/channel/UCKQgiVPqEPU0tImAjFG5lNA.2121.delayed]
[www.youtube.com/@XuanLanYoga.html]
[www.youtube.com/embed/nZw4OJl4BzQ.html]
[www.youtube.com/channel/android-app_/com.google.android.youtube/http/www.youtube.com/channel/UCHJBoCDxaCTRrwCHXEBA-BA.html]
[www.youtube.com/channel/ios-app_/544007664/vnd.youtube/www.youtube.com/channel/UCHJBoCDxaCTRrwCHXEBA-BA.html]
[www.youtube.com/android-app_/com.google.android.youtube/http/www.youtube.com/watch1971.html]
[www.youtube.com/ios-app_/544007664/vnd.youtube/www.youtube.com/watch1971.html]
[www.youtube.com/android-app_/com.google.android.youtube/http/www.youtube.com/channel/UCHJBoCDxaCTRrwCHXEBA-BA.html]
[www.youtube.com/ios-app_/544007664/vnd.youtube/www.youtube.com/channel/UCHJBoCDxaCTRrwCHXEBA-BA.2127.delayed]
[www.youtube.com/@madymorrison.html]
[www.youtube.com/embed/g_tea8ZNk5A.html]
[www.youtube.com/android-app_/com.google.android.youtube/http/www.youtube.com/watch2a84.html]
[www.youtube.com/ios-app_/544007664/vnd.youtube/www.youtube.com/watch2a84.html]
[www.youtube.com/embed/a01D1PzTVFc.html]
[www.youtube.com/shorts/android-app_/com.google.android.youtube/http/www.youtube.com/shorts/MG5f7jETiU0.212c.delayed]
[www.youtube.com/shorts/MG5f7jETiU020ce.html]
[www.youtube.com/shorts/ios-app_/544007664/vnd.youtube/www.youtube.com/shorts/MG5f7jETiU0.212e.delayed]
[i.ytimg.com/vi/MG5f7jETiU0/hq720_2030e.jpg]
[www.youtube.com/shorts/MG5f7jETiU0.html]
[www.youtube.com/android-app_/com.google.android.youtube/http/www.youtube.com/watch4ef9.html]
[www.youtube.com/ios-app_/544007664/vnd.youtube/www.youtube.com/watch4ef9.html]
[www.youtube.com/channel/UCiXKTdHsvNxKzBFWsWTlsYQ.html]
[www.youtube.com/feeds/videos6153.xml]
[www.youtube.com/android-app_/com.google.android.youtube/http/www.youtube.com/channel/UCiXKTdHsvNxKzBFWsWTlsYQ.html]
[www.youtube.com/ios-app_/544007664/vnd.youtube/www.youtube.com/channel/UCiXKTdHsvNxKzBFWsWTlsYQ.2137.delayed]
[www.youtube.com/@sonalsharmayoga.html]
[www.youtube.com/embed/MG5f7jETiU0.html]
[www.youtube.com/android-app_/com.google.android.youtube/http/www.youtube.com/watch44a6.html]
[www.youtube.com/ios-app_/544007664/vnd.youtube/www.youtube.com/watch44a6.html]
[www.youtube.com/embed/ZSIp00SewO8.html]
[www.youtube.com/android-app_/com.google.android.youtube/http/www.youtube.com/watch34d8.html]
[www.youtube.com/ios-app_/544007664/vnd.youtube/www.youtube.com/watch34d8.html]
[www.youtube.com/channel/UCxYVPua6HC46HzgT8IIn3vg.html]
[www.youtube.com/feeds/videosa5f2.xml]
[www.youtube.com/android-app_/com.google.android.youtube/http/www.youtube.com/channel/UCxYVPua6HC46HzgT8IIn3vg.html]
[www.youtube.com/ios-app_/544007664/vnd.youtube/www.youtube.com/channel/UCxYVPua6HC46HzgT8IIn3vg.2140.delayed]
[www.youtube.com/@YogaWithBird.html]
[www.youtube.com/embed/cL6RzpaVcgg.html]
[www.youtube.com/android-app_/com.google.android.youtube/http/www.youtube.com/watch00fa.html]
[www.youtube.com/ios-app_/544007664/vnd.youtube/www.youtube.com/watch00fa.html]
[www.youtube.com/channel/UC-0CzRZeML8zw4pFTVDq65Q.html]
[www.youtube.com/feeds/videos9be7.xml]
[www.youtube.com/android-app_/com.google.android.youtube/http/www.youtube.com/channel/UC-0CzRZeML8zw4pFTVDq65Q.html]
[www.youtube.com/ios-app_/544007664/vnd.youtube/www.youtube.com/channel/UC-0CzRZeML8zw4pFTVDq65Q.2148.delayed]
[www.youtube.com/@sarahbethyoga.html]
[www.youtube.com/embed/VaoV1PrYft4.html]
[www.youtube.com/android-app_/com.google.android.youtube/http/www.youtube.com/watch4f01.html]
[www.youtube.com/ios-app_/544007664/vnd.youtube/www.youtube.com/watch4f01.html]
[www.youtube.com/channel/UCw3_asTSehMF-MbF1cluGCw.html]
[www.youtube.com/feeds/videosa222.xml]
[www.youtube.com/android-app_/com.google.android.youtube/http/www.youtube.com/channel/UCw3_asTSehMF-MbF1cluGCw.html]
[www.youtube.com/ios-app_/544007664/vnd.youtube/www.youtube.com/channel/UCw3_asTSehMF-MbF1cluGCw.2150.delayed]
[www.youtube.com/@shona_vertue.html]
[www.youtube.com/embed/hhw_pczkKkQ.html]
[www.youtube.com/android-app_/com.google.android.youtube/http/www.youtube.com/watchbbfa.html]
[www.youtube.com/ios-app_/544007664/vnd.youtube/www.youtube.com/watchbbfa.html]
[www.youtube.com/channel/UCciuZl2ydLCvN5txlLW0rIg.html]
[www.youtube.com/feeds/videos9609.xml]
[www.youtube.com/android-app_/com.google.android.youtube/http/www.youtube.com/channel/UCciuZl2ydLCvN5txlLW0rIg.html]
[www.youtube.com/ios-app_/544007664/vnd.youtube/www.youtube.com/channel/UCciuZl2ydLCvN5txlLW0rIg.2158.delayed]
[www.youtube.com/@yogawithtim.html]
[www.youtube.com/embed/M8Mzbg9tjYo.html]
[www.youtube.com/android-app_/com.google.android.youtube/http/www.youtube.com/watch684c.html]
[www.youtube.com/ios-app_/544007664/vnd.youtube/www.youtube.com/watch684c.html]
[www.youtube.com/channel/UCGbxOeCBuGSsKvt4g9lEv3A.html]
[www.youtube.com/feeds/videos0df4.xml]
[www.youtube.com/android-app_/com.google.android.youtube/http/www.youtube.com/channel/UCGbxOeCBuGSsKvt4g9lEv3A.html]
[www.youtube.com/ios-app_/544007664/vnd.youtube/www.youtube.com/channel/UCGbxOeCBuGSsKvt4g9lEv3A.2160.delayed]
[www.youtube.com/@SeaLemonDIY.html]
[www.youtube.com/embed/MRmEm0U-Tp0.html]
[www.youtube.com/android-app_/com.google.android.youtube/http/www.youtube.com/watchff14.html]
[www.youtube.com/ios-app_/544007664/vnd.youtube/www.youtube.com/watchff14.html]
[www.youtube.com/channel/UC6a8lp6vaCMhUVXPyynhjUA.html]
[www.youtube.com/feeds/videos5966.xml]
[www.youtube.com/android-app_/com.google.android.youtube/http/www.youtube.com/channel/UC6a8lp6vaCMhUVXPyynhjUA.html]
[www.youtube.com/ios-app_/544007664/vnd.youtube/www.youtube.com/channel/UC6a8lp6vaCMhUVXPyynhjUA.2168.delayed]
[www.youtube.com/@RubyGranger8.html]
[www.youtube.com/embed/tz-L15OuSRM.html]
[www.youtube.com/channel/android-app_/com.google.android.youtube/http/www.youtube.com/channel/UCse4ijB3OGm6fWKxEaFvLKw.html]
[www.youtube.com/channel/ios-app_/544007664/vnd.youtube/www.youtube.com/channel/UCse4ijB3OGm6fWKxEaFvLKw.html]
[www.youtube.com/channel/android-app_/com.google.android.youtube/http/www.youtube.com/channel/UCbKWv2x9t6u8yZoB3KcPtnw.html]
[www.youtube.com/channel/ios-app_/544007664/vnd.youtube/www.youtube.com/channel/UCbKWv2x9t6u8yZoB3KcPtnw.html]
[www.youtube.com/channel/android-app_/com.google.android.youtube/http/www.youtube.com/channel/UC2mP7il3YV7TxM_3m6U0bwA.html]
[www.youtube.com/channel/ios-app_/544007664/vnd.youtube/www.youtube.com/channel/UC2mP7il3YV7TxM_3m6U0bwA.html]
[www.youtube.com/channel/android-app_/com.google.android.youtube/http/www.youtube.com/channel/UCmbP0Q_L9NzAQDz8voa4ZTw.html]
[www.youtube.com/channel/ios-app_/544007664/vnd.youtube/www.youtube.com/channel/UCmbP0Q_L9NzAQDz8voa4ZTw.html]
[www.youtube.com/channel/android-app_/com.google.android.youtube/http/www.youtube.com/channel/UCJp3rQ2_ZeTFRDQWrTCWfHQ.html]
[www.youtube.com/channel/ios-app_/544007664/vnd.youtube/www.youtube.com/channel/UCJp3rQ2_ZeTFRDQWrTCWfHQ.html]
[www.youtube.com/channel/android-app_/com.google.android.youtube/http/www.youtube.com/channel/UCawEP-InoKYKutsgq_vqIXA.html]
[www.youtube.com/channel/ios-app_/544007664/vnd.youtube/www.youtube.com/channel/UCawEP-InoKYKutsgq_vqIXA.html]
[www.youtube.com/android-app_/com.google.android.youtube/http/www.youtube.com/watch43b9.html]
[www.youtube.com/ios-app_/544007664/vnd.youtube/www.youtube.com/watch43b9.html]
[www.youtube.com/channel/UCqQj8nToSx7Sh_VH_UTIuhw.html]
[www.youtube.com/feeds/videos77f5.xml]
[www.youtube.com/android-app_/com.google.android.youtube/http/www.youtube.com/channel/UCqQj8nToSx7Sh_VH_UTIuhw.html]
[www.youtube.com/ios-app_/544007664/vnd.youtube/www.youtube.com/channel/UCqQj8nToSx7Sh_VH_UTIuhw.2170.delayed]
[www.youtube.com/@tenpers.html]
[www.youtube.com/embed/knHejfHJKtc.html]
[www.youtube.com/android-app_/com.google.android.youtube/http/www.youtube.com/channel/UC-J69_lkam--1V2wDU3aggg.html]
[www.youtube.com/ios-app_/544007664/vnd.youtube/www.youtube.com/channel/UC-J69_lkam--1V2wDU3aggg.html]
[www.youtube.com/channel/android-app_/com.google.android.youtube/http/www.youtube.com/channel/UC_L5DaslvV0_wn_3_OEBCeA.html]
[www.youtube.com/channel/ios-app_/544007664/vnd.youtube/www.youtube.com/channel/UC_L5DaslvV0_wn_3_OEBCeA.html]
[www.youtube.com/channel/android-app_/com.google.android.youtube/http/www.youtube.com/channel/UC_mzz_JnzArhhpGUy8KdGwg.html]
[www.youtube.com/channel/ios-app_/544007664/vnd.youtube/www.youtube.com/channel/UC_mzz_JnzArhhpGUy8KdGwg.html]
[www.youtube.com/c/watchedwalker/android-app_/com.google.android.youtube/http/www.youtube.com/channel/android-app_/com.google.android.youtube/http/www.youtube.com/channel/UC_mzz_JnzArhhpGUy8KdGwg.html]
[www.youtube.com/c/watchedwalker/android-app_/com.google.android.youtube/http/www.youtube.com/channel/ios-app_/544007664/vnd.youtube/www.youtube.com/channel/UC_mzz_JnzArhhpGUy8KdGwg.html]
[www.youtube.com/c/watchedwalker/ios-app_/544007664/vnd.youtube/www.youtube.com/channel/android-app_/com.google.android.youtube/http/www.youtube.com/channel/UC_mzz_JnzArhhpGUy8KdGwg.html]
[www.youtube.com/c/watchedwalker/ios-app_/544007664/vnd.youtube/www.youtube.com/channel/ios-app_/544007664/vnd.youtube/www.youtube.com/channel/UC_mzz_JnzArhhpGUy8KdGwg.html]
[www.youtube.com/android-app_/com.google.android.youtube/http/www.youtube.com/watch53e8.html]
[www.youtube.com/ios-app_/544007664/vnd.youtube/www.youtube.com/watch53e8.html]
[www.youtube.com/android-app_/com.google.android.youtube/http/www.youtube.com/channel/UC_L5DaslvV0_wn_3_OEBCeA.html]
[www.youtube.com/ios-app_/544007664/vnd.youtube/www.youtube.com/channel/UC_L5DaslvV0_wn_3_OEBCeA.2183.delayed]
[www.youtube.com/@InfiniteDrift.html]
[www.youtube.com/embed/b5awNWktScQ.html]
[www.youtube.com/channel/android-app_/com.google.android.youtube/http/www.youtube.com/channel/UCbLDBxam7cqSM3aO5-NxDGg.html]
[www.youtube.com/channel/ios-app_/544007664/vnd.youtube/www.youtube.com/channel/UCbLDBxam7cqSM3aO5-NxDGg.html]
[www.youtube.com/c/KelpieTheFox/android-app_/com.google.android.youtube/http/www.youtube.com/channel/android-app_/com.google.android.youtube/http/www.youtube.com/channel/UCbLDBxam7cqSM3aO5-NxDGg.html]
[www.youtube.com/c/KelpieTheFox/android-app_/com.google.android.youtube/http/www.youtube.com/channel/ios-app_/544007664/vnd.youtube/www.youtube.com/channel/UCbLDBxam7cqSM3aO5-NxDGg.html]
[www.youtube.com/c/KelpieTheFox/ios-app_/544007664/vnd.youtube/www.youtube.com/channel/android-app_/com.google.android.youtube/http/www.youtube.com/channel/UCbLDBxam7cqSM3aO5-NxDGg.html]
[www.youtube.com/c/KelpieTheFox/ios-app_/544007664/vnd.youtube/www.youtube.com/channel/ios-app_/544007664/vnd.youtube/www.youtube.com/channel/UCbLDBxam7cqSM3aO5-NxDGg.html]
[www.youtube.com/android-app_/com.google.android.youtube/http/www.youtube.com/watchf778.html]
[www.youtube.com/ios-app_/544007664/vnd.youtube/www.youtube.com/watchf778.html]
[www.youtube.com/android-app_/com.google.android.youtube/http/www.youtube.com/channel/UCbLDBxam7cqSM3aO5-NxDGg.html]
[www.youtube.com/ios-app_/544007664/vnd.youtube/www.youtube.com/channel/UCbLDBxam7cqSM3aO5-NxDGg.html]
[www.youtube.com/channel/android-app_/com.google.android.youtube/http/www.youtube.com/channel/UCSC8Ns06xEMRC3uNmiwnqBQ.2194.delayed]
[www.youtube.com/channel/ios-app_/544007664/vnd.youtube/www.youtube.com/channel/UCSC8Ns06xEMRC3uNmiwnqBQ.2196.delayed]
[www.youtube.com/channel/UCSC8Ns06xEMRC3uNmiwnqBQ.html]
[www.youtube.com/android-app_/com.google.android.youtube/http/www.youtube.com/channel/UCSC8Ns06xEMRC3uNmiwnqBQ.html]
[www.youtube.com/ios-app_/544007664/vnd.youtube/www.youtube.com/channel/UCSC8Ns06xEMRC3uNmiwnqBQ.html]
[www.youtube.com/channel/android-app_/com.google.android.youtube/http/www.youtube.com/channel/UC4UNqGYuB2q49GzGD_CBIVQ.html]
[www.youtube.com/channel/ios-app_/544007664/vnd.youtube/www.youtube.com/channel/UC4UNqGYuB2q49GzGD_CBIVQ.html]
[www.youtube.com/c/TrixyBlox/android-app_/com.google.android.youtube/http/www.youtube.com/channel/android-app_/com.google.android.youtube/http/www.youtube.com/channel/UC4UNqGYuB2q49GzGD_CBIVQ.html]
[www.youtube.com/c/TrixyBlox/android-app_/com.google.android.youtube/http/www.youtube.com/channel/ios-app_/544007664/vnd.youtube/www.youtube.com/channel/UC4UNqGYuB2q49GzGD_CBIVQ.html]
[www.youtube.com/c/TrixyBlox/ios-app_/544007664/vnd.youtube/www.youtube.com/channel/android-app_/com.google.android.youtube/http/www.youtube.com/channel/UC4UNqGYuB2q49GzGD_CBIVQ.html]
[www.youtube.com/c/TrixyBlox/ios-app_/544007664/vnd.youtube/www.youtube.com/channel/ios-app_/544007664/vnd.youtube/www.youtube.com/channel/UC4UNqGYuB2q49GzGD_CBIVQ.html]
[www.youtube.com/android-app_/com.google.android.youtube/http/www.youtube.com/watchdd1c.html]
[www.youtube.com/ios-app_/544007664/vnd.youtube/www.youtube.com/watchdd1c.html]
[www.youtube.com/android-app_/com.google.android.youtube/http/www.youtube.com/channel/UC4UNqGYuB2q49GzGD_CBIVQ.html]
[www.youtube.com/ios-app_/544007664/vnd.youtube/www.youtube.com/channel/UC4UNqGYuB2q49GzGD_CBIVQ.21a9.delayed]
[www.youtube.com/@TrixyBlox.html]
[www.youtube.com/embed/VmFwf6CXbdc.html]
[www.youtube.com/channel/UCSVSAF79XotyQpB6rArTCmQ/android-app_/com.google.android.youtube/http/www.youtube.com/channel/ios-app_/544007664/vnd.youtube/www.youtube.com/channel/android-app_/com/UCSVSAF79XotyQpB6rArTCm]
[www.youtube.com/channel/UCSVSAF79XotyQpB6rArTCmQ/android-app_/com.google.android.youtube/http/www.youtube.com/channel/ios-app_/544007664/vnd.youtube/www.youtube.com/channel/ios-app_/54400766/UCSVSAF79XotyQpB6rArTCm]
[www.youtube.com/channel/UCSVSAF79XotyQpB6rArTCmQ/ios-app_/544007664/vnd.youtube/www.youtube.com/channel/android-app_/com.google.android.youtube/http/www.youtube.com/channel/android-app_/com/UCSVSAF79XotyQpB6rArTCm]
[www.youtube.com/channel/UCSVSAF79XotyQpB6rArTCmQ/ios-app_/544007664/vnd.youtube/www.youtube.com/channel/android-app_/com.google.android.youtube/http/www.youtube.com/channel/ios-app_/54400766/UCSVSAF79XotyQpB6rArTCm]
[www.youtube.com/channel/UCSVSAF79XotyQpB6rArTCmQ/ios-app_/544007664/vnd.youtube/www.youtube.com/channel/ios-app_/544007664/vnd.youtube/www.youtube.com/channel/android-app_/com.google.android/UCSVSAF79XotyQpB6rArTCm]
[www.youtube.com/channel/UCSVSAF79XotyQpB6rArTCmQ/ios-app_/544007664/vnd.youtube/www.youtube.com/channel/ios-app_/544007664/vnd.youtube/www.youtube.com/channel/ios-app_/544007664/vnd.youtube//UCSVSAF79XotyQpB6rArTCm]
[www.youtube.com/channel/android-app_/com.google.android.youtube/http/www.youtube.com/channel/UC_uzIqtjA45jmKjQXDjTNQQ.html]
[www.youtube.com/channel/ios-app_/544007664/vnd.youtube/www.youtube.com/channel/UC_uzIqtjA45jmKjQXDjTNQQ.html]
[www.youtube.com/channel/android-app_/com.google.android.youtube/http/www.youtube.com/channel/UCpZ_DI-ZugwMzXcqccaTVsg.html]
[www.youtube.com/channel/ios-app_/544007664/vnd.youtube/www.youtube.com/channel/UCpZ_DI-ZugwMzXcqccaTVsg.html]
[www.youtube.com/channel/UCPo70pynefJ90wBqCEryZWg/android-app_/com.google.android.youtube/http/www.youtube.com/channel/ios-app_/544007664/vnd.youtube/www.youtube.com/channel/android-app_/com/UCPo70pynefJ90wBqCEryZW]
[www.youtube.com/channel/UCPo70pynefJ90wBqCEryZWg/android-app_/com.google.android.youtube/http/www.youtube.com/channel/ios-app_/544007664/vnd.youtube/www.youtube.com/channel/ios-app_/54400766/UCPo70pynefJ90wBqCEryZW]
[www.youtube.com/channel/UCPo70pynefJ90wBqCEryZWg/ios-app_/544007664/vnd.youtube/www.youtube.com/channel/android-app_/com.google.android.youtube/http/www.youtube.com/channel/android-app_/com/UCPo70pynefJ90wBqCEryZW]
[www.youtube.com/channel/UCPo70pynefJ90wBqCEryZWg/ios-app_/544007664/vnd.youtube/www.youtube.com/channel/android-app_/com.google.android.youtube/http/www.youtube.com/channel/ios-app_/54400766/UCPo70pynefJ90wBqCEryZW]
[www.youtube.com/channel/UCPo70pynefJ90wBqCEryZWg/ios-app_/544007664/vnd.youtube/www.youtube.com/channel/ios-app_/544007664/vnd.youtube/www.youtube.com/channel/android-app_/com.google.android/UCPo70pynefJ90wBqCEryZW]
[www.youtube.com/channel/UCPo70pynefJ90wBqCEryZWg/ios-app_/544007664/vnd.youtube/www.youtube.com/channel/ios-app_/544007664/vnd.youtube/www.youtube.com/channel/ios-app_/544007664/vnd.youtube//UCPo70pynefJ90wBqCEryZW]
[www.youtube.com/channel/android-app_/com.google.android.youtube/http/www.youtube.com/channel/UCFvDpIL1n2fbfG7Be_FZQnw.html]
[www.youtube.com/channel/ios-app_/544007664/vnd.youtube/www.youtube.com/channel/UCFvDpIL1n2fbfG7Be_FZQnw.html]
[www.youtube.com/android-app_/com.google.android.youtube/http/www.youtube.com/watch100a.html]
[www.youtube.com/ios-app_/544007664/vnd.youtube/www.youtube.com/watch100a.html]
[www.youtube.com/embed/UeCjSEIvOgs.html]
[www.youtube.com/channel/android-app_/com.google.android.youtube/http/www.youtube.com/channel/UCqowvQUm5Q81jv_ronx891w.21ad.delayed]
[www.youtube.com/channel/ios-app_/544007664/vnd.youtube/www.youtube.com/channel/UCqowvQUm5Q81jv_ronx891w.21af.delayed]
[www.youtube.com/channel/UCqowvQUm5Q81jv_ronx891w.html]
[www.youtube.com/android-app_/com.google.android.youtube/http/www.youtube.com/channel/UCqowvQUm5Q81jv_ronx891w.html]
[www.youtube.com/ios-app_/544007664/vnd.youtube/www.youtube.com/channel/UCqowvQUm5Q81jv_ronx891w.html]
[www.youtube.com/channel/android-app_/com.google.android.youtube/http/www.youtube.com/channel/UCl_vAxZpvbO-PFXdDu7EdHw.21b3.delayed]
[www.youtube.com/channel/ios-app_/544007664/vnd.youtube/www.youtube.com/channel/UCl_vAxZpvbO-PFXdDu7EdHw.21b5.delayed]
[www.youtube.com/channel/UCl_vAxZpvbO-PFXdDu7EdHw.html]
[www.youtube.com/android-app_/com.google.android.youtube/http/www.youtube.com/channel/UCl_vAxZpvbO-PFXdDu7EdHw.html]
[www.youtube.com/ios-app_/544007664/vnd.youtube/www.youtube.com/channel/UCl_vAxZpvbO-PFXdDu7EdHw.html]
[www.youtube.com/channel/android-app_/com.google.android.youtube/http/www.youtube.com/channel/UCIXguhHCl8eDTkXpEuiGPUA.21b9.delayed]
[www.youtube.com/channel/ios-app_/544007664/vnd.youtube/www.youtube.com/channel/UCIXguhHCl8eDTkXpEuiGPUA.21bb.delayed]
[www.youtube.com/channel/UCIXguhHCl8eDTkXpEuiGPUA.html]
[www.youtube.com/android-app_/com.google.android.youtube/http/www.youtube.com/channel/UCIXguhHCl8eDTkXpEuiGPUA.html]
[www.youtube.com/ios-app_/544007664/vnd.youtube/www.youtube.com/channel/UCIXguhHCl8eDTkXpEuiGPUA.html]
[www.youtube.com/channel/android-app_/com.google.android.youtube/http/www.youtube.com/channel/UCG8eSYvOQUpb9HM8zU5d6xg.21bf.delayed]
[www.youtube.com/channel/ios-app_/544007664/vnd.youtube/www.youtube.com/channel/UCG8eSYvOQUpb9HM8zU5d6xg.21c1.delayed]
[www.youtube.com/channel/UCG8eSYvOQUpb9HM8zU5d6xg.html]
[www.youtube.com/android-app_/com.google.android.youtube/http/www.youtube.com/channel/UCG8eSYvOQUpb9HM8zU5d6xg.html]
[www.youtube.com/ios-app_/544007664/vnd.youtube/www.youtube.com/channel/UCG8eSYvOQUpb9HM8zU5d6xg.html]
[www.youtube.com/channel/android-app_/com.google.android.youtube/http/www.youtube.com/channel/UC_4LUzR9oHGDLViL3V43vIQ.html]
[www.youtube.com/channel/ios-app_/544007664/vnd.youtube/www.youtube.com/channel/UC_4LUzR9oHGDLViL3V43vIQ.html]
[www.youtube.com/channel/android-app_/com.google.android.youtube/http/www.youtube.com/channel/UCU3JjZIPax0rTWYXAKF6sig.html]
[www.youtube.com/channel/ios-app_/544007664/vnd.youtube/www.youtube.com/channel/UCU3JjZIPax0rTWYXAKF6sig.html]
[www.youtube.com/channel/android-app_/com.google.android.youtube/http/www.youtube.com/channel/UCcn0BFXHCtkqJl8CAPDj9og.html]
[www.youtube.com/channel/ios-app_/544007664/vnd.youtube/www.youtube.com/channel/UCcn0BFXHCtkqJl8CAPDj9og.html]
[www.youtube.com/channel/android-app_/com.google.android.youtube/http/www.youtube.com/channel/UCfD7mIlH_bZQq383HXUE-kw.html]
[www.youtube.com/channel/ios-app_/544007664/vnd.youtube/www.youtube.com/channel/UCfD7mIlH_bZQq383HXUE-kw.html]
[www.youtube.com/channel/android-app_/com.google.android.youtube/http/www.youtube.com/channel/UCDPXhAkSq_JjVdFUU60A-1A.html]
[www.youtube.com/channel/ios-app_/544007664/vnd.youtube/www.youtube.com/channel/UCDPXhAkSq_JjVdFUU60A-1A.html]
[www.youtube.com/channel/android-app_/com.google.android.youtube/http/www.youtube.com/channel/UC-tJ52OfXxNyZJhj-dGqMYQ.html]
[www.youtube.com/channel/ios-app_/544007664/vnd.youtube/www.youtube.com/channel/UC-tJ52OfXxNyZJhj-dGqMYQ.html]
[www.youtube.com/channel/android-app_/com.google.android.youtube/http/www.youtube.com/channel/UCyRkr5_TJ8SUvyjN9j5c7yw.html]
[www.youtube.com/channel/ios-app_/544007664/vnd.youtube/www.youtube.com/channel/UCyRkr5_TJ8SUvyjN9j5c7yw.html]
[www.youtube.com/android-app_/com.google.android.youtube/http/www.youtube.com/channel/UC-tJ52OfXxNyZJhj-dGqMYQ.html]
[www.youtube.com/ios-app_/544007664/vnd.youtube/www.youtube.com/channel/UC-tJ52OfXxNyZJhj-dGqMYQ.html]
[www.youtube.com/channel/android-app_/com.google.android.youtube/http/www.youtube.com/channel/UCvFZqf1gW_XSCZyTku15LSA.html]
[www.youtube.com/channel/ios-app_/544007664/vnd.youtube/www.youtube.com/channel/UCvFZqf1gW_XSCZyTku15LSA.html]
[www.youtube.com/c/ZloYxpAvi/android-app_/com.google.android.youtube/http/www.youtube.com/channel/android-app_/com.google.android.youtube/http/www.youtube.com/channel/UCvFZqf1gW_XSCZyTku15LSA.html]
[www.youtube.com/c/ZloYxpAvi/android-app_/com.google.android.youtube/http/www.youtube.com/channel/ios-app_/544007664/vnd.youtube/www.youtube.com/channel/UCvFZqf1gW_XSCZyTku15LSA.html]
[www.youtube.com/c/ZloYxpAvi/ios-app_/544007664/vnd.youtube/www.youtube.com/channel/android-app_/com.google.android.youtube/http/www.youtube.com/channel/UCvFZqf1gW_XSCZyTku15LSA.html]
[www.youtube.com/c/ZloYxpAvi/ios-app_/544007664/vnd.youtube/www.youtube.com/channel/ios-app_/544007664/vnd.youtube/www.youtube.com/channel/UCvFZqf1gW_XSCZyTku15LSA.html]
[www.youtube.com/channel/android-app_/com.google.android.youtube/http/www.youtube.com/channel/UC7_YxT-KID8kRbqZo7MyscQ.html]
[www.youtube.com/channel/ios-app_/544007664/vnd.youtube/www.youtube.com/channel/UC7_YxT-KID8kRbqZo7MyscQ.html]
[www.youtube.com/channel/android-app_/com.google.android.youtube/http/www.youtube.com/channel/UCRz8GNrMnibGz2HDrcxjEhw.21d2.delayed]
[www.youtube.com/channel/ios-app_/544007664/vnd.youtube/www.youtube.com/channel/UCRz8GNrMnibGz2HDrcxjEhw.21d4.delayed]
[www.youtube.com/channel/UCRz8GNrMnibGz2HDrcxjEhw.html]
[www.youtube.com/android-app_/com.google.android.youtube/http/www.youtube.com/channel/UCRz8GNrMnibGz2HDrcxjEhw.html]
[www.youtube.com/ios-app_/544007664/vnd.youtube/www.youtube.com/channel/UCRz8GNrMnibGz2HDrcxjEhw.html]
[www.youtube.com/channel/android-app_/com.google.android.youtube/http/www.youtube.com/channel/UCMQOumrt3C7fFRT8oBc436Q.html]
[www.youtube.com/channel/ios-app_/544007664/vnd.youtube/www.youtube.com/channel/UCMQOumrt3C7fFRT8oBc436Q.html]
[www.youtube.com/channel/android-app_/com.google.android.youtube/http/www.youtube.com/channel/UCAxBpbVbSXT2wsCwZfrIIVg.html]
[www.youtube.com/channel/ios-app_/544007664/vnd.youtube/www.youtube.com/channel/UCAxBpbVbSXT2wsCwZfrIIVg.html]
[www.youtube.com/c/Ihascupquakeplus/android-app_/com.google.android.youtube/http/www.youtube.com/channel/android-app_/com.google.android.youtube/http/www.youtube.com/channel/UCqg2eLFNUu3QN3dttNeOWkw.html]
[www.youtube.com/c/Ihascupquakeplus/android-app_/com.google.android.youtube/http/www.youtube.com/channel/ios-app_/544007664/vnd.youtube/www.youtube.com/channel/UCqg2eLFNUu3QN3dttNeOWkw.html]
[www.youtube.com/c/Ihascupquakeplus/ios-app_/544007664/vnd.youtube/www.youtube.com/channel/android-app_/com.google.android.youtube/http/www.youtube.com/channel/UCqg2eLFNUu3QN3dttNeOWkw.html]
[www.youtube.com/c/Ihascupquakeplus/ios-app_/544007664/vnd.youtube/www.youtube.com/channel/ios-app_/544007664/vnd.youtube/www.youtube.com/channel/UCqg2eLFNUu3QN3dttNeOWkw.html]
[www.youtube.com/android-app_/com.google.android.youtube/http/www.youtube.com/channel/UCqg2eLFNUu3QN3dttNeOWkw.html]
[www.youtube.com/ios-app_/544007664/vnd.youtube/www.youtube.com/channel/UCqg2eLFNUu3QN3dttNeOWkw.html]
[www.youtube.com/android-app_/com.google.android.youtube/http/www.youtube.com/channel/UC-oleeXG4SNe7yv91Q7s64g.html]
[www.youtube.com/ios-app_/544007664/vnd.youtube/www.youtube.com/channel/UC-oleeXG4SNe7yv91Q7s64g.html]
[www.youtube.com/channel/android-app_/com.google.android.youtube/http/www.youtube.com/channel/UCPhMH41_XgMzPYZWGX2YDdQ.21e6.delayed]
[www.youtube.com/channel/ios-app_/544007664/vnd.youtube/www.youtube.com/channel/UCPhMH41_XgMzPYZWGX2YDdQ.21e8.delayed]
[www.youtube.com/channel/UCPhMH41_XgMzPYZWGX2YDdQ.html]
[www.youtube.com/android-app_/com.google.android.youtube/http/www.youtube.com/channel/UCPhMH41_XgMzPYZWGX2YDdQ.html]
[www.youtube.com/ios-app_/544007664/vnd.youtube/www.youtube.com/channel/UCPhMH41_XgMzPYZWGX2YDdQ.html]
[www.youtube.com/c/chrisbossiobarber/android-app_/com.google.android.youtube/http/www.youtube.com/channel/android-app_/com.google.android.youtube/http/www.youtube.com/channel/android-app_/com/UCD9Oybf28FhVdVDG6hwg6Y]
[www.youtube.com/c/chrisbossiobarber/android-app_/com.google.android.youtube/http/www.youtube.com/channel/android-app_/com.google.android.youtube/http/www.youtube.com/channel/ios-app_/5440076/UCD9Oybf28FhVdVDG6hwg6Y]
[www.youtube.com/c/chrisbossiobarber/android-app_/com.google.android.youtube/http/www.youtube.com/channel/ios-app_/544007664/vnd.youtube/www.youtube.com/channel/android-app_/com.google.androi/UCD9Oybf28FhVdVDG6hwg6Y]
[www.youtube.com/c/chrisbossiobarber/android-app_/com.google.android.youtube/http/www.youtube.com/channel/ios-app_/544007664/vnd.youtube/www.youtube.com/channel/ios-app_/544007664/vnd.youtube/UCD9Oybf28FhVdVDG6hwg6Y]
[www.youtube.com/c/chrisbossiobarber/ios-app_/544007664/vnd.youtube/www.youtube.com/channel/android-app_/com.google.android.youtube/http/www.youtube.com/channel/android-app_/com.google.androi/UCD9Oybf28FhVdVDG6hwg6Y]
[www.youtube.com/c/chrisbossiobarber/ios-app_/544007664/vnd.youtube/www.youtube.com/channel/android-app_/com.google.android.youtube/http/www.youtube.com/channel/ios-app_/544007664/vnd.youtube/UCD9Oybf28FhVdVDG6hwg6Y]
[www.youtube.com/c/chrisbossiobarber/ios-app_/544007664/vnd.youtube/www.youtube.com/channel/ios-app_/544007664/vnd.youtube/www.youtube.com/channel/android-app_/com.google.android.youtube/http/UCD9Oybf28FhVdVDG6hwg6Y]
[www.youtube.com/c/chrisbossiobarber/ios-app_/544007664/vnd.youtube/www.youtube.com/channel/ios-app_/544007664/vnd.youtube/www.youtube.com/channel/ios-app_/544007664/vnd.youtube/www.youtube.c/UCD9Oybf28FhVdVDG6hwg6Y]
[www.youtube.com/c/CallMeAgent00/android-app_/com.google.android.youtube/http/www.youtube.com/channel/android-app_/com.google.android.youtube/http/www.youtube.com/channel/android-app_/com.goo/UCVC5-Y6ez4sk3mtbUmN-SU]
[www.youtube.com/c/CallMeAgent00/android-app_/com.google.android.youtube/http/www.youtube.com/channel/android-app_/com.google.android.youtube/http/www.youtube.com/channel/ios-app_/544007664/v/UCVC5-Y6ez4sk3mtbUmN-SU]
[www.youtube.com/c/CallMeAgent00/android-app_/com.google.android.youtube/http/www.youtube.com/channel/ios-app_/544007664/vnd.youtube/www.youtube.com/channel/android-app_/com.google.android.yo/UCVC5-Y6ez4sk3mtbUmN-SU]
[www.youtube.com/c/CallMeAgent00/android-app_/com.google.android.youtube/http/www.youtube.com/channel/ios-app_/544007664/vnd.youtube/www.youtube.com/channel/ios-app_/544007664/vnd.youtube/www/UCVC5-Y6ez4sk3mtbUmN-SU]
[www.youtube.com/c/CallMeAgent00/ios-app_/544007664/vnd.youtube/www.youtube.com/channel/android-app_/com.google.android.youtube/http/www.youtube.com/channel/android-app_/com.google.android.yo/UCVC5-Y6ez4sk3mtbUmN-SU]
[www.youtube.com/c/CallMeAgent00/ios-app_/544007664/vnd.youtube/www.youtube.com/channel/android-app_/com.google.android.youtube/http/www.youtube.com/channel/ios-app_/544007664/vnd.youtube/www/UCVC5-Y6ez4sk3mtbUmN-SU]
[www.youtube.com/c/CallMeAgent00/ios-app_/544007664/vnd.youtube/www.youtube.com/channel/ios-app_/544007664/vnd.youtube/www.youtube.com/channel/android-app_/com.google.android.youtube/http/www/UCVC5-Y6ez4sk3mtbUmN-SU]
[www.youtube.com/c/CallMeAgent00/ios-app_/544007664/vnd.youtube/www.youtube.com/channel/ios-app_/544007664/vnd.youtube/www.youtube.com/channel/ios-app_/544007664/vnd.youtube/www.youtube.com/c/UCVC5-Y6ez4sk3mtbUmN-SU]
[www.youtube.com/c/emmymade/android-app_/com.google.android.youtube/http/www.youtube.com/channel/android-app_/com.google.android.youtube/http/www.youtube.com/channel/android-app_/com.google.a/UCzqbfYjQmf9nLQPMxVgPhi]
[www.youtube.com/c/emmymade/android-app_/com.google.android.youtube/http/www.youtube.com/channel/android-app_/com.google.android.youtube/http/www.youtube.com/channel/ios-app_/544007664/vnd.yo/UCzqbfYjQmf9nLQPMxVgPhi]
[www.youtube.com/c/emmymade/android-app_/com.google.android.youtube/http/www.youtube.com/channel/ios-app_/544007664/vnd.youtube/www.youtube.com/channel/android-app_/com.google.android.youtube/UCzqbfYjQmf9nLQPMxVgPhi]
[www.youtube.com/c/emmymade/android-app_/com.google.android.youtube/http/www.youtube.com/channel/ios-app_/544007664/vnd.youtube/www.youtube.com/channel/ios-app_/544007664/vnd.youtube/www.yout/UCzqbfYjQmf9nLQPMxVgPhi]
[www.youtube.com/c/emmymade/ios-app_/544007664/vnd.youtube/www.youtube.com/channel/android-app_/com.google.android.youtube/http/www.youtube.com/channel/android-app_/com.google.android.youtube/UCzqbfYjQmf9nLQPMxVgPhi]
[www.youtube.com/c/emmymade/ios-app_/544007664/vnd.youtube/www.youtube.com/channel/android-app_/com.google.android.youtube/http/www.youtube.com/channel/ios-app_/544007664/vnd.youtube/www.yout/UCzqbfYjQmf9nLQPMxVgPhi]
[www.youtube.com/c/emmymade/ios-app_/544007664/vnd.youtube/www.youtube.com/channel/ios-app_/544007664/vnd.youtube/www.youtube.com/channel/android-app_/com.google.android.youtube/http/www.yout/UCzqbfYjQmf9nLQPMxVgPhi]
[www.youtube.com/c/emmymade/ios-app_/544007664/vnd.youtube/www.youtube.com/channel/ios-app_/544007664/vnd.youtube/www.youtube.com/channel/ios-app_/544007664/vnd.youtube/www.youtube.com/channe/UCzqbfYjQmf9nLQPMxVgPhi]
[www.youtube.com/channel/android-app_/com.google.android.youtube/http/www.youtube.com/channel/UC6OM0x2skWZhIv1egczAmFA.html]
[www.youtube.com/channel/ios-app_/544007664/vnd.youtube/www.youtube.com/channel/UC6OM0x2skWZhIv1egczAmFA.html]
[www.youtube.com/c/GoddessEarthHealing/android-app_/com.google.android.youtube/http/www.youtube.com/channel/android-app_/com.google.android.youtube/http/www.youtube.com/channel/UC6OM0x2skWZhIv1egczAmFA.html]
[www.youtube.com/c/GoddessEarthHealing/android-app_/com.google.android.youtube/http/www.youtube.com/channel/ios-app_/544007664/vnd.youtube/www.youtube.com/channel/UC6OM0x2skWZhIv1egczAmFA.html]
[www.youtube.com/c/GoddessEarthHealing/ios-app_/544007664/vnd.youtube/www.youtube.com/channel/android-app_/com.google.android.youtube/http/www.youtube.com/channel/UC6OM0x2skWZhIv1egczAmFA.html]
[www.youtube.com/c/GoddessEarthHealing/ios-app_/544007664/vnd.youtube/www.youtube.com/channel/ios-app_/544007664/vnd.youtube/www.youtube.com/channel/UC6OM0x2skWZhIv1egczAmFA.html]
[www.youtube.com/channel/android-app_/com.google.android.youtube/http/www.youtube.com/channel/UCXOSzGyN3EPZfKE2hujeIYA.html]
[www.youtube.com/channel/ios-app_/544007664/vnd.youtube/www.youtube.com/channel/UCXOSzGyN3EPZfKE2hujeIYA.html]
[www.youtube.com/c/LizzyCapri/android-app_/com.google.android.youtube/http/www.youtube.com/channel/android-app_/com.google.android.youtube/http/www.youtube.com/channel/UCXOSzGyN3EPZfKE2hujeIYA.html]
[www.youtube.com/c/LizzyCapri/android-app_/com.google.android.youtube/http/www.youtube.com/channel/ios-app_/544007664/vnd.youtube/www.youtube.com/channel/UCXOSzGyN3EPZfKE2hujeIYA.html]
[www.youtube.com/c/LizzyCapri/ios-app_/544007664/vnd.youtube/www.youtube.com/channel/android-app_/com.google.android.youtube/http/www.youtube.com/channel/UCXOSzGyN3EPZfKE2hujeIYA.html]
[www.youtube.com/c/LizzyCapri/ios-app_/544007664/vnd.youtube/www.youtube.com/channel/ios-app_/544007664/vnd.youtube/www.youtube.com/channel/UCXOSzGyN3EPZfKE2hujeIYA.html]
[www.youtube.com/c/RezaPujaKhan/android-app_/com.google.android.youtube/http/www.youtube.com/channel/android-app_/com.google.android.youtube/http/www.youtube.com/channel/UCYGea7GGe5GSODuxqYjWvJw]
[www.youtube.com/c/RezaPujaKhan/android-app_/com.google.android.youtube/http/www.youtube.com/channel/ios-app_/544007664/vnd.youtube/www.youtube.com/channel/android-app_/com.google.android.you/UCYGea7GGe5GSODuxqYjWvJ]
[www.youtube.com/c/RezaPujaKhan/android-app_/com.google.android.youtube/http/www.youtube.com/channel/ios-app_/544007664/vnd.youtube/www.youtube.com/channel/ios-app_/544007664/vnd.youtube/www/UCYGea7GGe5GSODuxqYjWvJ]
[www.youtube.com/c/RezaPujaKhan/ios-app_/544007664/vnd.youtube/www.youtube.com/channel/android-app_/com.google.android.youtube/http/www.youtube.com/channel/android-app_/com.google.android.you/UCYGea7GGe5GSODuxqYjWvJ]
[www.youtube.com/c/RezaPujaKhan/ios-app_/544007664/vnd.youtube/www.youtube.com/channel/android-app_/com.google.android.youtube/http/www.youtube.com/channel/ios-app_/544007664/vnd.youtube/www/UCYGea7GGe5GSODuxqYjWvJ]
[www.youtube.com/c/RezaPujaKhan/ios-app_/544007664/vnd.youtube/www.youtube.com/channel/ios-app_/544007664/vnd.youtube/www.youtube.com/channel/android-app_/com.google.android.youtube/http/www/UCYGea7GGe5GSODuxqYjWvJ]
[www.youtube.com/c/RezaPujaKhan/ios-app_/544007664/vnd.youtube/www.youtube.com/channel/ios-app_/544007664/vnd.youtube/www.youtube.com/channel/ios-app_/544007664/vnd.youtube/www.youtube.com/ch/UCYGea7GGe5GSODuxqYjWvJ]
[www.youtube.com/@creatorinsider]
[www.youtube.com/embed/FrRhUwf0A_w]
[www.youtube.com/android-app_/com.google.android.youtube/http/www.youtube.com/watch177f]
[www.youtube.com/ios-app_/544007664/vnd.youtube/www.youtube.com/watch177f]
[www.youtube.com/android-app_/com.google.android.youtube/http/www.youtube.com/watcha92c]
[www.youtube.com/ios-app_/544007664/vnd.youtube/www.youtube.com/watcha92c]
[www.youtube.com/android-app_/com.google.android.youtube/http/www.youtube.com/watch73c6]
[www.youtube.com/ios-app_/544007664/vnd.youtube/www.youtube.com/watch73c6]
[www.youtube.com/android-app_/com.google.android.youtube/http/www.youtube.com/watch2c35]
[www.youtube.com/ios-app_/544007664/vnd.youtube/www.youtube.com/watch2c35]
[www.youtube.com/android-app_/com.google.android.youtube/http/www.youtube.com/watch9abc]
[www.youtube.com/ios-app_/544007664/vnd.youtube/www.youtube.com/watch9abc]
[www.youtube.com/android-app_/com.google.android.youtube/http/www.youtube.com/watchfffd]
[www.youtube.com/channel/android-app_/com.google.android.youtube/http/www.youtube.com/channel/UCzTKskwIc_-a0cGvCXA848Q.2208.delayed]
[www.youtube.com/channel/ios-app_/544007664/vnd.youtube/www.youtube.com/channel/UCzTKskwIc_-a0cGvCXA848Q.220a.delayed]
[www.youtube.com/channel/UCzTKskwIc_-a0cGvCXA848Q.html]
[www.youtube.com/android-app_/com.google.android.youtube/http/www.youtube.com/channel/UCzTKskwIc_-a0cGvCXA848Q.html]
[www.youtube.com/ios-app_/544007664/vnd.youtube/www.youtube.com/channel/UCzTKskwIc_-a0cGvCXA848Q.html]
[www.youtube.com/channel/android-app_/com.google.android.youtube/http/www.youtube.com/channel/UC936-75gKFvIbnOx1yU0Oxg.220e.delayed]
[www.youtube.com/channel/ios-app_/544007664/vnd.youtube/www.youtube.com/channel/UC936-75gKFvIbnOx1yU0Oxg.2210.delayed]
[www.youtube.com/channel/UC936-75gKFvIbnOx1yU0Oxg.html]
[www.youtube.com/android-app_/com.google.android.youtube/http/www.youtube.com/channel/UC936-75gKFvIbnOx1yU0Oxg.html]
[www.youtube.com/ios-app_/544007664/vnd.youtube/www.youtube.com/channel/UC936-75gKFvIbnOx1yU0Oxg.html]
[www.youtube.com/android-app_/com.google.android.youtube/http/www.youtube.com/channel/UCbAc0_6yP7RQuOPrfkb0ODw.html]
[www.youtube.com/ios-app_/544007664/vnd.youtube/www.youtube.com/channel/UCbAc0_6yP7RQuOPrfkb0ODw.html]
[www.youtube.com/channel/android-app_/com.google.android.youtube/http/www.youtube.com/channel/UCRJ7LWK_GBCLUfiBAmj4n6w.2215.delayed]
[www.youtube.com/channel/ios-app_/544007664/vnd.youtube/www.youtube.com/channel/UCRJ7LWK_GBCLUfiBAmj4n6w.2217.delayed]
[www.youtube.com/channel/UCRJ7LWK_GBCLUfiBAmj4n6w.html]
[www.youtube.com/android-app_/com.google.android.youtube/http/www.youtube.com/channel/UCRJ7LWK_GBCLUfiBAmj4n6w.html]
[www.youtube.com/ios-app_/544007664/vnd.youtube/www.youtube.com/channel/UCRJ7LWK_GBCLUfiBAmj4n6w.html]
[www.youtube.com/channel/android-app_/com.google.android.youtube/http/www.youtube.com/channel/UCf-ME1C3PY2cNnVd0v7D3KA.221b.delayed]
[www.youtube.com/channel/ios-app_/544007664/vnd.youtube/www.youtube.com/channel/UCf-ME1C3PY2cNnVd0v7D3KA.221d.delayed]
[www.youtube.com/channel/UCf-ME1C3PY2cNnVd0v7D3KA.html]
[www.youtube.com/android-app_/com.google.android.youtube/http/www.youtube.com/channel/UCf-ME1C3PY2cNnVd0v7D3KA.html]
[www.youtube.com/ios-app_/544007664/vnd.youtube/www.youtube.com/channel/UCf-ME1C3PY2cNnVd0v7D3KA.html]
[www.youtube.com/channel/android-app_/com.google.android.youtube/http/www.youtube.com/channel/UC5wGZUsTqmrvwqGkuM_tjVQ.2221.delayed]
[www.youtube.com/channel/ios-app_/544007664/vnd.youtube/www.youtube.com/channel/UC5wGZUsTqmrvwqGkuM_tjVQ.2223.delayed]
[www.youtube.com/channel/UC5wGZUsTqmrvwqGkuM_tjVQ.html]
[www.youtube.com/android-app_/com.google.android.youtube/http/www.youtube.com/channel/UC5wGZUsTqmrvwqGkuM_tjVQ.html]
[www.youtube.com/ios-app_/544007664/vnd.youtube/www.youtube.com/channel/UC5wGZUsTqmrvwqGkuM_tjVQ.html]
[www.youtube.com/channel/android-app_/com.google.android.youtube/http/www.youtube.com/channel/UCq2e11BxnMFk3C2x5a9g9SA.2227.delayed]
[www.youtube.com/channel/ios-app_/544007664/vnd.youtube/www.youtube.com/channel/UCq2e11BxnMFk3C2x5a9g9SA.2229.delayed]
[www.youtube.com/channel/UCq2e11BxnMFk3C2x5a9g9SA.html]
[www.youtube.com/android-app_/com.google.android.youtube/http/www.youtube.com/channel/UCq2e11BxnMFk3C2x5a9g9SA.html]
[www.youtube.com/ios-app_/544007664/vnd.youtube/www.youtube.com/channel/UCq2e11BxnMFk3C2x5a9g9SA.html]
[www.youtube.com/channel/android-app_/com.google.android.youtube/http/www.youtube.com/channel/UCeBBy-IqsJxGlt-QcWj35Kg.222d.delayed]
[www.youtube.com/channel/ios-app_/544007664/vnd.youtube/www.youtube.com/channel/UCeBBy-IqsJxGlt-QcWj35Kg.222f.delayed]
[www.youtube.com/channel/UCeBBy-IqsJxGlt-QcWj35Kg.html]
[www.youtube.com/android-app_/com.google.android.youtube/http/www.youtube.com/channel/UCeBBy-IqsJxGlt-QcWj35Kg.html]
[www.youtube.com/ios-app_/544007664/vnd.youtube/www.youtube.com/channel/UCeBBy-IqsJxGlt-QcWj35Kg.html]
[www.youtube.com/android-app_/com.google.android.youtube/http/www.youtube.com/watchd873.html]
[www.youtube.com/ios-app_/544007664/vnd.youtube/www.youtube.com/watchd873.html]
[www.youtube.com/embed/3tv1zIdSTWw.html]
[www.youtube.com/android-app_/com.google.android.youtube/http/www.youtube.com/watchacf6.html]
[www.youtube.com/ios-app_/544007664/vnd.youtube/www.youtube.com/watchacf6.html]
[www.youtube.com/channel/UCA-KlAZjhiKL3WmRN_mSmWQ.html]
[www.youtube.com/feeds/videos612d.xml]
[www.youtube.com/android-app_/com.google.android.youtube/http/www.youtube.com/channel/UCA-KlAZjhiKL3WmRN_mSmWQ.html]
[www.youtube.com/ios-app_/544007664/vnd.youtube/www.youtube.com/channel/UCA-KlAZjhiKL3WmRN_mSmWQ.2239.delayed]
[www.youtube.com/@BrockPlaysFortnite.html]
[www.youtube.com/embed/JslHOR_10gA.html]
[www.youtube.com/android-app_/com.google.android.youtube/http/www.youtube.com/watche161.html]
[www.youtube.com/ios-app_/544007664/vnd.youtube/www.youtube.com/watche161.html]
[www.youtube.com/android-app_/com.google.android.youtube/http/www.youtube.com/channel/UCVYe9OwcrGrlRmlX8cSWgvg.html]
[www.youtube.com/ios-app_/544007664/vnd.youtube/www.youtube.com/channel/UCVYe9OwcrGrlRmlX8cSWgvg.223f.delayed]
[www.youtube.com/@iFerg.html]
[www.youtube.com/embed/bdBR-4BOS1Y.html]
[www.youtube.com/android-app_/com.google.android.youtube/http/www.youtube.com/watch6a91.html]
[www.youtube.com/ios-app_/544007664/vnd.youtube/www.youtube.com/watch6a91.html]
[www.youtube.com/channel/android-app_/com.google.android.youtube/http/www.youtube.com/channel/UCCpqxoWPzrXRMTrWIivCClg.2243.delayed]
[www.youtube.com/channel/ios-app_/544007664/vnd.youtube/www.youtube.com/channel/UCCpqxoWPzrXRMTrWIivCClg.2245.delayed]
[www.youtube.com/channel/UCCpqxoWPzrXRMTrWIivCClg.html]
[www.youtube.com/android-app_/com.google.android.youtube/http/www.youtube.com/channel/UCCpqxoWPzrXRMTrWIivCClg.html]
[www.youtube.com/ios-app_/544007664/vnd.youtube/www.youtube.com/channel/UCCpqxoWPzrXRMTrWIivCClg.html]
[www.youtube.com/android-app_/com.google.android.youtube/http/www.youtube.com/watch4162.html]
[www.youtube.com/ios-app_/544007664/vnd.youtube/www.youtube.com/watch.224b4162.delayed]
[www.youtube.com/oembedab62.json]
[www.youtube.com/oembed523c]
[i.ytimg.com/vi/LTejJnrzGPM/maxresdefault.jpg]
[www.youtube.com/embed/LTejJnrzGPM.html]
[www.youtube.com/@cnliziqi.html]
[i.ytimg.com/vi/LTejJnrzGPM/hqdefault.jpg]
[www.youtube.com/watch4162.html]
[www.youtube.com/android-app_/com.google.android.youtube/http/www.youtube.com/watchbccd.html]
[www.youtube.com/ios-app_/544007664/vnd.youtube/www.youtube.com/watch.2257bccd.delayed]
[www.youtube.com/oembeda6a0.json]
[www.youtube.com/oembeda538]
[i.ytimg.com/vi/HA96VDEPxIs/maxresdefault.jpg]
[www.youtube.com/@TheStriveStudies.html]
[www.youtube.com/embed/HA96VDEPxIs.html]
[i.ytimg.com/vi/HA96VDEPxIs/hqdefault.jpg]
[www.youtube.com/watchbccd.html]
[www.youtube.com/android-app_/com.google.android.youtube/http/www.youtube.com/watch6664.html]
[www.youtube.com/ios-app_/544007664/vnd.youtube/www.youtube.com/watch6664.html]
[www.youtube.com/channel/UC0M0rxSz3IF0CsSour1iWmw.html]
[www.youtube.com/feeds/videosaff4.xml]
[www.youtube.com/android-app_/com.google.android.youtube/http/www.youtube.com/channel/UC0M0rxSz3IF0CsSour1iWmw.html]
[www.youtube.com/ios-app_/544007664/vnd.youtube/www.youtube.com/channel/UC0M0rxSz3IF0CsSour1iWmw.2266.delayed]
[www.youtube.com/@JamesNintendoNerd.html]
[www.youtube.com/embed/3p713bNaO4A.html]
[www.youtube.com/channel/android-app_/com.google.android.youtube/http/www.youtube.com/channel/UCk9aeo2A6a1fg3VeRueTn9w.2269.delayed]
[www.youtube.com/channel/ios-app_/544007664/vnd.youtube/www.youtube.com/channel/UCk9aeo2A6a1fg3VeRueTn9w.226b.delayed]
[www.youtube.com/channel/UCk9aeo2A6a1fg3VeRueTn9w.html]
[www.youtube.com/android-app_/com.google.android.youtube/http/www.youtube.com/channel/UCk9aeo2A6a1fg3VeRueTn9w.html]
[www.youtube.com/ios-app_/544007664/vnd.youtube/www.youtube.com/channel/UCk9aeo2A6a1fg3VeRueTn9w.html]
[www.youtube.com/channel/android-app_/com.google.android.youtube/http/www.youtube.com/channel/UCmRyFYcJLy5kFQJfdR3Gv8Q.226f.delayed]
[www.youtube.com/channel/ios-app_/544007664/vnd.youtube/www.youtube.com/channel/UCmRyFYcJLy5kFQJfdR3Gv8Q.2271.delayed]
[www.youtube.com/channel/UCmRyFYcJLy5kFQJfdR3Gv8Q.html]
[www.youtube.com/android-app_/com.google.android.youtube/http/www.youtube.com/channel/UCmRyFYcJLy5kFQJfdR3Gv8Q.html]
[www.youtube.com/ios-app_/544007664/vnd.youtube/www.youtube.com/channel/UCmRyFYcJLy5kFQJfdR3Gv8Q.html]
[www.youtube.com/android-app_/com.google.android.youtube/http/www.youtube.com/channel/UCFKE7WVJfvaHW5q283SxchA.html]
[www.youtube.com/ios-app_/544007664/vnd.youtube/www.youtube.com/channel/UCFKE7WVJfvaHW5q283SxchA.html]
[www.youtube.com/channel/android-app_/com.google.android.youtube/http/www.youtube.com/channel/UCe0TLA0EsQbE-MjuHXevj2A.html]
[www.youtube.com/channel/ios-app_/544007664/vnd.youtube/www.youtube.com/channel/UCe0TLA0EsQbE-MjuHXevj2A.html]
[www.youtube.com/android-app_/com.google.android.youtube/http/www.youtube.com/channel/UCe0TLA0EsQbE-MjuHXevj2A.html]
[www.youtube.com/ios-app_/544007664/vnd.youtube/www.youtube.com/channel/UCe0TLA0EsQbE-MjuHXevj2A.html]
[www.youtube.com/android-app_/com.google.android.youtube/http/www.youtube.com/watchbab5.html]
[www.youtube.com/ios-app_/544007664/vnd.youtube/www.youtube.com/watchbab5.html]
[www.youtube.com/embed/Ha236I-ulzY.html]
[www.youtube.com/channel/android-app_/com.google.android.youtube/http/www.youtube.com/channel/UCpWaR3gNAQGsX48cIlQC0qw.html]
[www.youtube.com/channel/ios-app_/544007664/vnd.youtube/www.youtube.com/channel/UCpWaR3gNAQGsX48cIlQC0qw.html]
[www.youtube.com/android-app_/com.google.android.youtube/http/www.youtube.com/channel/UCpWaR3gNAQGsX48cIlQC0qw.html]
[www.youtube.com/ios-app_/544007664/vnd.youtube/www.youtube.com/channel/UCpWaR3gNAQGsX48cIlQC0qw.html]
[www.youtube.com/channel/android-app_/com.google.android.youtube/http/www.youtube.com/channel/UCfwP2H1CDJvssk6g2pm8EgA.html]
[www.youtube.com/channel/ios-app_/544007664/vnd.youtube/www.youtube.com/channel/UCfwP2H1CDJvssk6g2pm8EgA.html]
[www.youtube.com/channel/android-app_/com.google.android.youtube/http/www.youtube.com/channel/UCPVGUnnNyf_FWLE0cLmphEA.html]
[www.youtube.com/channel/ios-app_/544007664/vnd.youtube/www.youtube.com/channel/UCPVGUnnNyf_FWLE0cLmphEA.html]
[www.youtube.com/user/Secretosdechicas/android-app_/com.google.android.youtube/http/www.youtube.com/channel/android-app_/com.google.android.youtube/http/www.youtube.com/channel/UCPVGUnnNyf_FWLE0cLmphEA.html]
[www.youtube.com/user/Secretosdechicas/android-app_/com.google.android.youtube/http/www.youtube.com/channel/ios-app_/544007664/vnd.youtube/www.youtube.com/channel/UCPVGUnnNyf_FWLE0cLmphEA.html]
[www.youtube.com/user/Secretosdechicas/ios-app_/544007664/vnd.youtube/www.youtube.com/channel/android-app_/com.google.android.youtube/http/www.youtube.com/channel/UCPVGUnnNyf_FWLE0cLmphEA.html]
[www.youtube.com/user/Secretosdechicas/ios-app_/544007664/vnd.youtube/www.youtube.com/channel/ios-app_/544007664/vnd.youtube/www.youtube.com/channel/UCPVGUnnNyf_FWLE0cLmphEA.html]
[www.youtube.com/shorts/android-app_/com.google.android.youtube/http/www.youtube.com/shorts/4aRPLMQslSg.228520ce.delayed]
[www.youtube.com/shorts/ios-app_/544007664/vnd.youtube/www.youtube.com/shorts/4aRPLMQslSg.228720ce.delayed]
[www.youtube.com/shorts/4aRPLMQslSg20ce.html]
[www.youtube.com/shorts/android-app_/com.google.android.youtube/http/www.youtube.com/shorts/4aRPLMQslSg.html]
[www.youtube.com/shorts/ios-app_/544007664/vnd.youtube/www.youtube.com/shorts/4aRPLMQslSg.html]
[www.youtube.com/channel/android-app_/com.google.android.youtube/http/www.youtube.com/channel/UCeU05pwtEAreeF81saVb9XQ.228a.delayed]
[www.youtube.com/channel/ios-app_/544007664/vnd.youtube/www.youtube.com/channel/UCeU05pwtEAreeF81saVb9XQ.228c.delayed]
[www.youtube.com/channel/UCeU05pwtEAreeF81saVb9XQ.html]
[www.youtube.com/android-app_/com.google.android.youtube/http/www.youtube.com/channel/UCeU05pwtEAreeF81saVb9XQ.html]
[www.youtube.com/ios-app_/544007664/vnd.youtube/www.youtube.com/channel/UCeU05pwtEAreeF81saVb9XQ.html]
[www.youtube.com/channel/android-app_/com.google.android.youtube/http/www.youtube.com/channel/UCeqR0F3O1V11CiiOaJbd1pw.2290.delayed]
[www.youtube.com/channel/ios-app_/544007664/vnd.youtube/www.youtube.com/channel/UCeqR0F3O1V11CiiOaJbd1pw.2292.delayed]
[www.youtube.com/channel/UCeqR0F3O1V11CiiOaJbd1pw.html]
[www.youtube.com/android-app_/com.google.android.youtube/http/www.youtube.com/channel/UCeqR0F3O1V11CiiOaJbd1pw.html]
[www.youtube.com/ios-app_/544007664/vnd.youtube/www.youtube.com/channel/UCeqR0F3O1V11CiiOaJbd1pw.html]
[www.youtube.com/channel/android-app_/com.google.android.youtube/http/www.youtube.com/channel/UCyiNCEHLyKbSUrrncVr9KvQ.2296.delayed]
[www.youtube.com/channel/ios-app_/544007664/vnd.youtube/www.youtube.com/channel/UCyiNCEHLyKbSUrrncVr9KvQ.2298.delayed]
[www.youtube.com/channel/UCyiNCEHLyKbSUrrncVr9KvQ.html]
[www.youtube.com/android-app_/com.google.android.youtube/http/www.youtube.com/channel/UCyiNCEHLyKbSUrrncVr9KvQ.html]
[www.youtube.com/ios-app_/544007664/vnd.youtube/www.youtube.com/channel/UCyiNCEHLyKbSUrrncVr9KvQ.html]
[www.youtube.com/channel/android-app_/com.google.android.youtube/http/www.youtube.com/channel/UCZIIRX8rkNjVpP-oLMHpeDw.229c.delayed]
[www.youtube.com/channel/ios-app_/544007664/vnd.youtube/www.youtube.com/channel/UCZIIRX8rkNjVpP-oLMHpeDw.229e.delayed]
[www.youtube.com/channel/UCZIIRX8rkNjVpP-oLMHpeDw.html]
[www.youtube.com/android-app_/com.google.android.youtube/http/www.youtube.com/channel/UCZIIRX8rkNjVpP-oLMHpeDw.html]
[www.youtube.com/ios-app_/544007664/vnd.youtube/www.youtube.com/channel/UCZIIRX8rkNjVpP-oLMHpeDw.html]
[www.youtube.com/channel/android-app_/com.google.android.youtube/http/www.youtube.com/channel/UCqjwF8rxRsotnojGl4gM0Zw.22a2.delayed]
[www.youtube.com/channel/ios-app_/544007664/vnd.youtube/www.youtube.com/channel/UCqjwF8rxRsotnojGl4gM0Zw.22a4.delayed]
[www.youtube.com/channel/UCqjwF8rxRsotnojGl4gM0Zw.html]
[www.youtube.com/android-app_/com.google.android.youtube/http/www.youtube.com/channel/UCqjwF8rxRsotnojGl4gM0Zw.html]
[www.youtube.com/ios-app_/544007664/vnd.youtube/www.youtube.com/channel/UCqjwF8rxRsotnojGl4gM0Zw.html]
[www.youtube.com/android-app_/com.google.android.youtube/http/www.youtube.com/watch7f80.html]
[www.youtube.com/ios-app_/544007664/vnd.youtube/www.youtube.com/watch7f80.html]
[www.youtube.com/channel/android-app_/com.google.android.youtube/http/www.youtube.com/channel/UCl5_liU7CWXwkGU3Vf3UGNQ.22a9.delayed]
[www.youtube.com/channel/ios-app_/544007664/vnd.youtube/www.youtube.com/channel/UCl5_liU7CWXwkGU3Vf3UGNQ.22ab.delayed]
[www.youtube.com/channel/UCl5_liU7CWXwkGU3Vf3UGNQ.html]
[www.youtube.com/android-app_/com.google.android.youtube/http/www.youtube.com/channel/UCl5_liU7CWXwkGU3Vf3UGNQ.html]
[www.youtube.com/ios-app_/544007664/vnd.youtube/www.youtube.com/channel/UCl5_liU7CWXwkGU3Vf3UGNQ.html]
[www.youtube.com/android-app_/com.google.android.youtube/http/www.youtube.com/watch94c0.html]
[www.youtube.com/ios-app_/544007664/vnd.youtube/www.youtube.com/watch94c0.html]
[www.youtube.com/channel/android-app_/com.google.android.youtube/http/www.youtube.com/channel/UCuMFKxLoqOWVA1U1njNttXA.22b0.delayed]
[www.youtube.com/channel/ios-app_/544007664/vnd.youtube/www.youtube.com/channel/UCuMFKxLoqOWVA1U1njNttXA.22b2.delayed]
[www.youtube.com/channel/UCuMFKxLoqOWVA1U1njNttXA.html]
[www.youtube.com/android-app_/com.google.android.youtube/http/www.youtube.com/channel/UCuMFKxLoqOWVA1U1njNttXA.html]
[www.youtube.com/ios-app_/544007664/vnd.youtube/www.youtube.com/channel/UCuMFKxLoqOWVA1U1njNttXA.html]
[www.youtube.com/android-app_/com.google.android.youtube/http/www.youtube.com/watch1ec1.html]
[www.youtube.com/ios-app_/544007664/vnd.youtube/www.youtube.com/watch1ec1.html]
[www.youtube.com/embed/W-40-N3pHq4.html]
[www.youtube.com/android-app_/com.google.android.youtube/http/www.youtube.com/watcha4e3.html]
[www.youtube.com/ios-app_/544007664/vnd.youtube/www.youtube.com/watcha4e3.html]
[www.youtube.com/channel/UCZaT_X_mc0BI-djXOlfhqWQ.html]
[www.youtube.com/feeds/videos3ca7.xml]
[www.youtube.com/android-app_/com.google.android.youtube/http/www.youtube.com/channel/UCZaT_X_mc0BI-djXOlfhqWQ.html]
[www.youtube.com/ios-app_/544007664/vnd.youtube/www.youtube.com/channel/UCZaT_X_mc0BI-djXOlfhqWQ.22bc.delayed]
[www.youtube.com/VICENews.html]
[www.youtube.com/embed/0ZRw5WtEzxw.html]
[www.youtube.com/android-app_/com.google.android.youtube/http/www.youtube.com/watch03df.html]
[www.youtube.com/ios-app_/544007664/vnd.youtube/www.youtube.com/watch03df.html]
[www.youtube.com/channel/UC2lU0xK5HgeNwzFaWKuBt8A.html]
[www.youtube.com/feeds/videos535d.xml]
[www.youtube.com/android-app_/com.google.android.youtube/http/www.youtube.com/channel/UC2lU0xK5HgeNwzFaWKuBt8A.html]
[www.youtube.com/ios-app_/544007664/vnd.youtube/www.youtube.com/channel/UC2lU0xK5HgeNwzFaWKuBt8A.22c4.delayed]
[www.youtube.com/@RayndayGaming.html]
[www.youtube.com/embed/vCCV6nGa2CE4a00.html]
[www.youtube.com/android-app_/com.google.android.youtube/http/www.youtube.com/watchae76.html]
[www.youtube.com/ios-app_/544007664/vnd.youtube/www.youtube.com/watchae76.html]
[www.youtube.com/channel/UC91hwYeQmsqOPsKGwzrt6uw.html]
[www.youtube.com/feeds/videose3f4.xml]
[www.youtube.com/android-app_/com.google.android.youtube/http/www.youtube.com/channel/UC91hwYeQmsqOPsKGwzrt6uw.html]
[www.youtube.com/ios-app_/544007664/vnd.youtube/www.youtube.com/channel/UC91hwYeQmsqOPsKGwzrt6uw.22cc.delayed]
[www.youtube.com/BeleafinFatherhoodtv.html]
[www.youtube.com/embed/1f7lvVIK2f04a00.html]
[www.youtube.com/android-app_/com.google.android.youtube/http/www.youtube.com/watchc4a5.html]
[www.youtube.com/ios-app_/544007664/vnd.youtube/www.youtube.com/watchc4a5.html]
[www.youtube.com/channel/UC5Isss4zMs5ILLBRtWE0wrw.html]
[www.youtube.com/feeds/videos480b.xml]
[www.youtube.com/android-app_/com.google.android.youtube/http/www.youtube.com/channel/UC5Isss4zMs5ILLBRtWE0wrw.html]
[www.youtube.com/ios-app_/544007664/vnd.youtube/www.youtube.com/channel/UC5Isss4zMs5ILLBRtWE0wrw.22d4.delayed]
[www.youtube.com/@juliataylorveronesi.html]
[www.youtube.com/embed/ipYnR0QxyCg4a00.html]
[www.youtube.com/android-app_/com.google.android.youtube/http/www.youtube.com/watche38b.html]
[www.youtube.com/ios-app_/544007664/vnd.youtube/www.youtube.com/watche38b.html]
[www.youtube.com/channel/UCjYO25ZVJT523TD1iYHzcbw.html]
[www.youtube.com/feeds/videosa877.xml]
[www.youtube.com/android-app_/com.google.android.youtube/http/www.youtube.com/channel/UCjYO25ZVJT523TD1iYHzcbw.html]
[www.youtube.com/ios-app_/544007664/vnd.youtube/www.youtube.com/channel/UCjYO25ZVJT523TD1iYHzcbw.22dc.delayed]
[www.youtube.com/@ChildishGambinoVEVO.html]
[www.youtube.com/embed/VYOjWnS4cMY.html]
[www.youtube.com/android-app_/com.google.android.youtube/http/www.youtube.com/watch8779.html]
[www.youtube.com/ios-app_/544007664/vnd.youtube/www.youtube.com/watch8779.html]
[www.youtube.com/channel/UC9HlWVtENbiMQzVRmnbJxtw.html]
[www.youtube.com/feeds/videos8276.xml]
[www.youtube.com/android-app_/com.google.android.youtube/http/www.youtube.com/channel/UC9HlWVtENbiMQzVRmnbJxtw.html]
[www.youtube.com/ios-app_/544007664/vnd.youtube/www.youtube.com/channel/UC9HlWVtENbiMQzVRmnbJxtw.22e4.delayed]
[www.youtube.com/@meekmill.html]
[www.youtube.com/embed/JUnc3kl0DcA.html]
[www.youtube.com/android-app_/com.google.android.youtube/http/youtube.comhttp_/www.youtube.com/playlist7a8c.html]
[www.youtube.com/ios-app_/544007664/http/youtube.comhttp_/www.youtube.com/playlist7a8c.html]
[www.youtube.com/channel/android-app_/com.google.android.youtube/http/www.youtube.com/channel/UCYyWrpcVU2PZlLohFaYOZUw.22e8.delayed]
[www.youtube.com/channel/ios-app_/544007664/vnd.youtube/www.youtube.com/channel/UCYyWrpcVU2PZlLohFaYOZUw.22ea.delayed]
[www.youtube.com/channel/UCYyWrpcVU2PZlLohFaYOZUw.html]
[www.youtube.com/android-app_/com.google.android.youtube/http/www.youtube.com/channel/UCYyWrpcVU2PZlLohFaYOZUw.html]
[www.youtube.com/ios-app_/544007664/vnd.youtube/www.youtube.com/channel/UCYyWrpcVU2PZlLohFaYOZUw.html]
[www.youtube.com/channel/android-app_/com.google.android.youtube/http/www.youtube.com/channel/UC8pmIe5FjmYlwP0Uf2dyQXQ.22ee.delayed]
[www.youtube.com/channel/ios-app_/544007664/vnd.youtube/www.youtube.com/channel/UC8pmIe5FjmYlwP0Uf2dyQXQ.22f0.delayed]
[www.youtube.com/channel/UC8pmIe5FjmYlwP0Uf2dyQXQ.html]
[www.youtube.com/android-app_/com.google.android.youtube/http/www.youtube.com/channel/UC8pmIe5FjmYlwP0Uf2dyQXQ.html]
[www.youtube.com/ios-app_/544007664/vnd.youtube/www.youtube.com/channel/UC8pmIe5FjmYlwP0Uf2dyQXQ.html]
[www.youtube.com/android-app_/com.google.android.youtube/http/www.youtube.com/watchdf07.html]
[www.youtube.com/ios-app_/544007664/vnd.youtube/www.youtube.com/watchdf07.html]
[www.youtube.com/android-app_/com.google.android.youtube/http/www.youtube.com/channel/UCbQ6t7WIw5XiIeW8v-AOnAw.html]
[www.youtube.com/ios-app_/544007664/vnd.youtube/www.youtube.com/channel/UCbQ6t7WIw5XiIeW8v-AOnAw.22f7.delayed]
[www.youtube.com/@itsferslife.html]
[www.youtube.com/embed/lIvr-ORN3_w.html]
[www.youtube.com/android-app_/com.google.android.youtube/http/www.youtube.com/channel/UCUC_22Y1A_uHZ9kEXSRPCKA.html]
[www.youtube.com/ios-app_/544007664/vnd.youtube/www.youtube.com/channel/UCUC_22Y1A_uHZ9kEXSRPCKA.html]
[www.youtube.com/channel/android-app_/com.google.android.youtube/http/www.youtube.com/channel/UCd6vizTYlSgpR6zJ8j5KiyA.22fb.delayed]
[www.youtube.com/channel/ios-app_/544007664/vnd.youtube/www.youtube.com/channel/UCd6vizTYlSgpR6zJ8j5KiyA.22fd.delayed]
[www.youtube.com/channel/UCd6vizTYlSgpR6zJ8j5KiyA.html]
[www.youtube.com/android-app_/com.google.android.youtube/http/www.youtube.com/channel/UCd6vizTYlSgpR6zJ8j5KiyA.html]
[www.youtube.com/ios-app_/544007664/vnd.youtube/www.youtube.com/channel/UCd6vizTYlSgpR6zJ8j5KiyA.html]
[www.youtube.com/channel/android-app_/com.google.android.youtube/http/www.youtube.com/channel/UC_Mv2BsvWR03-s7S5CrNm3w.2301.delayed]
[www.youtube.com/channel/ios-app_/544007664/vnd.youtube/www.youtube.com/channel/UC_Mv2BsvWR03-s7S5CrNm3w.2303.delayed]
[www.youtube.com/channel/UC_Mv2BsvWR03-s7S5CrNm3w.html]
[www.youtube.com/android-app_/com.google.android.youtube/http/www.youtube.com/channel/UC_Mv2BsvWR03-s7S5CrNm3w.html]
[www.youtube.com/ios-app_/544007664/vnd.youtube/www.youtube.com/channel/UC_Mv2BsvWR03-s7S5CrNm3w.html]
[www.youtube.com/channel/android-app_/com.google.android.youtube/http/www.youtube.com/channel/UCoZCili40vUhAECOq2WzUdQ.2307.delayed]
[www.youtube.com/channel/ios-app_/544007664/vnd.youtube/www.youtube.com/channel/UCoZCili40vUhAECOq2WzUdQ.2309.delayed]
[www.youtube.com/channel/UCoZCili40vUhAECOq2WzUdQ.html]
[www.youtube.com/android-app_/com.google.android.youtube/http/www.youtube.com/channel/UCoZCili40vUhAECOq2WzUdQ.html]
[www.youtube.com/ios-app_/544007664/vnd.youtube/www.youtube.com/channel/UCoZCili40vUhAECOq2WzUdQ.html]
[www.youtube.com/channel/android-app_/com.google.android.youtube/http/www.youtube.com/channel/UCULpiAa8nIl_e68y59VYjHQ.230d.delayed]
[www.youtube.com/channel/ios-app_/544007664/vnd.youtube/www.youtube.com/channel/UCULpiAa8nIl_e68y59VYjHQ.230f.delayed]
[www.youtube.com/channel/UCULpiAa8nIl_e68y59VYjHQ.html]
[www.youtube.com/android-app_/com.google.android.youtube/http/www.youtube.com/channel/UCULpiAa8nIl_e68y59VYjHQ.html]
[www.youtube.com/ios-app_/544007664/vnd.youtube/www.youtube.com/channel/UCULpiAa8nIl_e68y59VYjHQ.html]
[www.youtube.com/android-app_/com.google.android.youtube/http/www.youtube.com/channel/UCf4ktrnK_jWG1mC7U7fNphA.html]
[www.youtube.com/ios-app_/544007664/vnd.youtube/www.youtube.com/channel/UCf4ktrnK_jWG1mC7U7fNphA.html]
[www.youtube.com/channel/android-app_/com.google.android.youtube/http/www.youtube.com/channel/UChP-_GEzDmMoxPEuW-_SCgQ.2314.delayed]
[www.youtube.com/channel/ios-app_/544007664/vnd.youtube/www.youtube.com/channel/UChP-_GEzDmMoxPEuW-_SCgQ.2316.delayed]
[www.youtube.com/channel/UChP-_GEzDmMoxPEuW-_SCgQ.html]
[www.youtube.com/android-app_/com.google.android.youtube/http/www.youtube.com/channel/UChP-_GEzDmMoxPEuW-_SCgQ.html]
[www.youtube.com/ios-app_/544007664/vnd.youtube/www.youtube.com/channel/UChP-_GEzDmMoxPEuW-_SCgQ.html]
[www.youtube.com/channel/android-app_/com.google.android.youtube/http/www.youtube.com/channel/UCg2EPgrZtxyZPdaprLgSqpQ.231a.delayed]
[www.youtube.com/channel/ios-app_/544007664/vnd.youtube/www.youtube.com/channel/UCg2EPgrZtxyZPdaprLgSqpQ.231c.delayed]
[www.youtube.com/channel/UCg2EPgrZtxyZPdaprLgSqpQ.html]
[www.youtube.com/android-app_/com.google.android.youtube/http/www.youtube.com/channel/UCg2EPgrZtxyZPdaprLgSqpQ.html]
[www.youtube.com/ios-app_/544007664/vnd.youtube/www.youtube.com/channel/UCg2EPgrZtxyZPdaprLgSqpQ.html]
[www.youtube.com/channel/android-app_/com.google.android.youtube/http/www.youtube.com/channel/UCJ4S-ebhAT-3NkzriI7M27g.2320.delayed]
[www.youtube.com/channel/ios-app_/544007664/vnd.youtube/www.youtube.com/channel/UCJ4S-ebhAT-3NkzriI7M27g.2322.delayed]
[www.youtube.com/channel/UCJ4S-ebhAT-3NkzriI7M27g.html]
[www.youtube.com/android-app_/com.google.android.youtube/http/www.youtube.com/channel/UCJ4S-ebhAT-3NkzriI7M27g.html]
[www.youtube.com/ios-app_/544007664/vnd.youtube/www.youtube.com/channel/UCJ4S-ebhAT-3NkzriI7M27g.html]
[www.youtube.com/channel/android-app_/com.google.android.youtube/http/www.youtube.com/channel/UCCaTyXipAyD-VTzTKG3Omuw.2326.delayed]
[www.youtube.com/channel/ios-app_/544007664/vnd.youtube/www.youtube.com/channel/UCCaTyXipAyD-VTzTKG3Omuw.2328.delayed]
[www.youtube.com/channel/UCCaTyXipAyD-VTzTKG3Omuw.html]
[www.youtube.com/android-app_/com.google.android.youtube/http/www.youtube.com/channel/UCCaTyXipAyD-VTzTKG3Omuw.html]
[www.youtube.com/ios-app_/544007664/vnd.youtube/www.youtube.com/channel/UCCaTyXipAyD-VTzTKG3Omuw.html]
[www.youtube.com/channel/android-app_/com.google.android.youtube/http/www.youtube.com/channel/UCX0-enhP1zgOclF_oNsHxfQ.232c.delayed]
[www.youtube.com/channel/ios-app_/544007664/vnd.youtube/www.youtube.com/channel/UCX0-enhP1zgOclF_oNsHxfQ.232e.delayed]
[www.youtube.com/channel/UCX0-enhP1zgOclF_oNsHxfQ.html]
[www.youtube.com/android-app_/com.google.android.youtube/http/www.youtube.com/channel/UCX0-enhP1zgOclF_oNsHxfQ.html]
[www.youtube.com/ios-app_/544007664/vnd.youtube/www.youtube.com/channel/UCX0-enhP1zgOclF_oNsHxfQ.html]
[www.youtube.com/channel/android-app_/com.google.android.youtube/http/www.youtube.com/channel/UCT55ZacrABCuKrJrgMpT-Zw.2332.delayed]
[www.youtube.com/channel/ios-app_/544007664/vnd.youtube/www.youtube.com/channel/UCT55ZacrABCuKrJrgMpT-Zw.2334.delayed]
[www.youtube.com/channel/UCT55ZacrABCuKrJrgMpT-Zw.html]
[www.youtube.com/android-app_/com.google.android.youtube/http/www.youtube.com/channel/UCT55ZacrABCuKrJrgMpT-Zw.html]
[www.youtube.com/ios-app_/544007664/vnd.youtube/www.youtube.com/channel/UCT55ZacrABCuKrJrgMpT-Zw.html]
[www.youtube.com/channel/android-app_/com.google.android.youtube/http/www.youtube.com/channel/UCW_b2E0_mZWDuFtLS_fLtEg.2338.delayed]
[www.youtube.com/channel/ios-app_/544007664/vnd.youtube/www.youtube.com/channel/UCW_b2E0_mZWDuFtLS_fLtEg.233a.delayed]
[www.youtube.com/channel/UCW_b2E0_mZWDuFtLS_fLtEg.html]
[www.youtube.com/android-app_/com.google.android.youtube/http/www.youtube.com/channel/UCW_b2E0_mZWDuFtLS_fLtEg.html]
[www.youtube.com/ios-app_/544007664/vnd.youtube/www.youtube.com/channel/UCW_b2E0_mZWDuFtLS_fLtEg.html]
[www.youtube.com/channel/android-app_/com.google.android.youtube/http/www.youtube.com/channel/UCy6WdFV3tZJwnNO4ymWy8Hg.233e.delayed]
[www.youtube.com/channel/ios-app_/544007664/vnd.youtube/www.youtube.com/channel/UCy6WdFV3tZJwnNO4ymWy8Hg.2340.delayed]
[www.youtube.com/channel/UCy6WdFV3tZJwnNO4ymWy8Hg.html]
[www.youtube.com/android-app_/com.google.android.youtube/http/www.youtube.com/channel/UCy6WdFV3tZJwnNO4ymWy8Hg.html]
[www.youtube.com/ios-app_/544007664/vnd.youtube/www.youtube.com/channel/UCy6WdFV3tZJwnNO4ymWy8Hg.html]
[www.youtube.com/channel/android-app_/com.google.android.youtube/http/www.youtube.com/channel/UC2fYyKgjwxs7hRf-ePENqYA.2344.delayed]
[www.youtube.com/channel/ios-app_/544007664/vnd.youtube/www.youtube.com/channel/UC2fYyKgjwxs7hRf-ePENqYA.2346.delayed]
[www.youtube.com/channel/UC2fYyKgjwxs7hRf-ePENqYA.html]
[www.youtube.com/android-app_/com.google.android.youtube/http/www.youtube.com/channel/UC2fYyKgjwxs7hRf-ePENqYA.html]
[www.youtube.com/ios-app_/544007664/vnd.youtube/www.youtube.com/channel/UC2fYyKgjwxs7hRf-ePENqYA.html]
[www.youtube.com/channel/android-app_/com.google.android.youtube/http/www.youtube.com/channel/UC1UHFQ5bT_lHFAG3ORATDBQ.234a.delayed]
[www.youtube.com/channel/ios-app_/544007664/vnd.youtube/www.youtube.com/channel/UC1UHFQ5bT_lHFAG3ORATDBQ.234c.delayed]
[www.youtube.com/channel/UC1UHFQ5bT_lHFAG3ORATDBQ.html]
[www.youtube.com/android-app_/com.google.android.youtube/http/www.youtube.com/channel/UC1UHFQ5bT_lHFAG3ORATDBQ.html]
[www.youtube.com/ios-app_/544007664/vnd.youtube/www.youtube.com/channel/UC1UHFQ5bT_lHFAG3ORATDBQ.html]
[www.youtube.com/channel/android-app_/com.google.android.youtube/http/www.youtube.com/channel/UCbWIPo7DXZPs8_NpHroF5SA.2350.delayed]
[www.youtube.com/channel/ios-app_/544007664/vnd.youtube/www.youtube.com/channel/UCbWIPo7DXZPs8_NpHroF5SA.2352.delayed]
[www.youtube.com/channel/UCbWIPo7DXZPs8_NpHroF5SA.html]
[www.youtube.com/android-app_/com.google.android.youtube/http/www.youtube.com/channel/UCbWIPo7DXZPs8_NpHroF5SA.html]
[www.youtube.com/ios-app_/544007664/vnd.youtube/www.youtube.com/channel/UCbWIPo7DXZPs8_NpHroF5SA.html]
[www.youtube.com/channel/android-app_/com.google.android.youtube/http/www.youtube.com/channel/UCeNZlh03MyUkjRlLFpVQxsg.2356.delayed]
[www.youtube.com/channel/ios-app_/544007664/vnd.youtube/www.youtube.com/channel/UCeNZlh03MyUkjRlLFpVQxsg.2358.delayed]
[www.youtube.com/channel/UCeNZlh03MyUkjRlLFpVQxsg.html]
[www.youtube.com/android-app_/com.google.android.youtube/http/www.youtube.com/channel/UCeNZlh03MyUkjRlLFpVQxsg.html]
[www.youtube.com/ios-app_/544007664/vnd.youtube/www.youtube.com/channel/UCeNZlh03MyUkjRlLFpVQxsg.html]
[www.youtube.com/android-app_/com.google.android.youtube/http/www.youtube.com/watch6ac6.html]
[www.youtube.com/ios-app_/544007664/vnd.youtube/www.youtube.com/watch6ac6.html]
[www.youtube.com/channel/UCBfa0oRc7GJv_gYQIzHKsEw.html]
[www.youtube.com/feeds/videosab92.xml]
[www.youtube.com/android-app_/com.google.android.youtube/http/www.youtube.com/channel/UCBfa0oRc7GJv_gYQIzHKsEw.html]
[www.youtube.com/ios-app_/544007664/vnd.youtube/www.youtube.com/channel/UCBfa0oRc7GJv_gYQIzHKsEw.2361.delayed]
[www.youtube.com/@sewitonline.html]
[www.youtube.com/embed/DqlmDf6_hsY.html]
[www.youtube.com/android-app_/com.google.android.youtube/http/www.youtube.com/watchd8e9.html]
[www.youtube.com/ios-app_/544007664/vnd.youtube/www.youtube.com/watchd8e9.html]
[www.youtube.com/android-app_/com.google.android.youtube/http/www.youtube.com/channel/UCJmEkeFVWQ_2vtHNonYzVxA.html]
[www.youtube.com/ios-app_/544007664/vnd.youtube/www.youtube.com/channel/UCJmEkeFVWQ_2vtHNonYzVxA.2367.delayed]
[www.youtube.com/@deaconesshealth.html]
[www.youtube.com/embed/9tBg0Os5FWQ.html]
[www.youtube.com/android-app_/com.google.android.youtube/http/www.youtube.com/watch1178.html]
[www.youtube.com/ios-app_/544007664/vnd.youtube/www.youtube.com/watch1178.html]
[www.youtube.com/android-app_/com.google.android.youtube/http/www.youtube.com/channel/UCcXMGAm6Cx72kveyt9P6pBw.html]
[www.youtube.com/ios-app_/544007664/vnd.youtube/www.youtube.com/channel/UCcXMGAm6Cx72kveyt9P6pBw.236d.delayed]
[www.youtube.com/@SparkleSewing.html]
[www.youtube.com/embed/k-gKo43s6nw.html]
[www.youtube.com/android-app_/com.google.android.youtube/http/www.youtube.com/watcha778.html]
[www.youtube.com/ios-app_/544007664/vnd.youtube/www.youtube.com/watcha778.html]
[www.youtube.com/channel/UCklfVhDsXJCagKWJ1Ru91fg.html]
[www.youtube.com/feeds/videos58d7.xml]
[www.youtube.com/android-app_/com.google.android.youtube/http/www.youtube.com/channel/UCklfVhDsXJCagKWJ1Ru91fg.html]
[www.youtube.com/ios-app_/544007664/vnd.youtube/www.youtube.com/channel/UCklfVhDsXJCagKWJ1Ru91fg.2375.delayed]
[www.youtube.com/@SewYeah.html]
[www.youtube.com/embed/KIR1tLAz8RM.html]
[www.youtube.com/channel/android-app_/com.google.android.youtube/http/www.youtube.com/channel/UC9duydx1VXTV0tP7q39S0Lw.html]
[www.youtube.com/channel/ios-app_/544007664/vnd.youtube/www.youtube.com/channel/UC9duydx1VXTV0tP7q39S0Lw.html]
[www.youtube.com/android-app_/com.google.android.youtube/http/www.youtube.com/watch6721-2.html]
[www.youtube.com/ios-app_/544007664/vnd.youtube/www.youtube.com/watch6721-2.html]
[www.youtube.com/android-app_/com.google.android.youtube/http/www.youtube.com/channel/UC9duydx1VXTV0tP7q39S0Lw.html]
[www.youtube.com/ios-app_/544007664/vnd.youtube/www.youtube.com/channel/UC9duydx1VXTV0tP7q39S0Lw.237b.delayed]
[www.youtube.com/@JOANNStores.html]
[www.youtube.com/embed/VgHrnS6n4iA.html]
[www.youtube.com/channel/android-app_/com.google.android.youtube/http/www.youtube.com/channel/UCnrXvqbfwAEpIyPLQQNr8nA.html]
[www.youtube.com/channel/ios-app_/544007664/vnd.youtube/www.youtube.com/channel/UCnrXvqbfwAEpIyPLQQNr8nA.html]
[www.youtube.com/channel/android-app_/com.google.android.youtube/http/www.youtube.com/channel/UCHufaoaq1VqjHvnv8zvg9pQ.html]
[www.youtube.com/channel/ios-app_/544007664/vnd.youtube/www.youtube.com/channel/UCHufaoaq1VqjHvnv8zvg9pQ.html]
[www.youtube.com/channel/UCDUlDJcPPOOQK-3UrxEyhAQ/android-app_/com.google.android.youtube/http/www.youtube.com/channel/ios-app_/544007664/vnd.youtube/www.youtube.com/channel/android-app_/com/UCDUlDJcPPOOQK-3UrxEyhA]
[www.youtube.com/channel/UCDUlDJcPPOOQK-3UrxEyhAQ/android-app_/com.google.android.youtube/http/www.youtube.com/channel/ios-app_/544007664/vnd.youtube/www.youtube.com/channel/ios-app_/54400766/UCDUlDJcPPOOQK-3UrxEyhA]
[www.youtube.com/channel/UCDUlDJcPPOOQK-3UrxEyhAQ/ios-app_/544007664/vnd.youtube/www.youtube.com/channel/android-app_/com.google.android.youtube/http/www.youtube.com/channel/android-app_/com/UCDUlDJcPPOOQK-3UrxEyhA]
[www.youtube.com/channel/UCDUlDJcPPOOQK-3UrxEyhAQ/ios-app_/544007664/vnd.youtube/www.youtube.com/channel/android-app_/com.google.android.youtube/http/www.youtube.com/channel/ios-app_/54400766/UCDUlDJcPPOOQK-3UrxEyhA]
[www.youtube.com/channel/UCDUlDJcPPOOQK-3UrxEyhAQ/ios-app_/544007664/vnd.youtube/www.youtube.com/channel/ios-app_/544007664/vnd.youtube/www.youtube.com/channel/android-app_/com.google.android/UCDUlDJcPPOOQK-3UrxEyhA]
[www.youtube.com/channel/UCDUlDJcPPOOQK-3UrxEyhAQ/ios-app_/544007664/vnd.youtube/www.youtube.com/channel/ios-app_/544007664/vnd.youtube/www.youtube.com/channel/ios-app_/544007664/vnd.youtube//UCDUlDJcPPOOQK-3UrxEyhA]
[www.youtube.com/user/KozakSportsPerform/android-app_/com.google.android.youtube/http/www.youtube.com/channel/ios-app_/544007664/vnd.youtube/www.youtube.com/channel/android-app_/com.google.an/UCXIJ2-RSIGn53HA-x9RDev]
[www.youtube.com/user/KozakSportsPerform/android-app_/com.google.android.youtube/http/www.youtube.com/channel/ios-app_/544007664/vnd.youtube/www.youtube.com/channel/ios-app_/544007664/vnd.you/UCXIJ2-RSIGn53HA-x9RDev]
[www.youtube.com/user/KozakSportsPerform/ios-app_/544007664/vnd.youtube/www.youtube.com/channel/android-app_/com.google.android.youtube/http/www.youtube.com/channel/android-app_/com.google.an/UCXIJ2-RSIGn53HA-x9RDev]
[www.youtube.com/user/KozakSportsPerform/ios-app_/544007664/vnd.youtube/www.youtube.com/channel/android-app_/com.google.android.youtube/http/www.youtube.com/channel/ios-app_/544007664/vnd.you/UCXIJ2-RSIGn53HA-x9RDev]
[www.youtube.com/user/KozakSportsPerform/ios-app_/544007664/vnd.youtube/www.youtube.com/channel/ios-app_/544007664/vnd.youtube/www.youtube.com/channel/android-app_/com.google.android.youtube//UCXIJ2-RSIGn53HA-x9RDev]
[www.youtube.com/user/KozakSportsPerform/ios-app_/544007664/vnd.youtube/www.youtube.com/channel/ios-app_/544007664/vnd.youtube/www.youtube.com/channel/ios-app_/544007664/vnd.youtube/www.youtu/UCXIJ2-RSIGn53HA-x9RDev]
[www.youtube.com/user/ChloesAddiction/android-app_/com.google.android.youtube/http/www.youtube.com/channel/android-app_/com.google.android.youtube/http/www.youtube.com/channel/android-app_/co/UCCgLoMYIyP0U56dEhEL1wX]
[www.youtube.com/user/ChloesAddiction/android-app_/com.google.android.youtube/http/www.youtube.com/channel/android-app_/com.google.android.youtube/http/www.youtube.com/channel/ios-app_/544007/UCCgLoMYIyP0U56dEhEL1wX]
[www.youtube.com/user/ChloesAddiction/android-app_/com.google.android.youtube/http/www.youtube.com/channel/ios-app_/544007664/vnd.youtube/www.youtube.com/channel/android-app_/com.google.andro/UCCgLoMYIyP0U56dEhEL1wX]
[www.youtube.com/user/ChloesAddiction/android-app_/com.google.android.youtube/http/www.youtube.com/channel/ios-app_/544007664/vnd.youtube/www.youtube.com/channel/ios-app_/544007664/vnd.youtub/UCCgLoMYIyP0U56dEhEL1wX]
[www.youtube.com/user/ChloesAddiction/ios-app_/544007664/vnd.youtube/www.youtube.com/channel/android-app_/com.google.android.youtube/http/www.youtube.com/channel/android-app_/com.google.andro/UCCgLoMYIyP0U56dEhEL1wX]
[www.youtube.com/user/ChloesAddiction/ios-app_/544007664/vnd.youtube/www.youtube.com/channel/android-app_/com.google.android.youtube/http/www.youtube.com/channel/ios-app_/544007664/vnd.youtub/UCCgLoMYIyP0U56dEhEL1wX]
[www.youtube.com/user/ChloesAddiction/ios-app_/544007664/vnd.youtube/www.youtube.com/channel/ios-app_/544007664/vnd.youtube/www.youtube.com/channel/android-app_/com.google.android.youtube/htt/UCCgLoMYIyP0U56dEhEL1wX]
[www.youtube.com/user/ChloesAddiction/ios-app_/544007664/vnd.youtube/www.youtube.com/channel/ios-app_/544007664/vnd.youtube/www.youtube.com/channel/ios-app_/544007664/vnd.youtube/www.youtube/UCCgLoMYIyP0U56dEhEL1wX]
[www.youtube.com/channel/android-app_/com.google.android.youtube/http/www.youtube.com/channel/UCM3SMB1jINy_NxH1O01z5gA.html]
[www.youtube.com/channel/ios-app_/544007664/vnd.youtube/www.youtube.com/channel/UCM3SMB1jINy_NxH1O01z5gA.html]
[www.youtube.com/channel/android-app_/com.google.android.youtube/http/www.youtube.com/channel/UC7qTEluetD2pDB7lUBBlKuw.237e.delayed]
[www.youtube.com/channel/ios-app_/544007664/vnd.youtube/www.youtube.com/channel/UC7qTEluetD2pDB7lUBBlKuw.2380.delayed]
[www.youtube.com/channel/UC7qTEluetD2pDB7lUBBlKuw.html]
[www.youtube.com/android-app_/com.google.android.youtube/http/www.youtube.com/channel/UC7qTEluetD2pDB7lUBBlKuw.html]
[www.youtube.com/ios-app_/544007664/vnd.youtube/www.youtube.com/channel/UC7qTEluetD2pDB7lUBBlKuw.html]
[www.youtube.com/channel/android-app_/com.google.android.youtube/http/www.youtube.com/channel/UC1ZPgKGxaT5P7QKN_bk9xkw.html]
[www.youtube.com/channel/ios-app_/544007664/vnd.youtube/www.youtube.com/channel/UC1ZPgKGxaT5P7QKN_bk9xkw.html]
[www.youtube.com/channel/android-app_/com.google.android.youtube/http/www.youtube.com/channel/UCPzFLpOblZEaIx2lpym1l1A.html]
[www.youtube.com/channel/ios-app_/544007664/vnd.youtube/www.youtube.com/channel/UCPzFLpOblZEaIx2lpym1l1A.html]
[www.youtube.com/android-app_/com.google.android.youtube/http/www.youtube.com/watch551b.html]
[www.youtube.com/ios-app_/544007664/vnd.youtube/www.youtube.com/watch551b.html]
[www.youtube.com/embed/ofn_-cg6f4M.html]
[www.youtube.com/channel/android-app_/com.google.android.youtube/http/www.youtube.com/channel/UCYCsQyi8im9uPyQyv-J1P_Q.2385.delayed]
[www.youtube.com/channel/ios-app_/544007664/vnd.youtube/www.youtube.com/channel/UCYCsQyi8im9uPyQyv-J1P_Q.2387.delayed]
[www.youtube.com/channel/UCYCsQyi8im9uPyQyv-J1P_Q.html]
[www.youtube.com/android-app_/com.google.android.youtube/http/www.youtube.com/channel/UCYCsQyi8im9uPyQyv-J1P_Q.html]
[www.youtube.com/ios-app_/544007664/vnd.youtube/www.youtube.com/channel/UCYCsQyi8im9uPyQyv-J1P_Q.html]
[www.youtube.com/channel/android-app_/com.google.android.youtube/http/www.youtube.com/channel/UCQKAbZugsNRV7gmxsX83QpQ.238b.delayed]
[www.youtube.com/channel/ios-app_/544007664/vnd.youtube/www.youtube.com/channel/UCQKAbZugsNRV7gmxsX83QpQ.238d.delayed]
[www.youtube.com/channel/UCQKAbZugsNRV7gmxsX83QpQ.html]
[www.youtube.com/android-app_/com.google.android.youtube/http/www.youtube.com/channel/UCQKAbZugsNRV7gmxsX83QpQ.html]
[www.youtube.com/ios-app_/544007664/vnd.youtube/www.youtube.com/channel/UCQKAbZugsNRV7gmxsX83QpQ.html]
[www.youtube.com/channel/android-app_/com.google.android.youtube/http/www.youtube.com/channel/UCy1lD60lpac64VnqMusOBtw.2391.delayed]
[www.youtube.com/channel/ios-app_/544007664/vnd.youtube/www.youtube.com/channel/UCy1lD60lpac64VnqMusOBtw.2393.delayed]
[www.youtube.com/channel/UCy1lD60lpac64VnqMusOBtw.html]
[www.youtube.com/android-app_/com.google.android.youtube/http/www.youtube.com/channel/UCy1lD60lpac64VnqMusOBtw.html]
[www.youtube.com/ios-app_/544007664/vnd.youtube/www.youtube.com/channel/UCy1lD60lpac64VnqMusOBtw.html]
[www.youtube.com/android-app_/com.google.android.youtube/http/www.youtube.com/watch0f46.html]
[www.youtube.com/ios-app_/544007664/vnd.youtube/www.youtube.com/watch0f46.html]
[www.youtube.com/embed/stoPYwdPU-E.html]
[www.youtube.com/android-app_/com.google.android.youtube/http/www.youtube.com/channel/UCzH5n3Ih5kgQoiDAQt2FwLw.html]
[www.youtube.com/ios-app_/544007664/vnd.youtube/www.youtube.com/channel/UCzH5n3Ih5kgQoiDAQt2FwLw.html]
[www.youtube.com/android-app_/com.google.android.youtube/http/www.youtube.com/channel/UCPzFLpOblZEaIx2lpym1l1A.html]
[www.youtube.com/ios-app_/544007664/vnd.youtube/www.youtube.com/channel/UCPzFLpOblZEaIx2lpym1l1A.html]
[www.youtube.com/android-app_/com.google.android.youtube/http/www.youtube.com/watch8379.html]
[www.youtube.com/ios-app_/544007664/vnd.youtube/www.youtube.com/watch8379.html]
[www.youtube.com/embed/P_hR43eMgug.html]
[www.youtube.com/android-app_/com.google.android.youtube/http/www.youtube.com/watch5320.html]
[www.youtube.com/ios-app_/544007664/vnd.youtube/www.youtube.com/watch5320.html]
[www.youtube.com/embed/APEavQg8rMw.html]
[www.youtube.com/android-app_/com.google.android.youtube/http/www.youtube.com/watch8b9d.html]
[www.youtube.com/ios-app_/544007664/vnd.youtube/www.youtube.com/watch8b9d.html]
[www.youtube.com/embed/sTAiDki7AQA.html]
[www.youtube.com/android-app_/com.google.android.youtube/http/www.youtube.com/channel/UChBEbMKI1eCcejTtmI32UEw.html]
[www.youtube.com/ios-app_/544007664/vnd.youtube/www.youtube.com/channel/UChBEbMKI1eCcejTtmI32UEw.html]
[www.youtube.com/channel/android-app_/com.google.android.youtube/http/www.youtube.com/channel/UCzH5n3Ih5kgQoiDAQt2FwLw.html]
[www.youtube.com/channel/ios-app_/544007664/vnd.youtube/www.youtube.com/channel/UCzH5n3Ih5kgQoiDAQt2FwLw.html]
[www.youtube.com/user/BrothersGreenEats/android-app_/com.google.android.youtube/http/www.youtube.com/channel/android-app_/com.google.android.youtube/http/www.youtube.com/channel/UCzH5n3Ih5kgQoiDAQt2FwLw.html]
[www.youtube.com/user/BrothersGreenEats/android-app_/com.google.android.youtube/http/www.youtube.com/channel/ios-app_/544007664/vnd.youtube/www.youtube.com/channel/UCzH5n3Ih5kgQoiDAQt2FwLw.html]
[www.youtube.com/user/BrothersGreenEats/ios-app_/544007664/vnd.youtube/www.youtube.com/channel/android-app_/com.google.android.youtube/http/www.youtube.com/channel/UCzH5n3Ih5kgQoiDAQt2FwLw.html]
[www.youtube.com/user/BrothersGreenEats/ios-app_/544007664/vnd.youtube/www.youtube.com/channel/ios-app_/544007664/vnd.youtube/www.youtube.com/channel/UCzH5n3Ih5kgQoiDAQt2FwLw.html]
[www.youtube.com/android-app_/com.google.android.youtube/http/www.youtube.com/watch9099.html]
[www.youtube.com/ios-app_/544007664/vnd.youtube/www.youtube.com/watch9099.html]
[www.youtube.com/embed/yg5nLQVg4VY.html]
[www.youtube.com/android-app_/com.google.android.youtube/http/www.youtube.com/channel/UCqsvmrjWY7fPcKqWHnYVTMA.html]
[www.youtube.com/ios-app_/544007664/vnd.youtube/www.youtube.com/channel/UCqsvmrjWY7fPcKqWHnYVTMA.html]
[www.youtube.com/channel/android-app_/com.google.android.youtube/http/www.youtube.com/channel/UCp610fvjSXqh7R2cm7KwUVA.html]
[www.youtube.com/channel/ios-app_/544007664/vnd.youtube/www.youtube.com/channel/UCp610fvjSXqh7R2cm7KwUVA.html]
[www.youtube.com/channel/android-app_/com.google.android.youtube/http/www.youtube.com/channel/UCQSEAbOs6vsJfy7WN7iYaGQ.html]
[www.youtube.com/channel/ios-app_/544007664/vnd.youtube/www.youtube.com/channel/UCQSEAbOs6vsJfy7WN7iYaGQ.html]
[www.youtube.com/c/EazySpeezy/android-app_/com.google.android.youtube/http/www.youtube.com/channel/android-app_/com.google.android.youtube/http/www.youtube.com/channel/UCQSEAbOs6vsJfy7WN7iYaGQ.html]
[www.youtube.com/c/EazySpeezy/android-app_/com.google.android.youtube/http/www.youtube.com/channel/ios-app_/544007664/vnd.youtube/www.youtube.com/channel/UCQSEAbOs6vsJfy7WN7iYaGQ.html]
[www.youtube.com/c/EazySpeezy/ios-app_/544007664/vnd.youtube/www.youtube.com/channel/android-app_/com.google.android.youtube/http/www.youtube.com/channel/UCQSEAbOs6vsJfy7WN7iYaGQ.html]
[www.youtube.com/c/EazySpeezy/ios-app_/544007664/vnd.youtube/www.youtube.com/channel/ios-app_/544007664/vnd.youtube/www.youtube.com/channel/UCQSEAbOs6vsJfy7WN7iYaGQ.html]
[www.youtube.com/channel/android-app_/com.google.android.youtube/http/www.youtube.com/channel/UCV6mNrW8CrmWtcxWfQXy11g.html]
[www.youtube.com/channel/ios-app_/544007664/vnd.youtube/www.youtube.com/channel/UCV6mNrW8CrmWtcxWfQXy11g.html]
[www.youtube.com/android-app_/com.google.android.youtube/http/www.youtube.com/channel/UCV6mNrW8CrmWtcxWfQXy11g.html]
[www.youtube.com/ios-app_/544007664/vnd.youtube/www.youtube.com/channel/UCV6mNrW8CrmWtcxWfQXy11g.html]
[www.youtube.com/channel/android-app_/com.google.android.youtube/http/www.youtube.com/channel/UCgGyN4DSZ6mrcw0ARHikzYw.html]
[www.youtube.com/channel/ios-app_/544007664/vnd.youtube/www.youtube.com/channel/UCgGyN4DSZ6mrcw0ARHikzYw.html]
[www.youtube.com/c/ProfessorBiggyMinecraft/android-app_/com.google.android.youtube/http/www.youtube.com/channel/android-app_/com.google.android.youtube/http/www.youtube.com/channel/UCgGyN4DSZ6mrcw0ARHikzYw.1f68.dela]
[www.youtube.com/c/ProfessorBiggyMinecraft/android-app_/com.google.android.youtube/http/www.youtube.com/channel/ios-app_/544007664/vnd.youtube/www.youtube.com/channel/UCgGyN4DSZ6mrcw0ARHikzYw.html]
[www.youtube.com/c/ProfessorBiggyMinecraft/ios-app_/544007664/vnd.youtube/www.youtube.com/channel/android-app_/com.google.android.youtube/http/www.youtube.com/channel/UCgGyN4DSZ6mrcw0ARHikzYw.html]
[www.youtube.com/c/ProfessorBiggyMinecraft/ios-app_/544007664/vnd.youtube/www.youtube.com/channel/ios-app_/544007664/vnd.youtube/www.youtube.com/channel/UCgGyN4DSZ6mrcw0ARHikzYw.html]
[www.youtube.com/android-app_/com.google.android.youtube/http/www.youtube.com/channel/UCgGyN4DSZ6mrcw0ARHikzYw.html]
[www.youtube.com/ios-app_/544007664/vnd.youtube/www.youtube.com/channel/UCgGyN4DSZ6mrcw0ARHikzYw.html]
[www.youtube.com/channel/android-app_/com.google.android.youtube/http/www.youtube.com/channel/UCNu8JJDn2lO6Zb4lcRb7GVg.23c3.delayed]
[www.youtube.com/channel/ios-app_/544007664/vnd.youtube/www.youtube.com/channel/UCNu8JJDn2lO6Zb4lcRb7GVg.23c5.delayed]
[www.youtube.com/channel/UCNu8JJDn2lO6Zb4lcRb7GVg.html]
[www.youtube.com/android-app_/com.google.android.youtube/http/www.youtube.com/channel/UCNu8JJDn2lO6Zb4lcRb7GVg.html]
[www.youtube.com/ios-app_/544007664/vnd.youtube/www.youtube.com/channel/UCNu8JJDn2lO6Zb4lcRb7GVg.html]
[www.youtube.com/channel/android-app_/com.google.android.youtube/http/www.youtube.com/channel/UCyyhA9vazU2bbFbUM9JxEpg.23c9.delayed]
[www.youtube.com/channel/ios-app_/544007664/vnd.youtube/www.youtube.com/channel/UCyyhA9vazU2bbFbUM9JxEpg.23cb.delayed]
[www.youtube.com/channel/UCyyhA9vazU2bbFbUM9JxEpg.html]
[www.youtube.com/android-app_/com.google.android.youtube/http/www.youtube.com/channel/UCyyhA9vazU2bbFbUM9JxEpg.html]
[www.youtube.com/ios-app_/544007664/vnd.youtube/www.youtube.com/channel/UCyyhA9vazU2bbFbUM9JxEpg.html]
[www.youtube.com/channel/android-app_/com.google.android.youtube/http/www.youtube.com/channel/UC2QrsAs1AKG4w2v0950SC2A.23cf.delayed]
[www.youtube.com/channel/ios-app_/544007664/vnd.youtube/www.youtube.com/channel/UC2QrsAs1AKG4w2v0950SC2A.23d1.delayed]
[www.youtube.com/channel/UC2QrsAs1AKG4w2v0950SC2A.html]
[www.youtube.com/android-app_/com.google.android.youtube/http/www.youtube.com/channel/UC2QrsAs1AKG4w2v0950SC2A.html]
[www.youtube.com/ios-app_/544007664/vnd.youtube/www.youtube.com/channel/UC2QrsAs1AKG4w2v0950SC2A.html]
[www.youtube.com/channel/android-app_/com.google.android.youtube/http/www.youtube.com/channel/UC2k0KJH-WynZL5VlXxko5vQ.23d5.delayed]
[www.youtube.com/channel/ios-app_/544007664/vnd.youtube/www.youtube.com/channel/UC2k0KJH-WynZL5VlXxko5vQ.23d7.delayed]
[www.youtube.com/channel/UC2k0KJH-WynZL5VlXxko5vQ.html]
[www.youtube.com/android-app_/com.google.android.youtube/http/www.youtube.com/channel/UC2k0KJH-WynZL5VlXxko5vQ.html]
[www.youtube.com/ios-app_/544007664/vnd.youtube/www.youtube.com/channel/UC2k0KJH-WynZL5VlXxko5vQ.html]
[www.youtube.com/channel/android-app_/com.google.android.youtube/http/www.youtube.com/channel/UC3YgOn-D_cbUb7QiFccV8mQ.html]
[www.youtube.com/channel/ios-app_/544007664/vnd.youtube/www.youtube.com/channel/UC3YgOn-D_cbUb7QiFccV8mQ.html]
[www.youtube.com/android-app_/com.google.android.youtube/http/www.youtube.com/channel/UC3ltptWa0xfrDweghW94Acg.html]
[www.youtube.com/ios-app_/544007664/vnd.youtube/www.youtube.com/channel/UC3ltptWa0xfrDweghW94Acg.html]
[www.youtube.com/channel/android-app_/com.google.android.youtube/http/www.youtube.com/channel/UCtUbO6rBht0daVIOGML3c8w.23dc.delayed]
[www.youtube.com/channel/ios-app_/544007664/vnd.youtube/www.youtube.com/channel/UCtUbO6rBht0daVIOGML3c8w.23de.delayed]
[www.youtube.com/channel/UCtUbO6rBht0daVIOGML3c8w.html]
[www.youtube.com/android-app_/com.google.android.youtube/http/www.youtube.com/channel/UCtUbO6rBht0daVIOGML3c8w.html]
[www.youtube.com/ios-app_/544007664/vnd.youtube/www.youtube.com/channel/UCtUbO6rBht0daVIOGML3c8w.html]
[www.youtube.com/channel/android-app_/com.google.android.youtube/http/www.youtube.com/channel/UCyu8hwmz5EviXDl37_nQqdg.23e2.delayed]
[www.youtube.com/channel/ios-app_/544007664/vnd.youtube/www.youtube.com/channel/UCyu8hwmz5EviXDl37_nQqdg.23e4.delayed]
[www.youtube.com/channel/UCyu8hwmz5EviXDl37_nQqdg.html]
[www.youtube.com/android-app_/com.google.android.youtube/http/www.youtube.com/channel/UCyu8hwmz5EviXDl37_nQqdg.html]
[www.youtube.com/ios-app_/544007664/vnd.youtube/www.youtube.com/channel/UCyu8hwmz5EviXDl37_nQqdg.html]
[www.youtube.com/channel/android-app_/com.google.android.youtube/http/www.youtube.com/channel/UC7RRLtSjvlNYZCVjx-32NtA.23e8.delayed]
[www.youtube.com/channel/ios-app_/544007664/vnd.youtube/www.youtube.com/channel/UC7RRLtSjvlNYZCVjx-32NtA.23ea.delayed]
[www.youtube.com/channel/UC7RRLtSjvlNYZCVjx-32NtA.html]
[www.youtube.com/android-app_/com.google.android.youtube/http/www.youtube.com/channel/UC7RRLtSjvlNYZCVjx-32NtA.html]
[www.youtube.com/ios-app_/544007664/vnd.youtube/www.youtube.com/channel/UC7RRLtSjvlNYZCVjx-32NtA.html]
[www.youtube.com/channel/android-app_/com.google.android.youtube/http/www.youtube.com/channel/UC42NgAW2U0ZF_HTUw4mE_gQ.23ee.delayed]
[www.youtube.com/channel/ios-app_/544007664/vnd.youtube/www.youtube.com/channel/UC42NgAW2U0ZF_HTUw4mE_gQ.23f0.delayed]
[www.youtube.com/channel/UC42NgAW2U0ZF_HTUw4mE_gQ.html]
[www.youtube.com/android-app_/com.google.android.youtube/http/www.youtube.com/channel/UC42NgAW2U0ZF_HTUw4mE_gQ.html]
[www.youtube.com/ios-app_/544007664/vnd.youtube/www.youtube.com/channel/UC42NgAW2U0ZF_HTUw4mE_gQ.html]
[www.youtube.com/channel/android-app_/com.google.android.youtube/http/www.youtube.com/channel/UCJswRv22oiUgmT1FuFeUekw.html]
[www.youtube.com/channel/ios-app_/544007664/vnd.youtube/www.youtube.com/channel/UCJswRv22oiUgmT1FuFeUekw.html]
[www.youtube.com/c/IamMoBo/android-app_/com.google.android.youtube/http/www.youtube.com/channel/android-app_/com.google.android.youtube/http/www.youtube.com/channel/UCJswRv22oiUgmT1FuFeUekw.html]
[www.youtube.com/c/IamMoBo/android-app_/com.google.android.youtube/http/www.youtube.com/channel/ios-app_/544007664/vnd.youtube/www.youtube.com/channel/UCJswRv22oiUgmT1FuFeUekw.html]
[www.youtube.com/c/IamMoBo/ios-app_/544007664/vnd.youtube/www.youtube.com/channel/android-app_/com.google.android.youtube/http/www.youtube.com/channel/UCJswRv22oiUgmT1FuFeUekw.html]
[www.youtube.com/c/IamMoBo/ios-app_/544007664/vnd.youtube/www.youtube.com/channel/ios-app_/544007664/vnd.youtube/www.youtube.com/channel/UCJswRv22oiUgmT1FuFeUekw.html]
[www.youtube.com/channel/android-app_/com.google.android.youtube/http/www.youtube.com/channel/UCdwCJM5ScKKKW7dQmDUIIdA.2400.delayed]
[www.youtube.com/channel/ios-app_/544007664/vnd.youtube/www.youtube.com/channel/UCdwCJM5ScKKKW7dQmDUIIdA.2402.delayed]
[www.youtube.com/channel/UCdwCJM5ScKKKW7dQmDUIIdA.html]
[www.youtube.com/android-app_/com.google.android.youtube/http/www.youtube.com/channel/UCdwCJM5ScKKKW7dQmDUIIdA.html]
[www.youtube.com/ios-app_/544007664/vnd.youtube/www.youtube.com/channel/UCdwCJM5ScKKKW7dQmDUIIdA.html]
[www.youtube.com/channel/android-app_/com.google.android.youtube/http/www.youtube.com/channel/UCrPseYLGpNygVi34QpGNqpA.2406.delayed]
[www.youtube.com/channel/ios-app_/544007664/vnd.youtube/www.youtube.com/channel/UCrPseYLGpNygVi34QpGNqpA.2408.delayed]
[www.youtube.com/channel/UCrPseYLGpNygVi34QpGNqpA.html]
[www.youtube.com/android-app_/com.google.android.youtube/http/www.youtube.com/channel/UCrPseYLGpNygVi34QpGNqpA.html]
[www.youtube.com/ios-app_/544007664/vnd.youtube/www.youtube.com/channel/UCrPseYLGpNygVi34QpGNqpA.html]
[www.youtube.com/android-app_/com.google.android.youtube/http/www.youtube.com/watch74e1.html]
[www.youtube.com/ios-app_/544007664/vnd.youtube/www.youtube.com/watch74e1.html]
[www.youtube.com/embed/-G8x-KiBLfw.html]
[www.youtube.com/android-app_/com.google.android.youtube/http/www.youtube.com/watchb822.html]
[www.youtube.com/ios-app_/544007664/vnd.youtube/www.youtube.com/watchb822.html]
[www.youtube.com/android-app_/com.google.android.youtube/http/www.youtube.com/channel/UCQSEAbOs6vsJfy7WN7iYaGQ.html]
[www.youtube.com/ios-app_/544007664/vnd.youtube/www.youtube.com/channel/UCQSEAbOs6vsJfy7WN7iYaGQ.2410.delayed]
[www.youtube.com/EazySpeezy.html]
[www.youtube.com/embed/HpPm7ULW7wU.html]
[www.youtube.com/android-app_/com.google.android.youtube/http/www.youtube.com/watch4817.html]
[www.youtube.com/ios-app_/544007664/vnd.youtube/www.youtube.com/watch4817.html]
[www.youtube.com/channel/UCxQrToVDBwHKuyIr47X04yA.html]
[www.youtube.com/feeds/videos5d73.xml]
[www.youtube.com/android-app_/com.google.android.youtube/http/www.youtube.com/channel/UCxQrToVDBwHKuyIr47X04yA.html]
[www.youtube.com/ios-app_/544007664/vnd.youtube/www.youtube.com/channel/UCxQrToVDBwHKuyIr47X04yA.2418.delayed]
[www.youtube.com/@LowestPercent.html]
[www.youtube.com/embed/L5aQzCJW5-s.html]
[www.youtube.com/shorts/android-app_/com.google.android.youtube/http/www.youtube.com/shorts/8uSE7G_Dv7w.241c.delayed]
[www.youtube.com/shorts/8uSE7G_Dv7w20ce.html]
[www.youtube.com/shorts/ios-app_/544007664/vnd.youtube/www.youtube.com/shorts/8uSE7G_Dv7w.241e.delayed]
[i.ytimg.com/vi/8uSE7G_Dv7w/oar2161e.jpg]
[www.youtube.com/shorts/8uSE7G_Dv7w.html]
[www.youtube.com/android-app_/com.google.android.youtube/http/www.youtube.com/watch9671.html]
[www.youtube.com/ios-app_/544007664/vnd.youtube/www.youtube.com/watch9671.html]
[www.youtube.com/android-app_/com.google.android.youtube/http/www.youtube.com/channel/UCJswRv22oiUgmT1FuFeUekw.html]
[www.youtube.com/ios-app_/544007664/vnd.youtube/www.youtube.com/channel/UCJswRv22oiUgmT1FuFeUekw.2425.delayed]
[www.youtube.com/@IamMoBo.html]
[www.youtube.com/embed/8uSE7G_Dv7w.html]
[www.youtube.com/android-app_/com.google.android.youtube/http/www.youtube.com/watch9bf7.html]
[www.youtube.com/ios-app_/544007664/vnd.youtube/www.youtube.com/watch9bf7.html]
[www.youtube.com/embed/CVv_qpH2340.html]
[www.youtube.com/android-app_/com.google.android.youtube/http/www.youtube.com/channel/UCnnHqtApBbQDFy0YEnJXKjg.html]
[www.youtube.com/ios-app_/544007664/vnd.youtube/www.youtube.com/channel/UCnnHqtApBbQDFy0YEnJXKjg.html]
[www.youtube.com/c/LogicProXGaming/android-app_/com.google.android.youtube/http/www.youtube.com/channel/android-app_/com.google.android.youtube/http/www.youtube.com/channel/android-app_/com.g/UCPBy8SaMtEat8TmNLP6bmK]
[www.youtube.com/c/LogicProXGaming/android-app_/com.google.android.youtube/http/www.youtube.com/channel/android-app_/com.google.android.youtube/http/www.youtube.com/channel/ios-app_/544007664/UCPBy8SaMtEat8TmNLP6bmK]
[www.youtube.com/c/LogicProXGaming/android-app_/com.google.android.youtube/http/www.youtube.com/channel/ios-app_/544007664/vnd.youtube/www.youtube.com/channel/android-app_/com.google.android/UCPBy8SaMtEat8TmNLP6bmK]
[www.youtube.com/c/LogicProXGaming/android-app_/com.google.android.youtube/http/www.youtube.com/channel/ios-app_/544007664/vnd.youtube/www.youtube.com/channel/ios-app_/544007664/vnd.youtube/w/UCPBy8SaMtEat8TmNLP6bmK]
[www.youtube.com/c/LogicProXGaming/ios-app_/544007664/vnd.youtube/www.youtube.com/channel/android-app_/com.google.android.youtube/http/www.youtube.com/channel/android-app_/com.google.android/UCPBy8SaMtEat8TmNLP6bmK]
[www.youtube.com/c/LogicProXGaming/ios-app_/544007664/vnd.youtube/www.youtube.com/channel/android-app_/com.google.android.youtube/http/www.youtube.com/channel/ios-app_/544007664/vnd.youtube/w/UCPBy8SaMtEat8TmNLP6bmK]
[www.youtube.com/c/LogicProXGaming/ios-app_/544007664/vnd.youtube/www.youtube.com/channel/ios-app_/544007664/vnd.youtube/www.youtube.com/channel/android-app_/com.google.android.youtube/http/w/UCPBy8SaMtEat8TmNLP6bmK]
[www.youtube.com/c/LogicProXGaming/ios-app_/544007664/vnd.youtube/www.youtube.com/channel/ios-app_/544007664/vnd.youtube/www.youtube.com/channel/ios-app_/544007664/vnd.youtube/www.youtube.com/UCPBy8SaMtEat8TmNLP6bmK]
[www.youtube.com/android-app_/com.google.android.youtube/http/www.youtube.com/channel/UCPBy8SaMtEat8TmNLP6bmKQ.html]
[www.youtube.com/ios-app_/544007664/vnd.youtube/www.youtube.com/channel/UCPBy8SaMtEat8TmNLP6bmKQ.html]
[www.youtube.com/channel/android-app_/com.google.android.youtube/http/www.youtube.com/channel/UCXD0pNXyQuHtsSAdckwWdiA.html]
[www.youtube.com/channel/ios-app_/544007664/vnd.youtube/www.youtube.com/channel/UCXD0pNXyQuHtsSAdckwWdiA.html]
[www.youtube.com/channel/android-app_/com.google.android.youtube/http/www.youtube.com/channel/UCLCdyRg3u5O-EVP5p46QxcQ.242b.delayed]
[www.youtube.com/channel/ios-app_/544007664/vnd.youtube/www.youtube.com/channel/UCLCdyRg3u5O-EVP5p46QxcQ.242d.delayed]
[www.youtube.com/channel/UCLCdyRg3u5O-EVP5p46QxcQ.html]
[www.youtube.com/android-app_/com.google.android.youtube/http/www.youtube.com/channel/UCLCdyRg3u5O-EVP5p46QxcQ.html]
[www.youtube.com/ios-app_/544007664/vnd.youtube/www.youtube.com/channel/UCLCdyRg3u5O-EVP5p46QxcQ.html]
[www.youtube.com/channel/android-app_/com.google.android.youtube/http/www.youtube.com/channel/UCAJ-meoCh1TrPZ7La3UpPrw.2431.delayed]
[www.youtube.com/channel/ios-app_/544007664/vnd.youtube/www.youtube.com/channel/UCAJ-meoCh1TrPZ7La3UpPrw.2433.delayed]
[www.youtube.com/channel/UCAJ-meoCh1TrPZ7La3UpPrw.html]
[www.youtube.com/android-app_/com.google.android.youtube/http/www.youtube.com/channel/UCAJ-meoCh1TrPZ7La3UpPrw.html]
[www.youtube.com/ios-app_/544007664/vnd.youtube/www.youtube.com/channel/UCAJ-meoCh1TrPZ7La3UpPrw.html]
[www.youtube.com/channel/android-app_/com.google.android.youtube/http/www.youtube.com/channel/UCpRx8BFSkdVx8MAW8unaJcw.2437.delayed]
[www.youtube.com/channel/ios-app_/544007664/vnd.youtube/www.youtube.com/channel/UCpRx8BFSkdVx8MAW8unaJcw.2439.delayed]
[www.youtube.com/channel/UCpRx8BFSkdVx8MAW8unaJcw.html]
[www.youtube.com/android-app_/com.google.android.youtube/http/www.youtube.com/channel/UCpRx8BFSkdVx8MAW8unaJcw.html]
[www.youtube.com/ios-app_/544007664/vnd.youtube/www.youtube.com/channel/UCpRx8BFSkdVx8MAW8unaJcw.html]
[www.youtube.com/channel/android-app_/com.google.android.youtube/http/www.youtube.com/channel/UC-lHJZR3Gqxm24_Vd_AJ5Yw.243d.delayed]
[www.youtube.com/channel/ios-app_/544007664/vnd.youtube/www.youtube.com/channel/UC-lHJZR3Gqxm24_Vd_AJ5Yw.243f.delayed]
[www.youtube.com/channel/UC-lHJZR3Gqxm24_Vd_AJ5Yw.html]
[www.youtube.com/android-app_/com.google.android.youtube/http/www.youtube.com/channel/UC-lHJZR3Gqxm24_Vd_AJ5Yw.html]
[www.youtube.com/ios-app_/544007664/vnd.youtube/www.youtube.com/channel/UC-lHJZR3Gqxm24_Vd_AJ5Yw.html]
[www.youtube.com/channel/android-app_/com.google.android.youtube/http/www.youtube.com/channel/UCEN58iXQg82TXgsDCjWqIkg.html]
[www.youtube.com/channel/ios-app_/544007664/vnd.youtube/www.youtube.com/channel/UCEN58iXQg82TXgsDCjWqIkg.html]
[www.youtube.com/channel/android-app_/com.google.android.youtube/http/www.youtube.com/channel/UCRtXe-qMglnb9nMztMR3M7Q.html]
[www.youtube.com/channel/ios-app_/544007664/vnd.youtube/www.youtube.com/channel/UCRtXe-qMglnb9nMztMR3M7Q.html]
[www.youtube.com/channel/android-app_/com.google.android.youtube/http/www.youtube.com/channel/UCcjIvuxmWlS5IEQ0JdPV4Ng.2443.delayed]
[www.youtube.com/channel/ios-app_/544007664/vnd.youtube/www.youtube.com/channel/UCcjIvuxmWlS5IEQ0JdPV4Ng.2445.delayed]
[www.youtube.com/channel/UCcjIvuxmWlS5IEQ0JdPV4Ng.html]
[www.youtube.com/android-app_/com.google.android.youtube/http/www.youtube.com/channel/UCcjIvuxmWlS5IEQ0JdPV4Ng.html]
[www.youtube.com/ios-app_/544007664/vnd.youtube/www.youtube.com/channel/UCcjIvuxmWlS5IEQ0JdPV4Ng.html]
[www.youtube.com/channel/android-app_/com.google.android.youtube/http/www.youtube.com/channel/UCqJ5zFEED1hWs0KNQCQuYdQ.html]
[www.youtube.com/channel/ios-app_/544007664/vnd.youtube/www.youtube.com/channel/UCqJ5zFEED1hWs0KNQCQuYdQ.html]
[www.youtube.com/channel/android-app_/com.google.android.youtube/http/www.youtube.com/channel/UCHkh8YFg0l4tkY6_zvzdd5w.html]
[www.youtube.com/channel/ios-app_/544007664/vnd.youtube/www.youtube.com/channel/UCHkh8YFg0l4tkY6_zvzdd5w.html]
[www.youtube.com/channel/android-app_/com.google.android.youtube/http/www.youtube.com/channel/UCaY_-ksFSQtTGk0y1HA_3YQ.2449.delayed]
[www.youtube.com/channel/ios-app_/544007664/vnd.youtube/www.youtube.com/channel/UCaY_-ksFSQtTGk0y1HA_3YQ.244b.delayed]
[www.youtube.com/channel/UCaY_-ksFSQtTGk0y1HA_3YQ.html]
[www.youtube.com/android-app_/com.google.android.youtube/http/www.youtube.com/channel/UCaY_-ksFSQtTGk0y1HA_3YQ.html]
[www.youtube.com/ios-app_/544007664/vnd.youtube/www.youtube.com/channel/UCaY_-ksFSQtTGk0y1HA_3YQ.html]
[www.youtube.com/channel/android-app_/com.google.android.youtube/http/www.youtube.com/channel/UCFR2oaNj02WnXkOgLH0iqOA.244f.delayed]
[www.youtube.com/channel/ios-app_/544007664/vnd.youtube/www.youtube.com/channel/UCFR2oaNj02WnXkOgLH0iqOA.2451.delayed]
[www.youtube.com/channel/UCFR2oaNj02WnXkOgLH0iqOA.html]
[www.youtube.com/android-app_/com.google.android.youtube/http/www.youtube.com/channel/UCFR2oaNj02WnXkOgLH0iqOA.html]
[www.youtube.com/ios-app_/544007664/vnd.youtube/www.youtube.com/channel/UCFR2oaNj02WnXkOgLH0iqOA.html]
[www.youtube.com/android-app_/com.google.android.youtube/http/www.youtube.com/watchf39d.html]
[www.youtube.com/ios-app_/544007664/vnd.youtube/www.youtube.com/watchf39d.html]
[www.youtube.com/channel/UCpaaQyTQhpZBC1cw3D9Ciog.html]
[www.youtube.com/feeds/videosdacd.xml]
[www.youtube.com/android-app_/com.google.android.youtube/http/www.youtube.com/channel/UCpaaQyTQhpZBC1cw3D9Ciog.html]
[www.youtube.com/ios-app_/544007664/vnd.youtube/www.youtube.com/channel/UCpaaQyTQhpZBC1cw3D9Ciog.245a.delayed]
[www.youtube.com/@Derivakat.html]
[www.youtube.com/embed/lCpszkhqV-o.html]
[www.youtube.com/channel/android-app_/com.google.android.youtube/http/www.youtube.com/channel/UClFN9LShD_Pv0wnSeUKbUZw.html]
[www.youtube.com/channel/ios-app_/544007664/vnd.youtube/www.youtube.com/channel/UClFN9LShD_Pv0wnSeUKbUZw.html]
[www.youtube.com/shorts/android-app_/com.google.android.youtube/http/www.youtube.com/shorts/N3Lrxk1KBng.245e.delayed]
[www.youtube.com/shorts/N3Lrxk1KBng20ce.html]
[www.youtube.com/shorts/ios-app_/544007664/vnd.youtube/www.youtube.com/shorts/N3Lrxk1KBng.2460.delayed]
[i.ytimg.com/vi/N3Lrxk1KBng/oar2c242.jpg]
[www.youtube.com/shorts/N3Lrxk1KBng.html]
[www.youtube.com/android-app_/com.google.android.youtube/http/www.youtube.com/watch74d7.html]
[www.youtube.com/ios-app_/544007664/vnd.youtube/www.youtube.com/watch74d7.html]
[www.youtube.com/android-app_/com.google.android.youtube/http/www.youtube.com/channel/UClFN9LShD_Pv0wnSeUKbUZw.html]
[www.youtube.com/ios-app_/544007664/vnd.youtube/www.youtube.com/channel/UClFN9LShD_Pv0wnSeUKbUZw.2467.delayed]
[www.youtube.com/@ThatLittlePuff.html]
[www.youtube.com/embed/N3Lrxk1KBng.html]
[www.youtube.com/channel/android-app_/com.google.android.youtube/http/www.youtube.com/channel/UCxjMQBafG08mvyyVZ484S5g.246a.delayed]
[www.youtube.com/channel/ios-app_/544007664/vnd.youtube/www.youtube.com/channel/UCxjMQBafG08mvyyVZ484S5g.246c.delayed]
[www.youtube.com/channel/UCxjMQBafG08mvyyVZ484S5g.html]
[www.youtube.com/android-app_/com.google.android.youtube/http/www.youtube.com/channel/UCxjMQBafG08mvyyVZ484S5g.html]
[www.youtube.com/ios-app_/544007664/vnd.youtube/www.youtube.com/channel/UCxjMQBafG08mvyyVZ484S5g.html]
[www.youtube.com/channel/android-app_/com.google.android.youtube/http/www.youtube.com/channel/UCA4rJTnGwCpi7sTQVXM1GVQ.2470.delayed]
[www.youtube.com/channel/ios-app_/544007664/vnd.youtube/www.youtube.com/channel/UCA4rJTnGwCpi7sTQVXM1GVQ.2472.delayed]
[www.youtube.com/channel/UCA4rJTnGwCpi7sTQVXM1GVQ.html]
[www.youtube.com/android-app_/com.google.android.youtube/http/www.youtube.com/channel/UCA4rJTnGwCpi7sTQVXM1GVQ.html]
[www.youtube.com/ios-app_/544007664/vnd.youtube/www.youtube.com/channel/UCA4rJTnGwCpi7sTQVXM1GVQ.html]
[www.youtube.com/channel/android-app_/com.google.android.youtube/http/www.youtube.com/channel/UC9kN-ROrTY81zH856AxXuGQ.2476.delayed]
[www.youtube.com/channel/ios-app_/544007664/vnd.youtube/www.youtube.com/channel/UC9kN-ROrTY81zH856AxXuGQ.2478.delayed]
[www.youtube.com/channel/UC9kN-ROrTY81zH856AxXuGQ.html]
[www.youtube.com/android-app_/com.google.android.youtube/http/www.youtube.com/channel/UC9kN-ROrTY81zH856AxXuGQ.html]
[www.youtube.com/ios-app_/544007664/vnd.youtube/www.youtube.com/channel/UC9kN-ROrTY81zH856AxXuGQ.html]
[www.youtube.com/android-app_/com.google.android.youtube/http/www.youtube.com/watchcbec.html]
[www.youtube.com/ios-app_/544007664/vnd.youtube/www.youtube.com/watchcbec.html]
[www.youtube.com/embed/tPEE9ZwTmy0.html]
[www.youtube.com/shorts/android-app_/com.google.android.youtube/http/www.youtube.com/shorts/KDDECxXwE4E20ce.html]
[www.youtube.com/shorts/ios-app_/544007664/vnd.youtube/www.youtube.com/shorts/KDDECxXwE4E20ce.html]
[www.youtube.com/channel/android-app_/com.google.android.youtube/http/www.youtube.com/channel/UCbaOWk9XiTHIitm0YVH5xKg.247d.delayed]
[www.youtube.com/channel/ios-app_/544007664/vnd.youtube/www.youtube.com/channel/UCbaOWk9XiTHIitm0YVH5xKg.247f.delayed]
[www.youtube.com/channel/UCbaOWk9XiTHIitm0YVH5xKg.html]
[www.youtube.com/android-app_/com.google.android.youtube/http/www.youtube.com/channel/UCbaOWk9XiTHIitm0YVH5xKg.html]
[www.youtube.com/ios-app_/544007664/vnd.youtube/www.youtube.com/channel/UCbaOWk9XiTHIitm0YVH5xKg.html]
[www.youtube.com/android-app_/com.google.android.youtube/http/www.youtube.com/watch8948.html]
[www.youtube.com/ios-app_/544007664/vnd.youtube/www.youtube.com/watch8948.html]
[www.youtube.com/shorts/POST.2483.delayed]
[www.youtube.com/shorts/android-app_/com.google.android.youtube/http/www.youtube.com/shorts/l6Vg7ybO5Ac.2486.delayed]
[www.youtube.com/shorts/l6Vg7ybO5Ac20ce.html]
[www.youtube.com/shorts/ios-app_/544007664/vnd.youtube/www.youtube.com/shorts/l6Vg7ybO5Ac.2488.delayed]
[i.ytimg.com/vi/l6Vg7ybO5Ac/oar28b16.jpg]
[www.youtube.com/shorts/l6Vg7ybO5Ac.html]
[www.youtube.com/android-app_/com.google.android.youtube/http/www.youtube.com/watch5d10.html]
[www.youtube.com/ios-app_/544007664/vnd.youtube/www.youtube.com/watch5d10.html]
[www.youtube.com/channel/UCv5R_Lzpu-4PopdHiDaH7-A.html]
[www.youtube.com/feeds/videos1009.xml]
[www.youtube.com/android-app_/com.google.android.youtube/http/www.youtube.com/channel/UCv5R_Lzpu-4PopdHiDaH7-A.html]
[www.youtube.com/ios-app_/544007664/vnd.youtube/www.youtube.com/channel/UCv5R_Lzpu-4PopdHiDaH7-A.2491.delayed]
[www.youtube.com/@ChefCatChangAn666.html]
[www.youtube.com/embed/l6Vg7ybO5Ac.html]
[www.youtube.com/channel/android-app_/com.google.android.youtube/http/www.youtube.com/channel/UCpLQXR116cLVUa1LRY8KS4w.html]
[www.youtube.com/channel/ios-app_/544007664/vnd.youtube/www.youtube.com/channel/UCpLQXR116cLVUa1LRY8KS4w.html]
[www.youtube.com/android-app_/com.google.android.youtube/http/www.youtube.com/channel/UCb-ODDTys9PeeSyreyh___w.html]
[www.youtube.com/ios-app_/544007664/vnd.youtube/www.youtube.com/channel/UCb-ODDTys9PeeSyreyh___w.html]
[www.youtube.com/android-app_/com.google.android.youtube/http/www.youtube.com/channel/UCWN2FPlvg9r-LnUyepH9IaQ.html]
[www.youtube.com/ios-app_/544007664/vnd.youtube/www.youtube.com/channel/UCWN2FPlvg9r-LnUyepH9IaQ.html]
[www.youtube.com/channel/android-app_/com.google.android.youtube/http/www.youtube.com/channel/UCKQgiVPqEPU0tImAjFG5lNA.html]
[www.youtube.com/channel/ios-app_/544007664/vnd.youtube/www.youtube.com/channel/UCKQgiVPqEPU0tImAjFG5lNA.html]
[www.youtube.com/c/XuanLanYoga/android-app_/com.google.android.youtube/http/www.youtube.com/channel/android-app_/com.google.android.youtube/http/www.youtube.com/channel/UCKQgiVPqEPU0tImAjFG5lNA.html]
[www.youtube.com/c/XuanLanYoga/android-app_/com.google.android.youtube/http/www.youtube.com/channel/ios-app_/544007664/vnd.youtube/www.youtube.com/channel/UCKQgiVPqEPU0tImAjFG5lNA.html]
[www.youtube.com/c/XuanLanYoga/ios-app_/544007664/vnd.youtube/www.youtube.com/channel/android-app_/com.google.android.youtube/http/www.youtube.com/channel/UCKQgiVPqEPU0tImAjFG5lNA.html]
[www.youtube.com/c/XuanLanYoga/ios-app_/544007664/vnd.youtube/www.youtube.com/channel/ios-app_/544007664/vnd.youtube/www.youtube.com/channel/UCKQgiVPqEPU0tImAjFG5lNA.html]
[www.youtube.com/android-app_/com.google.android.youtube/http/www.youtube.com/channel/UCKQgiVPqEPU0tImAjFG5lNA.html]
[www.youtube.com/ios-app_/544007664/vnd.youtube/www.youtube.com/channel/UCKQgiVPqEPU0tImAjFG5lNA.html]
[www.youtube.com/android-app_/com.google.android.youtube/http/www.youtube.com/channel/UCHJBoCDxaCTRrwCHXEBA-BA.html]
[www.youtube.com/ios-app_/544007664/vnd.youtube/www.youtube.com/channel/UCHJBoCDxaCTRrwCHXEBA-BA.html]
[www.youtube.com/shorts/android-app_/com.google.android.youtube/http/www.youtube.com/shorts/MG5f7jETiU0.24a420ce.delayed]
[www.youtube.com/shorts/ios-app_/544007664/vnd.youtube/www.youtube.com/shorts/MG5f7jETiU0.24a620ce.delayed]
[www.youtube.com/shorts/MG5f7jETiU020ce.html]
[www.youtube.com/shorts/android-app_/com.google.android.youtube/http/www.youtube.com/shorts/MG5f7jETiU0.html]
[www.youtube.com/shorts/ios-app_/544007664/vnd.youtube/www.youtube.com/shorts/MG5f7jETiU0.html]
[www.youtube.com/channel/android-app_/com.google.android.youtube/http/www.youtube.com/channel/UCiXKTdHsvNxKzBFWsWTlsYQ.24a9.delayed]
[www.youtube.com/channel/ios-app_/544007664/vnd.youtube/www.youtube.com/channel/UCiXKTdHsvNxKzBFWsWTlsYQ.24ab.delayed]
[www.youtube.com/channel/UCiXKTdHsvNxKzBFWsWTlsYQ.html]
[www.youtube.com/android-app_/com.google.android.youtube/http/www.youtube.com/channel/UCiXKTdHsvNxKzBFWsWTlsYQ.html]
[www.youtube.com/ios-app_/544007664/vnd.youtube/www.youtube.com/channel/UCiXKTdHsvNxKzBFWsWTlsYQ.html]
[www.youtube.com/channel/android-app_/com.google.android.youtube/http/www.youtube.com/channel/UCxYVPua6HC46HzgT8IIn3vg.24af.delayed]
[www.youtube.com/channel/ios-app_/544007664/vnd.youtube/www.youtube.com/channel/UCxYVPua6HC46HzgT8IIn3vg.24b1.delayed]
[www.youtube.com/channel/UCxYVPua6HC46HzgT8IIn3vg.html]
[www.youtube.com/android-app_/com.google.android.youtube/http/www.youtube.com/channel/UCxYVPua6HC46HzgT8IIn3vg.html]
[www.youtube.com/ios-app_/544007664/vnd.youtube/www.youtube.com/channel/UCxYVPua6HC46HzgT8IIn3vg.html]
[www.youtube.com/channel/android-app_/com.google.android.youtube/http/www.youtube.com/channel/UC-0CzRZeML8zw4pFTVDq65Q.24b5.delayed]
[www.youtube.com/channel/ios-app_/544007664/vnd.youtube/www.youtube.com/channel/UC-0CzRZeML8zw4pFTVDq65Q.24b7.delayed]
[www.youtube.com/channel/UC-0CzRZeML8zw4pFTVDq65Q.html]
[www.youtube.com/android-app_/com.google.android.youtube/http/www.youtube.com/channel/UC-0CzRZeML8zw4pFTVDq65Q.html]
[www.youtube.com/ios-app_/544007664/vnd.youtube/www.youtube.com/channel/UC-0CzRZeML8zw4pFTVDq65Q.html]
[www.youtube.com/channel/android-app_/com.google.android.youtube/http/www.youtube.com/channel/UCw3_asTSehMF-MbF1cluGCw.24bb.delayed]
[www.youtube.com/channel/ios-app_/544007664/vnd.youtube/www.youtube.com/channel/UCw3_asTSehMF-MbF1cluGCw.24bd.delayed]
[www.youtube.com/channel/UCw3_asTSehMF-MbF1cluGCw.html]
[www.youtube.com/android-app_/com.google.android.youtube/http/www.youtube.com/channel/UCw3_asTSehMF-MbF1cluGCw.html]
[www.youtube.com/ios-app_/544007664/vnd.youtube/www.youtube.com/channel/UCw3_asTSehMF-MbF1cluGCw.html]
[www.youtube.com/channel/android-app_/com.google.android.youtube/http/www.youtube.com/channel/UCciuZl2ydLCvN5txlLW0rIg.24c1.delayed]
[www.youtube.com/channel/ios-app_/544007664/vnd.youtube/www.youtube.com/channel/UCciuZl2ydLCvN5txlLW0rIg.24c3.delayed]
[www.youtube.com/channel/UCciuZl2ydLCvN5txlLW0rIg.html]
[www.youtube.com/android-app_/com.google.android.youtube/http/www.youtube.com/channel/UCciuZl2ydLCvN5txlLW0rIg.html]
[www.youtube.com/ios-app_/544007664/vnd.youtube/www.youtube.com/channel/UCciuZl2ydLCvN5txlLW0rIg.html]
[www.youtube.com/channel/android-app_/com.google.android.youtube/http/www.youtube.com/channel/UCGbxOeCBuGSsKvt4g9lEv3A.24c7.delayed]
[www.youtube.com/channel/ios-app_/544007664/vnd.youtube/www.youtube.com/channel/UCGbxOeCBuGSsKvt4g9lEv3A.24c9.delayed]
[www.youtube.com/channel/UCGbxOeCBuGSsKvt4g9lEv3A.html]
[www.youtube.com/android-app_/com.google.android.youtube/http/www.youtube.com/channel/UCGbxOeCBuGSsKvt4g9lEv3A.html]
[www.youtube.com/ios-app_/544007664/vnd.youtube/www.youtube.com/channel/UCGbxOeCBuGSsKvt4g9lEv3A.html]
[www.youtube.com/channel/android-app_/com.google.android.youtube/http/www.youtube.com/channel/UC6a8lp6vaCMhUVXPyynhjUA.24cd.delayed]
[www.youtube.com/channel/ios-app_/544007664/vnd.youtube/www.youtube.com/channel/UC6a8lp6vaCMhUVXPyynhjUA.24cf.delayed]
[www.youtube.com/channel/UC6a8lp6vaCMhUVXPyynhjUA.html]
[www.youtube.com/android-app_/com.google.android.youtube/http/www.youtube.com/channel/UC6a8lp6vaCMhUVXPyynhjUA.html]
[www.youtube.com/ios-app_/544007664/vnd.youtube/www.youtube.com/channel/UC6a8lp6vaCMhUVXPyynhjUA.html]
[www.youtube.com/channel/android-app_/com.google.android.youtube/http/www.youtube.com/channel/UCqQj8nToSx7Sh_VH_UTIuhw.24d3.delayed]
[www.youtube.com/channel/ios-app_/544007664/vnd.youtube/www.youtube.com/channel/UCqQj8nToSx7Sh_VH_UTIuhw.24d5.delayed]
[www.youtube.com/channel/UCqQj8nToSx7Sh_VH_UTIuhw.html]
[www.youtube.com/android-app_/com.google.android.youtube/http/www.youtube.com/channel/UCqQj8nToSx7Sh_VH_UTIuhw.html]
[www.youtube.com/ios-app_/544007664/vnd.youtube/www.youtube.com/channel/UCqQj8nToSx7Sh_VH_UTIuhw.html]
[www.youtube.com/c/watchedwalker/android-app_/com.google.android.youtube/http/www.youtube.com/channel/android-app_/com.google.android.youtube/http/www.youtube.com/channel/android-app_/com.goo/UC_mzz_JnzArhhpGUy8KdGw]
[www.youtube.com/c/watchedwalker/android-app_/com.google.android.youtube/http/www.youtube.com/channel/android-app_/com.google.android.youtube/http/www.youtube.com/channel/ios-app_/544007664/v/UC_mzz_JnzArhhpGUy8KdGw]
[www.youtube.com/c/watchedwalker/android-app_/com.google.android.youtube/http/www.youtube.com/channel/ios-app_/544007664/vnd.youtube/www.youtube.com/channel/android-app_/com.google.android.yo/UC_mzz_JnzArhhpGUy8KdGw]
[www.youtube.com/c/watchedwalker/android-app_/com.google.android.youtube/http/www.youtube.com/channel/ios-app_/544007664/vnd.youtube/www.youtube.com/channel/ios-app_/544007664/vnd.youtube/www/UC_mzz_JnzArhhpGUy8KdGw]
[www.youtube.com/c/watchedwalker/ios-app_/544007664/vnd.youtube/www.youtube.com/channel/android-app_/com.google.android.youtube/http/www.youtube.com/channel/android-app_/com.google.android.yo/UC_mzz_JnzArhhpGUy8KdGw]
[www.youtube.com/c/watchedwalker/ios-app_/544007664/vnd.youtube/www.youtube.com/channel/android-app_/com.google.android.youtube/http/www.youtube.com/channel/ios-app_/544007664/vnd.youtube/www/UC_mzz_JnzArhhpGUy8KdGw]
[www.youtube.com/c/watchedwalker/ios-app_/544007664/vnd.youtube/www.youtube.com/channel/ios-app_/544007664/vnd.youtube/www.youtube.com/channel/android-app_/com.google.android.youtube/http/www/UC_mzz_JnzArhhpGUy8KdGw]
[www.youtube.com/c/watchedwalker/ios-app_/544007664/vnd.youtube/www.youtube.com/channel/ios-app_/544007664/vnd.youtube/www.youtube.com/channel/ios-app_/544007664/vnd.youtube/www.youtube.com/c/UC_mzz_JnzArhhpGUy8KdGw]
[www.youtube.com/android-app_/com.google.android.youtube/http/www.youtube.com/channel/UC_L5DaslvV0_wn_3_OEBCeA.html]
[www.youtube.com/ios-app_/544007664/vnd.youtube/www.youtube.com/channel/UC_L5DaslvV0_wn_3_OEBCeA.html]
[www.youtube.com/c/KelpieTheFox/android-app_/com.google.android.youtube/http/www.youtube.com/channel/android-app_/com.google.android.youtube/http/www.youtube.com/channel/android-app_/com.goog/UCbLDBxam7cqSM3aO5-NxDG]
[www.youtube.com/c/KelpieTheFox/android-app_/com.google.android.youtube/http/www.youtube.com/channel/android-app_/com.google.android.youtube/http/www.youtube.com/channel/ios-app_/544007664/vn/UCbLDBxam7cqSM3aO5-NxDG]
[www.youtube.com/c/KelpieTheFox/android-app_/com.google.android.youtube/http/www.youtube.com/channel/ios-app_/544007664/vnd.youtube/www.youtube.com/channel/android-app_/com.google.android.you/UCbLDBxam7cqSM3aO5-NxDG]
[www.youtube.com/c/KelpieTheFox/android-app_/com.google.android.youtube/http/www.youtube.com/channel/ios-app_/544007664/vnd.youtube/www.youtube.com/channel/ios-app_/544007664/vnd.youtube/www/UCbLDBxam7cqSM3aO5-NxDG]
[www.youtube.com/c/KelpieTheFox/ios-app_/544007664/vnd.youtube/www.youtube.com/channel/android-app_/com.google.android.youtube/http/www.youtube.com/channel/android-app_/com.google.android.you/UCbLDBxam7cqSM3aO5-NxDG]
[www.youtube.com/c/KelpieTheFox/ios-app_/544007664/vnd.youtube/www.youtube.com/channel/android-app_/com.google.android.youtube/http/www.youtube.com/channel/ios-app_/544007664/vnd.youtube/www/UCbLDBxam7cqSM3aO5-NxDG]
[www.youtube.com/c/KelpieTheFox/ios-app_/544007664/vnd.youtube/www.youtube.com/channel/ios-app_/544007664/vnd.youtube/www.youtube.com/channel/android-app_/com.google.android.youtube/http/www/UCbLDBxam7cqSM3aO5-NxDG]
[www.youtube.com/c/KelpieTheFox/ios-app_/544007664/vnd.youtube/www.youtube.com/channel/ios-app_/544007664/vnd.youtube/www.youtube.com/channel/ios-app_/544007664/vnd.youtube/www.youtube.com/ch/UCbLDBxam7cqSM3aO5-NxDG]
[www.youtube.com/channel/android-app_/com.google.android.youtube/http/www.youtube.com/channel/UCSC8Ns06xEMRC3uNmiwnqBQ.html]
[www.youtube.com/channel/ios-app_/544007664/vnd.youtube/www.youtube.com/channel/UCSC8Ns06xEMRC3uNmiwnqBQ.html]
[www.youtube.com/c/TrixyBlox/android-app_/com.google.android.youtube/http/www.youtube.com/channel/android-app_/com.google.android.youtube/http/www.youtube.com/channel/android-app_/com.google/UC4UNqGYuB2q49GzGD_CBIV]
[www.youtube.com/c/TrixyBlox/android-app_/com.google.android.youtube/http/www.youtube.com/channel/android-app_/com.google.android.youtube/http/www.youtube.com/channel/ios-app_/544007664/vnd.y/UC4UNqGYuB2q49GzGD_CBIV]
[www.youtube.com/c/TrixyBlox/android-app_/com.google.android.youtube/http/www.youtube.com/channel/ios-app_/544007664/vnd.youtube/www.youtube.com/channel/android-app_/com.google.android.youtub/UC4UNqGYuB2q49GzGD_CBIV]
[www.youtube.com/c/TrixyBlox/android-app_/com.google.android.youtube/http/www.youtube.com/channel/ios-app_/544007664/vnd.youtube/www.youtube.com/channel/ios-app_/544007664/vnd.youtube/www.you/UC4UNqGYuB2q49GzGD_CBIV]
[www.youtube.com/c/TrixyBlox/ios-app_/544007664/vnd.youtube/www.youtube.com/channel/android-app_/com.google.android.youtube/http/www.youtube.com/channel/android-app_/com.google.android.youtub/UC4UNqGYuB2q49GzGD_CBIV]
[www.youtube.com/c/TrixyBlox/ios-app_/544007664/vnd.youtube/www.youtube.com/channel/android-app_/com.google.android.youtube/http/www.youtube.com/channel/ios-app_/544007664/vnd.youtube/www.you/UC4UNqGYuB2q49GzGD_CBIV]
[www.youtube.com/c/TrixyBlox/ios-app_/544007664/vnd.youtube/www.youtube.com/channel/ios-app_/544007664/vnd.youtube/www.youtube.com/channel/android-app_/com.google.android.youtube/http/www.you/UC4UNqGYuB2q49GzGD_CBIV]
[www.youtube.com/c/TrixyBlox/ios-app_/544007664/vnd.youtube/www.youtube.com/channel/ios-app_/544007664/vnd.youtube/www.youtube.com/channel/ios-app_/544007664/vnd.youtube/www.youtube.com/chann/UC4UNqGYuB2q49GzGD_CBIV]
[www.youtube.com/android-app_/com.google.android.youtube/http/www.youtube.com/channel/UC4UNqGYuB2q49GzGD_CBIVQ.html]
[www.youtube.com/ios-app_/544007664/vnd.youtube/www.youtube.com/channel/UC4UNqGYuB2q49GzGD_CBIVQ.html]
[www.youtube.com/channel/android-app_/com.google.android.youtube/http/www.youtube.com/channel/UCqowvQUm5Q81jv_ronx891w.html]
[www.youtube.com/channel/ios-app_/544007664/vnd.youtube/www.youtube.com/channel/UCqowvQUm5Q81jv_ronx891w.html]
[www.youtube.com/channel/android-app_/com.google.android.youtube/http/www.youtube.com/channel/UCl_vAxZpvbO-PFXdDu7EdHw.html]
[www.youtube.com/channel/ios-app_/544007664/vnd.youtube/www.youtube.com/channel/UCl_vAxZpvbO-PFXdDu7EdHw.html]
[www.youtube.com/channel/android-app_/com.google.android.youtube/http/www.youtube.com/channel/UCIXguhHCl8eDTkXpEuiGPUA.html]
[www.youtube.com/channel/ios-app_/544007664/vnd.youtube/www.youtube.com/channel/UCIXguhHCl8eDTkXpEuiGPUA.html]
[www.youtube.com/channel/android-app_/com.google.android.youtube/http/www.youtube.com/channel/UCG8eSYvOQUpb9HM8zU5d6xg.html]
[www.youtube.com/channel/ios-app_/544007664/vnd.youtube/www.youtube.com/channel/UCG8eSYvOQUpb9HM8zU5d6xg.html]
[www.youtube.com/c/ZloYxpAvi/android-app_/com.google.android.youtube/http/www.youtube.com/channel/android-app_/com.google.android.youtube/http/www.youtube.com/channel/android-app_/com.google/UCvFZqf1gW_XSCZyTku15LS]
[www.youtube.com/c/ZloYxpAvi/android-app_/com.google.android.youtube/http/www.youtube.com/channel/android-app_/com.google.android.youtube/http/www.youtube.com/channel/ios-app_/544007664/vnd.y/UCvFZqf1gW_XSCZyTku15LS]
[www.youtube.com/c/ZloYxpAvi/android-app_/com.google.android.youtube/http/www.youtube.com/channel/ios-app_/544007664/vnd.youtube/www.youtube.com/channel/android-app_/com.google.android.youtub/UCvFZqf1gW_XSCZyTku15LS]
[www.youtube.com/c/ZloYxpAvi/android-app_/com.google.android.youtube/http/www.youtube.com/channel/ios-app_/544007664/vnd.youtube/www.youtube.com/channel/ios-app_/544007664/vnd.youtube/www.you/UCvFZqf1gW_XSCZyTku15LS]
[www.youtube.com/c/ZloYxpAvi/ios-app_/544007664/vnd.youtube/www.youtube.com/channel/android-app_/com.google.android.youtube/http/www.youtube.com/channel/android-app_/com.google.android.youtub/UCvFZqf1gW_XSCZyTku15LS]
[www.youtube.com/c/ZloYxpAvi/ios-app_/544007664/vnd.youtube/www.youtube.com/channel/android-app_/com.google.android.youtube/http/www.youtube.com/channel/ios-app_/544007664/vnd.youtube/www.you/UCvFZqf1gW_XSCZyTku15LS]
[www.youtube.com/c/ZloYxpAvi/ios-app_/544007664/vnd.youtube/www.youtube.com/channel/ios-app_/544007664/vnd.youtube/www.youtube.com/channel/android-app_/com.google.android.youtube/http/www.you/UCvFZqf1gW_XSCZyTku15LS]
[www.youtube.com/c/ZloYxpAvi/ios-app_/544007664/vnd.youtube/www.youtube.com/channel/ios-app_/544007664/vnd.youtube/www.youtube.com/channel/ios-app_/544007664/vnd.youtube/www.youtube.com/chann/UCvFZqf1gW_XSCZyTku15LS]
[www.youtube.com/channel/android-app_/com.google.android.youtube/http/www.youtube.com/channel/UCRz8GNrMnibGz2HDrcxjEhw.html]
[www.youtube.com/channel/ios-app_/544007664/vnd.youtube/www.youtube.com/channel/UCRz8GNrMnibGz2HDrcxjEhw.html]
[www.youtube.com/c/Ihascupquakeplus/android-app_/com.google.android.youtube/http/www.youtube.com/channel/android-app_/com.google.android.youtube/http/www.youtube.com/channel/android-app_/com/UCqg2eLFNUu3QN3dttNeOWk]
[www.youtube.com/c/Ihascupquakeplus/android-app_/com.google.android.youtube/http/www.youtube.com/channel/android-app_/com.google.android.youtube/http/www.youtube.com/channel/ios-app_/54400766/UCqg2eLFNUu3QN3dttNeOWk]
[www.youtube.com/c/Ihascupquakeplus/android-app_/com.google.android.youtube/http/www.youtube.com/channel/ios-app_/544007664/vnd.youtube/www.youtube.com/channel/android-app_/com.google.android/UCqg2eLFNUu3QN3dttNeOWk]
[www.youtube.com/c/Ihascupquakeplus/android-app_/com.google.android.youtube/http/www.youtube.com/channel/ios-app_/544007664/vnd.youtube/www.youtube.com/channel/ios-app_/544007664/vnd.youtube//UCqg2eLFNUu3QN3dttNeOWk]
[www.youtube.com/c/Ihascupquakeplus/ios-app_/544007664/vnd.youtube/www.youtube.com/channel/android-app_/com.google.android.youtube/http/www.youtube.com/channel/android-app_/com.google.android/UCqg2eLFNUu3QN3dttNeOWk]
[www.youtube.com/c/Ihascupquakeplus/ios-app_/544007664/vnd.youtube/www.youtube.com/channel/android-app_/com.google.android.youtube/http/www.youtube.com/channel/ios-app_/544007664/vnd.youtube//UCqg2eLFNUu3QN3dttNeOWk]
[www.youtube.com/c/Ihascupquakeplus/ios-app_/544007664/vnd.youtube/www.youtube.com/channel/ios-app_/544007664/vnd.youtube/www.youtube.com/channel/android-app_/com.google.android.youtube/http//UCqg2eLFNUu3QN3dttNeOWk]
[www.youtube.com/c/Ihascupquakeplus/ios-app_/544007664/vnd.youtube/www.youtube.com/channel/ios-app_/544007664/vnd.youtube/www.youtube.com/channel/ios-app_/544007664/vnd.youtube/www.youtube.co/UCqg2eLFNUu3QN3dttNeOWk]
[www.youtube.com/channel/android-app_/com.google.android.youtube/http/www.youtube.com/channel/UCPhMH41_XgMzPYZWGX2YDdQ.html]
[www.youtube.com/channel/ios-app_/544007664/vnd.youtube/www.youtube.com/channel/UCPhMH41_XgMzPYZWGX2YDdQ.html]
[www.youtube.com/c/GoddessEarthHealing/android-app_/com.google.android.youtube/http/www.youtube.com/channel/android-app_/com.google.android.youtube/http/www.youtube.com/channel/android-app_/c/UC6OM0x2skWZhIv1egczAmF]
[www.youtube.com/c/GoddessEarthHealing/android-app_/com.google.android.youtube/http/www.youtube.com/channel/android-app_/com.google.android.youtube/http/www.youtube.com/channel/ios-app_/54400/UC6OM0x2skWZhIv1egczAmF]
[www.youtube.com/c/GoddessEarthHealing/android-app_/com.google.android.youtube/http/www.youtube.com/channel/ios-app_/544007664/vnd.youtube/www.youtube.com/channel/android-app_/com.google.andr/UC6OM0x2skWZhIv1egczAmF]
[www.youtube.com/c/GoddessEarthHealing/android-app_/com.google.android.youtube/http/www.youtube.com/channel/ios-app_/544007664/vnd.youtube/www.youtube.com/channel/ios-app_/544007664/vnd.youtu/UC6OM0x2skWZhIv1egczAmF]
[www.youtube.com/c/GoddessEarthHealing/ios-app_/544007664/vnd.youtube/www.youtube.com/channel/android-app_/com.google.android.youtube/http/www.youtube.com/channel/android-app_/com.google.andr/UC6OM0x2skWZhIv1egczAmF]
[www.youtube.com/c/GoddessEarthHealing/ios-app_/544007664/vnd.youtube/www.youtube.com/channel/android-app_/com.google.android.youtube/http/www.youtube.com/channel/ios-app_/544007664/vnd.youtu/UC6OM0x2skWZhIv1egczAmF]
[www.youtube.com/c/GoddessEarthHealing/ios-app_/544007664/vnd.youtube/www.youtube.com/channel/ios-app_/544007664/vnd.youtube/www.youtube.com/channel/android-app_/com.google.android.youtube/ht/UC6OM0x2skWZhIv1egczAmF]
[www.youtube.com/c/GoddessEarthHealing/ios-app_/544007664/vnd.youtube/www.youtube.com/channel/ios-app_/544007664/vnd.youtube/www.youtube.com/channel/ios-app_/544007664/vnd.youtube/www.youtube/UC6OM0x2skWZhIv1egczAmF]
[www.youtube.com/c/LizzyCapri/android-app_/com.google.android.youtube/http/www.youtube.com/channel/android-app_/com.google.android.youtube/http/www.youtube.com/channel/android-app_/com.google/UCXOSzGyN3EPZfKE2hujeIY]
[www.youtube.com/c/LizzyCapri/android-app_/com.google.android.youtube/http/www.youtube.com/channel/android-app_/com.google.android.youtube/http/www.youtube.com/channel/ios-app_/544007664/vnd/UCXOSzGyN3EPZfKE2hujeIY]
[www.youtube.com/c/LizzyCapri/android-app_/com.google.android.youtube/http/www.youtube.com/channel/ios-app_/544007664/vnd.youtube/www.youtube.com/channel/android-app_/com.google.android.youtu/UCXOSzGyN3EPZfKE2hujeIY]
[www.youtube.com/c/LizzyCapri/android-app_/com.google.android.youtube/http/www.youtube.com/channel/ios-app_/544007664/vnd.youtube/www.youtube.com/channel/ios-app_/544007664/vnd.youtube/www.yo/UCXOSzGyN3EPZfKE2hujeIY]
[www.youtube.com/c/LizzyCapri/ios-app_/544007664/vnd.youtube/www.youtube.com/channel/android-app_/com.google.android.youtube/http/www.youtube.com/channel/android-app_/com.google.android.youtu/UCXOSzGyN3EPZfKE2hujeIY]
[www.youtube.com/c/LizzyCapri/ios-app_/544007664/vnd.youtube/www.youtube.com/channel/android-app_/com.google.android.youtube/http/www.youtube.com/channel/ios-app_/544007664/vnd.youtube/www.yo/UCXOSzGyN3EPZfKE2hujeIY]
[www.youtube.com/c/LizzyCapri/ios-app_/544007664/vnd.youtube/www.youtube.com/channel/ios-app_/544007664/vnd.youtube/www.youtube.com/channel/android-app_/com.google.android.youtube/http/www.yo/UCXOSzGyN3EPZfKE2hujeIY]
[www.youtube.com/c/LizzyCapri/ios-app_/544007664/vnd.youtube/www.youtube.com/channel/ios-app_/544007664/vnd.youtube/www.youtube.com/channel/ios-app_/544007664/vnd.youtube/www.youtube.com/chan/UCXOSzGyN3EPZfKE2hujeIY]
[www.youtube.com/c/RezaPujaKhan/android-app_/com.google.android.youtube/http/www.youtube.com/channel/android-app_/com.google.android.youtube/http/www.youtube.com/channel/android-app_/com.goog/UCYGea7GGe5GSODuxqYjWvJ]
[www.youtube.com/c/RezaPujaKhan/android-app_/com.google.android.youtube/http/www.youtube.com/channel/android-app_/com.google.android.youtube/http/www.youtube.com/channel/ios-app_/544007664/vn/UCYGea7GGe5GSODuxqYjWvJ]
[www.youtube.com/channel/android-app_/com.google.android.youtube/http/www.youtube.com/channel/UCzTKskwIc_-a0cGvCXA848Q.html]
[www.youtube.com/channel/ios-app_/544007664/vnd.youtube/www.youtube.com/channel/UCzTKskwIc_-a0cGvCXA848Q.html]
[www.youtube.com/channel/android-app_/com.google.android.youtube/http/www.youtube.com/channel/UC936-75gKFvIbnOx1yU0Oxg.html]
[www.youtube.com/channel/ios-app_/544007664/vnd.youtube/www.youtube.com/channel/UC936-75gKFvIbnOx1yU0Oxg.html]
[www.youtube.com/channel/android-app_/com.google.android.youtube/http/www.youtube.com/channel/UCRJ7LWK_GBCLUfiBAmj4n6w.html]
[www.youtube.com/channel/ios-app_/544007664/vnd.youtube/www.youtube.com/channel/UCRJ7LWK_GBCLUfiBAmj4n6w.html]
[www.youtube.com/channel/android-app_/com.google.android.youtube/http/www.youtube.com/channel/UCf-ME1C3PY2cNnVd0v7D3KA.html]
[www.youtube.com/channel/ios-app_/544007664/vnd.youtube/www.youtube.com/channel/UCf-ME1C3PY2cNnVd0v7D3KA.html]
[www.youtube.com/channel/android-app_/com.google.android.youtube/http/www.youtube.com/channel/UC5wGZUsTqmrvwqGkuM_tjVQ.html]
[www.youtube.com/channel/ios-app_/544007664/vnd.youtube/www.youtube.com/channel/UC5wGZUsTqmrvwqGkuM_tjVQ.html]
[www.youtube.com/channel/android-app_/com.google.android.youtube/http/www.youtube.com/channel/UCq2e11BxnMFk3C2x5a9g9SA.html]
[www.youtube.com/channel/ios-app_/544007664/vnd.youtube/www.youtube.com/channel/UCq2e11BxnMFk3C2x5a9g9SA.html]
[www.youtube.com/channel/android-app_/com.google.android.youtube/http/www.youtube.com/channel/UCeBBy-IqsJxGlt-QcWj35Kg.html]
[www.youtube.com/channel/ios-app_/544007664/vnd.youtube/www.youtube.com/channel/UCeBBy-IqsJxGlt-QcWj35Kg.html]
[www.youtube.com/channel/android-app_/com.google.android.youtube/http/www.youtube.com/channel/UCA-KlAZjhiKL3WmRN_mSmWQ.24db.delayed]
[www.youtube.com/channel/ios-app_/544007664/vnd.youtube/www.youtube.com/channel/UCA-KlAZjhiKL3WmRN_mSmWQ.24dd.delayed]
[www.youtube.com/channel/UCA-KlAZjhiKL3WmRN_mSmWQ.html]
[www.youtube.com/android-app_/com.google.android.youtube/http/www.youtube.com/channel/UCA-KlAZjhiKL3WmRN_mSmWQ.html]
[www.youtube.com/ios-app_/544007664/vnd.youtube/www.youtube.com/channel/UCA-KlAZjhiKL3WmRN_mSmWQ.html]
[www.youtube.com/android-app_/com.google.android.youtube/http/www.youtube.com/channel/UCVYe9OwcrGrlRmlX8cSWgvg.html]
[www.youtube.com/ios-app_/544007664/vnd.youtube/www.youtube.com/channel/UCVYe9OwcrGrlRmlX8cSWgvg.html]
[www.youtube.com/channel/android-app_/com.google.android.youtube/http/www.youtube.com/channel/UCCpqxoWPzrXRMTrWIivCClg.html]
[www.youtube.com/channel/ios-app_/544007664/vnd.youtube/www.youtube.com/channel/UCCpqxoWPzrXRMTrWIivCClg.html]
[www.youtube.com/android-app_/com.google.android.youtube/http/www.youtube.com/watch4162.html]
[www.youtube.com/ios-app_/544007664/vnd.youtube/www.youtube.com/watch4162.html]
[www.youtube.com/feeds/videos7f82.xml]
[www.youtube.com/channel/UCoC47do520os_4DBMEFGg4A.html]
[www.youtube.com/android-app_/com.google.android.youtube/http/www.youtube.com/channel/UCoC47do520os_4DBMEFGg4A.html]
[www.youtube.com/ios-app_/544007664/vnd.youtube/www.youtube.com/channel/UCoC47do520os_4DBMEFGg4A.24e7.delayed]
[www.youtube.com/@cnliziqi.html]
[www.youtube.com/embed/LTejJnrzGPM.html]
[www.youtube.com/android-app_/com.google.android.youtube/http/www.youtube.com/watchbccd.html]
[www.youtube.com/ios-app_/544007664/vnd.youtube/www.youtube.com/watchbccd.html]
[www.youtube.com/channel/UCSQkQjPhnZw12Hj-SfsbX8w.html]
[www.youtube.com/feeds/videos57c6.xml]
[www.youtube.com/android-app_/com.google.android.youtube/http/www.youtube.com/channel/UCSQkQjPhnZw12Hj-SfsbX8w.html]
[www.youtube.com/ios-app_/544007664/vnd.youtube/www.youtube.com/channel/UCSQkQjPhnZw12Hj-SfsbX8w.24ef.delayed]
[www.youtube.com/@TheStriveStudies.html]
[www.youtube.com/embed/HA96VDEPxIs.html]
[www.youtube.com/channel/android-app_/com.google.android.youtube/http/www.youtube.com/channel/UC0M0rxSz3IF0CsSour1iWmw.24f2.delayed]
[www.youtube.com/channel/ios-app_/544007664/vnd.youtube/www.youtube.com/channel/UC0M0rxSz3IF0CsSour1iWmw.24f4.delayed]
[www.youtube.com/channel/UC0M0rxSz3IF0CsSour1iWmw.html]
[www.youtube.com/android-app_/com.google.android.youtube/http/www.youtube.com/channel/UC0M0rxSz3IF0CsSour1iWmw.html]
[www.youtube.com/ios-app_/544007664/vnd.youtube/www.youtube.com/channel/UC0M0rxSz3IF0CsSour1iWmw.html]
[www.youtube.com/channel/android-app_/com.google.android.youtube/http/www.youtube.com/channel/UCk9aeo2A6a1fg3VeRueTn9w.html]
[www.youtube.com/channel/ios-app_/544007664/vnd.youtube/www.youtube.com/channel/UCk9aeo2A6a1fg3VeRueTn9w.html]
[www.youtube.com/channel/android-app_/com.google.android.youtube/http/www.youtube.com/channel/UCmRyFYcJLy5kFQJfdR3Gv8Q.html]
[www.youtube.com/channel/ios-app_/544007664/vnd.youtube/www.youtube.com/channel/UCmRyFYcJLy5kFQJfdR3Gv8Q.html]
[www.youtube.com/user/Secretosdechicas/android-app_/com.google.android.youtube/http/www.youtube.com/channel/android-app_/com.google.android.youtube/http/www.youtube.com/channel/android-app_/c/UCPVGUnnNyf_FWLE0cLmphE]
[www.youtube.com/user/Secretosdechicas/android-app_/com.google.android.youtube/http/www.youtube.com/channel/android-app_/com.google.android.youtube/http/www.youtube.com/channel/ios-app_/54400/UCPVGUnnNyf_FWLE0cLmphE]
[www.youtube.com/user/Secretosdechicas/android-app_/com.google.android.youtube/http/www.youtube.com/channel/ios-app_/544007664/vnd.youtube/www.youtube.com/channel/android-app_/com.google.andr/UCPVGUnnNyf_FWLE0cLmphE]
[www.youtube.com/user/Secretosdechicas/android-app_/com.google.android.youtube/http/www.youtube.com/channel/ios-app_/544007664/vnd.youtube/www.youtube.com/channel/ios-app_/544007664/vnd.youtu/UCPVGUnnNyf_FWLE0cLmphE]
[www.youtube.com/user/Secretosdechicas/ios-app_/544007664/vnd.youtube/www.youtube.com/channel/android-app_/com.google.android.youtube/http/www.youtube.com/channel/android-app_/com.google.andr/UCPVGUnnNyf_FWLE0cLmphE]
[www.youtube.com/user/Secretosdechicas/ios-app_/544007664/vnd.youtube/www.youtube.com/channel/android-app_/com.google.android.youtube/http/www.youtube.com/channel/ios-app_/544007664/vnd.youtu/UCPVGUnnNyf_FWLE0cLmphE]
[www.youtube.com/user/Secretosdechicas/ios-app_/544007664/vnd.youtube/www.youtube.com/channel/ios-app_/544007664/vnd.youtube/www.youtube.com/channel/android-app_/com.google.android.youtube/ht/UCPVGUnnNyf_FWLE0cLmphE]
[www.youtube.com/user/Secretosdechicas/ios-app_/544007664/vnd.youtube/www.youtube.com/channel/ios-app_/544007664/vnd.youtube/www.youtube.com/channel/ios-app_/544007664/vnd.youtube/www.youtube/UCPVGUnnNyf_FWLE0cLmphE]
[www.youtube.com/shorts/android-app_/com.google.android.youtube/http/www.youtube.com/shorts/4aRPLMQslSg20ce.html]
[www.youtube.com/shorts/ios-app_/544007664/vnd.youtube/www.youtube.com/shorts/4aRPLMQslSg20ce.html]
[www.youtube.com/channel/android-app_/com.google.android.youtube/http/www.youtube.com/channel/UCeU05pwtEAreeF81saVb9XQ.html]
[www.youtube.com/channel/ios-app_/544007664/vnd.youtube/www.youtube.com/channel/UCeU05pwtEAreeF81saVb9XQ.html]
[www.youtube.com/channel/android-app_/com.google.android.youtube/http/www.youtube.com/channel/UCeqR0F3O1V11CiiOaJbd1pw.html]
[www.youtube.com/channel/ios-app_/544007664/vnd.youtube/www.youtube.com/channel/UCeqR0F3O1V11CiiOaJbd1pw.html]
[www.youtube.com/channel/android-app_/com.google.android.youtube/http/www.youtube.com/channel/UCyiNCEHLyKbSUrrncVr9KvQ.html]
[www.youtube.com/channel/ios-app_/544007664/vnd.youtube/www.youtube.com/channel/UCyiNCEHLyKbSUrrncVr9KvQ.html]
[www.youtube.com/channel/android-app_/com.google.android.youtube/http/www.youtube.com/channel/UCZIIRX8rkNjVpP-oLMHpeDw.html]
[www.youtube.com/channel/ios-app_/544007664/vnd.youtube/www.youtube.com/channel/UCZIIRX8rkNjVpP-oLMHpeDw.html]
[www.youtube.com/channel/android-app_/com.google.android.youtube/http/www.youtube.com/channel/UCqjwF8rxRsotnojGl4gM0Zw.html]
[www.youtube.com/channel/ios-app_/544007664/vnd.youtube/www.youtube.com/channel/UCqjwF8rxRsotnojGl4gM0Zw.html]
[www.youtube.com/channel/android-app_/com.google.android.youtube/http/www.youtube.com/channel/UCl5_liU7CWXwkGU3Vf3UGNQ.html]
[www.youtube.com/channel/ios-app_/544007664/vnd.youtube/www.youtube.com/channel/UCl5_liU7CWXwkGU3Vf3UGNQ.html]
[www.youtube.com/channel/android-app_/com.google.android.youtube/http/www.youtube.com/channel/UCuMFKxLoqOWVA1U1njNttXA.html]
[www.youtube.com/channel/ios-app_/544007664/vnd.youtube/www.youtube.com/channel/UCuMFKxLoqOWVA1U1njNttXA.html]
[www.youtube.com/channel/android-app_/com.google.android.youtube/http/www.youtube.com/channel/UCZaT_X_mc0BI-djXOlfhqWQ.24f8.delayed]
[www.youtube.com/channel/ios-app_/544007664/vnd.youtube/www.youtube.com/channel/UCZaT_X_mc0BI-djXOlfhqWQ.24fa.delayed]
[www.youtube.com/channel/UCZaT_X_mc0BI-djXOlfhqWQ.html]
[www.youtube.com/android-app_/com.google.android.youtube/http/www.youtube.com/channel/UCZaT_X_mc0BI-djXOlfhqWQ.html]
[www.youtube.com/ios-app_/544007664/vnd.youtube/www.youtube.com/channel/UCZaT_X_mc0BI-djXOlfhqWQ.html]
[www.youtube.com/channel/android-app_/com.google.android.youtube/http/www.youtube.com/channel/UC2lU0xK5HgeNwzFaWKuBt8A.24fe.delayed]
[www.youtube.com/channel/ios-app_/544007664/vnd.youtube/www.youtube.com/channel/UC2lU0xK5HgeNwzFaWKuBt8A.2500.delayed]
[www.youtube.com/channel/UC2lU0xK5HgeNwzFaWKuBt8A.html]
[www.youtube.com/android-app_/com.google.android.youtube/http/www.youtube.com/channel/UC2lU0xK5HgeNwzFaWKuBt8A.html]
[www.youtube.com/ios-app_/544007664/vnd.youtube/www.youtube.com/channel/UC2lU0xK5HgeNwzFaWKuBt8A.html]
[www.youtube.com/channel/android-app_/com.google.android.youtube/http/www.youtube.com/channel/UC91hwYeQmsqOPsKGwzrt6uw.2504.delayed]
[www.youtube.com/channel/ios-app_/544007664/vnd.youtube/www.youtube.com/channel/UC91hwYeQmsqOPsKGwzrt6uw.2506.delayed]
[www.youtube.com/channel/UC91hwYeQmsqOPsKGwzrt6uw.html]
[www.youtube.com/android-app_/com.google.android.youtube/http/www.youtube.com/channel/UC91hwYeQmsqOPsKGwzrt6uw.html]
[www.youtube.com/ios-app_/544007664/vnd.youtube/www.youtube.com/channel/UC91hwYeQmsqOPsKGwzrt6uw.html]
[www.youtube.com/channel/android-app_/com.google.android.youtube/http/www.youtube.com/channel/UC5Isss4zMs5ILLBRtWE0wrw.250a.delayed]
[www.youtube.com/channel/ios-app_/544007664/vnd.youtube/www.youtube.com/channel/UC5Isss4zMs5ILLBRtWE0wrw.250c.delayed]
[www.youtube.com/channel/UC5Isss4zMs5ILLBRtWE0wrw.html]
[www.youtube.com/android-app_/com.google.android.youtube/http/www.youtube.com/channel/UC5Isss4zMs5ILLBRtWE0wrw.html]
[www.youtube.com/ios-app_/544007664/vnd.youtube/www.youtube.com/channel/UC5Isss4zMs5ILLBRtWE0wrw.html]
[www.youtube.com/channel/android-app_/com.google.android.youtube/http/www.youtube.com/channel/UCjYO25ZVJT523TD1iYHzcbw.2510.delayed]
[www.youtube.com/channel/ios-app_/544007664/vnd.youtube/www.youtube.com/channel/UCjYO25ZVJT523TD1iYHzcbw.2512.delayed]
[www.youtube.com/channel/UCjYO25ZVJT523TD1iYHzcbw.html]
[www.youtube.com/android-app_/com.google.android.youtube/http/www.youtube.com/channel/UCjYO25ZVJT523TD1iYHzcbw.html]
[www.youtube.com/ios-app_/544007664/vnd.youtube/www.youtube.com/channel/UCjYO25ZVJT523TD1iYHzcbw.html]
[www.youtube.com/channel/android-app_/com.google.android.youtube/http/www.youtube.com/channel/UC9HlWVtENbiMQzVRmnbJxtw.2516.delayed]
[www.youtube.com/channel/ios-app_/544007664/vnd.youtube/www.youtube.com/channel/UC9HlWVtENbiMQzVRmnbJxtw.2518.delayed]
[www.youtube.com/channel/UC9HlWVtENbiMQzVRmnbJxtw.html]
[www.youtube.com/android-app_/com.google.android.youtube/http/www.youtube.com/channel/UC9HlWVtENbiMQzVRmnbJxtw.html]
[www.youtube.com/ios-app_/544007664/vnd.youtube/www.youtube.com/channel/UC9HlWVtENbiMQzVRmnbJxtw.html]
[www.youtube.com/channel/android-app_/com.google.android.youtube/http/www.youtube.com/channel/UCYyWrpcVU2PZlLohFaYOZUw.html]
[www.youtube.com/channel/ios-app_/544007664/vnd.youtube/www.youtube.com/channel/UCYyWrpcVU2PZlLohFaYOZUw.html]
[www.youtube.com/channel/android-app_/com.google.android.youtube/http/www.youtube.com/channel/UC8pmIe5FjmYlwP0Uf2dyQXQ.html]
[www.youtube.com/channel/ios-app_/544007664/vnd.youtube/www.youtube.com/channel/UC8pmIe5FjmYlwP0Uf2dyQXQ.html]
[www.youtube.com/android-app_/com.google.android.youtube/http/www.youtube.com/channel/UCbQ6t7WIw5XiIeW8v-AOnAw.html]
[www.youtube.com/ios-app_/544007664/vnd.youtube/www.youtube.com/channel/UCbQ6t7WIw5XiIeW8v-AOnAw.html]
[www.youtube.com/channel/android-app_/com.google.android.youtube/http/www.youtube.com/channel/UCd6vizTYlSgpR6zJ8j5KiyA.html]
[www.youtube.com/channel/ios-app_/544007664/vnd.youtube/www.youtube.com/channel/UCd6vizTYlSgpR6zJ8j5KiyA.html]
[www.youtube.com/channel/android-app_/com.google.android.youtube/http/www.youtube.com/channel/UC_Mv2BsvWR03-s7S5CrNm3w.html]
[www.youtube.com/channel/ios-app_/544007664/vnd.youtube/www.youtube.com/channel/UC_Mv2BsvWR03-s7S5CrNm3w.html]
[www.youtube.com/channel/android-app_/com.google.android.youtube/http/www.youtube.com/channel/UCoZCili40vUhAECOq2WzUdQ.html]
[www.youtube.com/channel/ios-app_/544007664/vnd.youtube/www.youtube.com/channel/UCoZCili40vUhAECOq2WzUdQ.html]
[www.youtube.com/channel/android-app_/com.google.android.youtube/http/www.youtube.com/channel/UCULpiAa8nIl_e68y59VYjHQ.html]
[www.youtube.com/channel/ios-app_/544007664/vnd.youtube/www.youtube.com/channel/UCULpiAa8nIl_e68y59VYjHQ.html]
[www.youtube.com/channel/android-app_/com.google.android.youtube/http/www.youtube.com/channel/UChP-_GEzDmMoxPEuW-_SCgQ.html]
[www.youtube.com/channel/ios-app_/544007664/vnd.youtube/www.youtube.com/channel/UChP-_GEzDmMoxPEuW-_SCgQ.html]
[www.youtube.com/channel/android-app_/com.google.android.youtube/http/www.youtube.com/channel/UCg2EPgrZtxyZPdaprLgSqpQ.html]
[www.youtube.com/channel/ios-app_/544007664/vnd.youtube/www.youtube.com/channel/UCg2EPgrZtxyZPdaprLgSqpQ.html]
[www.youtube.com/channel/android-app_/com.google.android.youtube/http/www.youtube.com/channel/UCJ4S-ebhAT-3NkzriI7M27g.html]
[www.youtube.com/channel/ios-app_/544007664/vnd.youtube/www.youtube.com/channel/UCJ4S-ebhAT-3NkzriI7M27g.html]
[www.youtube.com/channel/android-app_/com.google.android.youtube/http/www.youtube.com/channel/UCCaTyXipAyD-VTzTKG3Omuw.html]
[www.youtube.com/channel/ios-app_/544007664/vnd.youtube/www.youtube.com/channel/UCCaTyXipAyD-VTzTKG3Omuw.html]
[www.youtube.com/channel/android-app_/com.google.android.youtube/http/www.youtube.com/channel/UCX0-enhP1zgOclF_oNsHxfQ.html]
[www.youtube.com/channel/ios-app_/544007664/vnd.youtube/www.youtube.com/channel/UCX0-enhP1zgOclF_oNsHxfQ.html]
[www.youtube.com/channel/android-app_/com.google.android.youtube/http/www.youtube.com/channel/UCT55ZacrABCuKrJrgMpT-Zw.html]
[www.youtube.com/channel/ios-app_/544007664/vnd.youtube/www.youtube.com/channel/UCT55ZacrABCuKrJrgMpT-Zw.html]
[www.youtube.com/channel/android-app_/com.google.android.youtube/http/www.youtube.com/channel/UCW_b2E0_mZWDuFtLS_fLtEg.html]
[www.youtube.com/channel/ios-app_/544007664/vnd.youtube/www.youtube.com/channel/UCW_b2E0_mZWDuFtLS_fLtEg.html]
[www.youtube.com/channel/android-app_/com.google.android.youtube/http/www.youtube.com/channel/UCy6WdFV3tZJwnNO4ymWy8Hg.html]
[www.youtube.com/channel/ios-app_/544007664/vnd.youtube/www.youtube.com/channel/UCy6WdFV3tZJwnNO4ymWy8Hg.html]
[www.youtube.com/channel/android-app_/com.google.android.youtube/http/www.youtube.com/channel/UC2fYyKgjwxs7hRf-ePENqYA.html]
[www.youtube.com/channel/ios-app_/544007664/vnd.youtube/www.youtube.com/channel/UC2fYyKgjwxs7hRf-ePENqYA.html]
[www.youtube.com/channel/android-app_/com.google.android.youtube/http/www.youtube.com/channel/UC1UHFQ5bT_lHFAG3ORATDBQ.html]
[www.youtube.com/channel/ios-app_/544007664/vnd.youtube/www.youtube.com/channel/UC1UHFQ5bT_lHFAG3ORATDBQ.html]
[www.youtube.com/channel/android-app_/com.google.android.youtube/http/www.youtube.com/channel/UCbWIPo7DXZPs8_NpHroF5SA.html]
[www.youtube.com/channel/ios-app_/544007664/vnd.youtube/www.youtube.com/channel/UCbWIPo7DXZPs8_NpHroF5SA.html]
[www.youtube.com/channel/android-app_/com.google.android.youtube/http/www.youtube.com/channel/UCeNZlh03MyUkjRlLFpVQxsg.html]
[www.youtube.com/channel/ios-app_/544007664/vnd.youtube/www.youtube.com/channel/UCeNZlh03MyUkjRlLFpVQxsg.html]
[www.youtube.com/channel/android-app_/com.google.android.youtube/http/www.youtube.com/channel/UCBfa0oRc7GJv_gYQIzHKsEw.251d.delayed]
[www.youtube.com/channel/ios-app_/544007664/vnd.youtube/www.youtube.com/channel/UCBfa0oRc7GJv_gYQIzHKsEw.251f.delayed]
[www.youtube.com/channel/UCBfa0oRc7GJv_gYQIzHKsEw.html]
[www.youtube.com/android-app_/com.google.android.youtube/http/www.youtube.com/channel/UCBfa0oRc7GJv_gYQIzHKsEw.html]
[www.youtube.com/ios-app_/544007664/vnd.youtube/www.youtube.com/channel/UCBfa0oRc7GJv_gYQIzHKsEw.html]
[www.youtube.com/android-app_/com.google.android.youtube/http/www.youtube.com/channel/UCJmEkeFVWQ_2vtHNonYzVxA.html]
[www.youtube.com/ios-app_/544007664/vnd.youtube/www.youtube.com/channel/UCJmEkeFVWQ_2vtHNonYzVxA.html]
[www.youtube.com/android-app_/com.google.android.youtube/http/www.youtube.com/channel/UCcXMGAm6Cx72kveyt9P6pBw.html]
[www.youtube.com/ios-app_/544007664/vnd.youtube/www.youtube.com/channel/UCcXMGAm6Cx72kveyt9P6pBw.html]
[www.youtube.com/channel/android-app_/com.google.android.youtube/http/www.youtube.com/channel/UCklfVhDsXJCagKWJ1Ru91fg.2525.delayed]
[www.youtube.com/channel/ios-app_/544007664/vnd.youtube/www.youtube.com/channel/UCklfVhDsXJCagKWJ1Ru91fg.2527.delayed]
[www.youtube.com/channel/UCklfVhDsXJCagKWJ1Ru91fg.html]
[www.youtube.com/android-app_/com.google.android.youtube/http/www.youtube.com/channel/UCklfVhDsXJCagKWJ1Ru91fg.html]
[www.youtube.com/ios-app_/544007664/vnd.youtube/www.youtube.com/channel/UCklfVhDsXJCagKWJ1Ru91fg.html]
[www.youtube.com/android-app_/com.google.android.youtube/http/www.youtube.com/channel/UC9duydx1VXTV0tP7q39S0Lw.html]
[www.youtube.com/ios-app_/544007664/vnd.youtube/www.youtube.com/channel/UC9duydx1VXTV0tP7q39S0Lw.html]
[www.youtube.com/channel/android-app_/com.google.android.youtube/http/www.youtube.com/channel/UC7qTEluetD2pDB7lUBBlKuw.html]
[www.youtube.com/channel/ios-app_/544007664/vnd.youtube/www.youtube.com/channel/UC7qTEluetD2pDB7lUBBlKuw.html]
[www.youtube.com/channel/android-app_/com.google.android.youtube/http/www.youtube.com/channel/UCYCsQyi8im9uPyQyv-J1P_Q.html]
[www.youtube.com/channel/ios-app_/544007664/vnd.youtube/www.youtube.com/channel/UCYCsQyi8im9uPyQyv-J1P_Q.html]
[www.youtube.com/channel/android-app_/com.google.android.youtube/http/www.youtube.com/channel/UCQKAbZugsNRV7gmxsX83QpQ.html]
[www.youtube.com/channel/ios-app_/544007664/vnd.youtube/www.youtube.com/channel/UCQKAbZugsNRV7gmxsX83QpQ.html]
[www.youtube.com/channel/android-app_/com.google.android.youtube/http/www.youtube.com/channel/UCy1lD60lpac64VnqMusOBtw.html]
[www.youtube.com/channel/ios-app_/544007664/vnd.youtube/www.youtube.com/channel/UCy1lD60lpac64VnqMusOBtw.html]
[www.youtube.com/user/BrothersGreenEats/android-app_/com.google.android.youtube/http/www.youtube.com/channel/android-app_/com.google.android.youtube/http/www.youtube.com/channel/android-app_//UCzH5n3Ih5kgQoiDAQt2FwL]
[www.youtube.com/user/BrothersGreenEats/android-app_/com.google.android.youtube/http/www.youtube.com/channel/android-app_/com.google.android.youtube/http/www.youtube.com/channel/ios-app_/5440/UCzH5n3Ih5kgQoiDAQt2FwL]
[www.youtube.com/user/BrothersGreenEats/android-app_/com.google.android.youtube/http/www.youtube.com/channel/ios-app_/544007664/vnd.youtube/www.youtube.com/channel/android-app_/com.google.and/UCzH5n3Ih5kgQoiDAQt2FwL]
[www.youtube.com/user/BrothersGreenEats/android-app_/com.google.android.youtube/http/www.youtube.com/channel/ios-app_/544007664/vnd.youtube/www.youtube.com/channel/ios-app_/544007664/vnd.yout/UCzH5n3Ih5kgQoiDAQt2FwL]
[www.youtube.com/user/BrothersGreenEats/ios-app_/544007664/vnd.youtube/www.youtube.com/channel/android-app_/com.google.android.youtube/http/www.youtube.com/channel/android-app_/com.google.and/UCzH5n3Ih5kgQoiDAQt2FwL]
[www.youtube.com/user/BrothersGreenEats/ios-app_/544007664/vnd.youtube/www.youtube.com/channel/android-app_/com.google.android.youtube/http/www.youtube.com/channel/ios-app_/544007664/vnd.yout/UCzH5n3Ih5kgQoiDAQt2FwL]
[www.youtube.com/user/BrothersGreenEats/ios-app_/544007664/vnd.youtube/www.youtube.com/channel/ios-app_/544007664/vnd.youtube/www.youtube.com/channel/android-app_/com.google.android.youtube/h/UCzH5n3Ih5kgQoiDAQt2FwL]
[www.youtube.com/user/BrothersGreenEats/ios-app_/544007664/vnd.youtube/www.youtube.com/channel/ios-app_/544007664/vnd.youtube/www.youtube.com/channel/ios-app_/544007664/vnd.youtube/www.youtub/UCzH5n3Ih5kgQoiDAQt2FwL]
[www.youtube.com/c/EazySpeezy/android-app_/com.google.android.youtube/http/www.youtube.com/channel/android-app_/com.google.android.youtube/http/www.youtube.com/channel/android-app_/com.google/UCQSEAbOs6vsJfy7WN7iYaG]
[www.youtube.com/c/EazySpeezy/android-app_/com.google.android.youtube/http/www.youtube.com/channel/android-app_/com.google.android.youtube/http/www.youtube.com/channel/ios-app_/544007664/vnd/UCQSEAbOs6vsJfy7WN7iYaG]
[www.youtube.com/c/EazySpeezy/android-app_/com.google.android.youtube/http/www.youtube.com/channel/ios-app_/544007664/vnd.youtube/www.youtube.com/channel/android-app_/com.google.android.youtu/UCQSEAbOs6vsJfy7WN7iYaG]
[www.youtube.com/c/EazySpeezy/android-app_/com.google.android.youtube/http/www.youtube.com/channel/ios-app_/544007664/vnd.youtube/www.youtube.com/channel/ios-app_/544007664/vnd.youtube/www.yo/UCQSEAbOs6vsJfy7WN7iYaG]
[www.youtube.com/c/EazySpeezy/ios-app_/544007664/vnd.youtube/www.youtube.com/channel/android-app_/com.google.android.youtube/http/www.youtube.com/channel/android-app_/com.google.android.youtu/UCQSEAbOs6vsJfy7WN7iYaG]
[www.youtube.com/c/EazySpeezy/ios-app_/544007664/vnd.youtube/www.youtube.com/channel/android-app_/com.google.android.youtube/http/www.youtube.com/channel/ios-app_/544007664/vnd.youtube/www.yo/UCQSEAbOs6vsJfy7WN7iYaG]
[www.youtube.com/c/EazySpeezy/ios-app_/544007664/vnd.youtube/www.youtube.com/channel/ios-app_/544007664/vnd.youtube/www.youtube.com/channel/android-app_/com.google.android.youtube/http/www.yo/UCQSEAbOs6vsJfy7WN7iYaG]
[www.youtube.com/c/EazySpeezy/ios-app_/544007664/vnd.youtube/www.youtube.com/channel/ios-app_/544007664/vnd.youtube/www.youtube.com/channel/ios-app_/544007664/vnd.youtube/www.youtube.com/chan/UCQSEAbOs6vsJfy7WN7iYaG]
[www.youtube.com/c/ProfessorBiggyMinecraft/android-app_/com.google.android.youtube/http/www.youtube.com/channel/ios-app_/544007664/vnd.youtube/www.youtube.com/channel/android-app_/com.google/UCgGyN4DSZ6mrcw0ARHikzY]
[www.youtube.com/c/ProfessorBiggyMinecraft/android-app_/com.google.android.youtube/http/www.youtube.com/channel/ios-app_/544007664/vnd.youtube/www.youtube.com/channel/ios-app_/544007664/vnd.y/UCgGyN4DSZ6mrcw0ARHikzY]
[www.youtube.com/c/ProfessorBiggyMinecraft/ios-app_/544007664/vnd.youtube/www.youtube.com/channel/android-app_/com.google.android.youtube/http/www.youtube.com/channel/android-app_/com.google/UCgGyN4DSZ6mrcw0ARHikzY]
[www.youtube.com/c/ProfessorBiggyMinecraft/ios-app_/544007664/vnd.youtube/www.youtube.com/channel/android-app_/com.google.android.youtube/http/www.youtube.com/channel/ios-app_/544007664/vnd.y/UCgGyN4DSZ6mrcw0ARHikzY]
[www.youtube.com/c/ProfessorBiggyMinecraft/ios-app_/544007664/vnd.youtube/www.youtube.com/channel/ios-app_/544007664/vnd.youtube/www.youtube.com/channel/android-app_/com.google.android.youtub/UCgGyN4DSZ6mrcw0ARHikzY]
[www.youtube.com/c/ProfessorBiggyMinecraft/ios-app_/544007664/vnd.youtube/www.youtube.com/channel/ios-app_/544007664/vnd.youtube/www.youtube.com/channel/ios-app_/544007664/vnd.youtube/www.you/UCgGyN4DSZ6mrcw0ARHikzY]
[www.youtube.com/channel/android-app_/com.google.android.youtube/http/www.youtube.com/channel/UCNu8JJDn2lO6Zb4lcRb7GVg.html]
[www.youtube.com/channel/ios-app_/544007664/vnd.youtube/www.youtube.com/channel/UCNu8JJDn2lO6Zb4lcRb7GVg.html]
[www.youtube.com/channel/android-app_/com.google.android.youtube/http/www.youtube.com/channel/UCyyhA9vazU2bbFbUM9JxEpg.html]
[www.youtube.com/channel/ios-app_/544007664/vnd.youtube/www.youtube.com/channel/UCyyhA9vazU2bbFbUM9JxEpg.html]
[www.youtube.com/channel/android-app_/com.google.android.youtube/http/www.youtube.com/channel/UC2QrsAs1AKG4w2v0950SC2A.html]
[www.youtube.com/channel/ios-app_/544007664/vnd.youtube/www.youtube.com/channel/UC2QrsAs1AKG4w2v0950SC2A.html]
[www.youtube.com/channel/android-app_/com.google.android.youtube/http/www.youtube.com/channel/UC2k0KJH-WynZL5VlXxko5vQ.html]
[www.youtube.com/channel/ios-app_/544007664/vnd.youtube/www.youtube.com/channel/UC2k0KJH-WynZL5VlXxko5vQ.html]
[www.youtube.com/channel/android-app_/com.google.android.youtube/http/www.youtube.com/channel/UCtUbO6rBht0daVIOGML3c8w.html]
[www.youtube.com/channel/ios-app_/544007664/vnd.youtube/www.youtube.com/channel/UCtUbO6rBht0daVIOGML3c8w.html]
[www.youtube.com/channel/android-app_/com.google.android.youtube/http/www.youtube.com/channel/UCyu8hwmz5EviXDl37_nQqdg.html]
[www.youtube.com/channel/ios-app_/544007664/vnd.youtube/www.youtube.com/channel/UCyu8hwmz5EviXDl37_nQqdg.html]
[www.youtube.com/channel/android-app_/com.google.android.youtube/http/www.youtube.com/channel/UC7RRLtSjvlNYZCVjx-32NtA.html]
[www.youtube.com/channel/ios-app_/544007664/vnd.youtube/www.youtube.com/channel/UC7RRLtSjvlNYZCVjx-32NtA.html]
[www.youtube.com/channel/android-app_/com.google.android.youtube/http/www.youtube.com/channel/UC42NgAW2U0ZF_HTUw4mE_gQ.html]
[www.youtube.com/channel/ios-app_/544007664/vnd.youtube/www.youtube.com/channel/UC42NgAW2U0ZF_HTUw4mE_gQ.html]
[www.youtube.com/c/IamMoBo/android-app_/com.google.android.youtube/http/www.youtube.com/channel/android-app_/com.google.android.youtube/http/www.youtube.com/channel/android-app_/com.google.an/UCJswRv22oiUgmT1FuFeUek]
[www.youtube.com/c/IamMoBo/android-app_/com.google.android.youtube/http/www.youtube.com/channel/android-app_/com.google.android.youtube/http/www.youtube.com/channel/ios-app_/544007664/vnd.you/UCJswRv22oiUgmT1FuFeUek]
[www.youtube.com/c/IamMoBo/android-app_/com.google.android.youtube/http/www.youtube.com/channel/ios-app_/544007664/vnd.youtube/www.youtube.com/channel/android-app_/com.google.android.youtube//UCJswRv22oiUgmT1FuFeUek]
[www.youtube.com/c/IamMoBo/android-app_/com.google.android.youtube/http/www.youtube.com/channel/ios-app_/544007664/vnd.youtube/www.youtube.com/channel/ios-app_/544007664/vnd.youtube/www.youtu/UCJswRv22oiUgmT1FuFeUek]
[www.youtube.com/c/IamMoBo/ios-app_/544007664/vnd.youtube/www.youtube.com/channel/android-app_/com.google.android.youtube/http/www.youtube.com/channel/android-app_/com.google.android.youtube//UCJswRv22oiUgmT1FuFeUek]
[www.youtube.com/c/IamMoBo/ios-app_/544007664/vnd.youtube/www.youtube.com/channel/android-app_/com.google.android.youtube/http/www.youtube.com/channel/ios-app_/544007664/vnd.youtube/www.youtu/UCJswRv22oiUgmT1FuFeUek]
[www.youtube.com/c/IamMoBo/ios-app_/544007664/vnd.youtube/www.youtube.com/channel/ios-app_/544007664/vnd.youtube/www.youtube.com/channel/android-app_/com.google.android.youtube/http/www.youtu/UCJswRv22oiUgmT1FuFeUek]
[www.youtube.com/c/IamMoBo/ios-app_/544007664/vnd.youtube/www.youtube.com/channel/ios-app_/544007664/vnd.youtube/www.youtube.com/channel/ios-app_/544007664/vnd.youtube/www.youtube.com/channel/UCJswRv22oiUgmT1FuFeUek]
[www.youtube.com/channel/android-app_/com.google.android.youtube/http/www.youtube.com/channel/UCdwCJM5ScKKKW7dQmDUIIdA.html]
[www.youtube.com/channel/ios-app_/544007664/vnd.youtube/www.youtube.com/channel/UCdwCJM5ScKKKW7dQmDUIIdA.html]
[www.youtube.com/channel/android-app_/com.google.android.youtube/http/www.youtube.com/channel/UCrPseYLGpNygVi34QpGNqpA.html]
[www.youtube.com/channel/ios-app_/544007664/vnd.youtube/www.youtube.com/channel/UCrPseYLGpNygVi34QpGNqpA.html]
[www.youtube.com/android-app_/com.google.android.youtube/http/www.youtube.com/channel/UCQSEAbOs6vsJfy7WN7iYaGQ.html]
[www.youtube.com/ios-app_/544007664/vnd.youtube/www.youtube.com/channel/UCQSEAbOs6vsJfy7WN7iYaGQ.html]
[www.youtube.com/channel/android-app_/com.google.android.youtube/http/www.youtube.com/channel/UCxQrToVDBwHKuyIr47X04yA.252d.delayed]
[www.youtube.com/channel/ios-app_/544007664/vnd.youtube/www.youtube.com/channel/UCxQrToVDBwHKuyIr47X04yA.252f.delayed]
[www.youtube.com/channel/UCxQrToVDBwHKuyIr47X04yA.html]
[www.youtube.com/android-app_/com.google.android.youtube/http/www.youtube.com/channel/UCxQrToVDBwHKuyIr47X04yA.html]
[www.youtube.com/ios-app_/544007664/vnd.youtube/www.youtube.com/channel/UCxQrToVDBwHKuyIr47X04yA.html]
[www.youtube.com/shorts/android-app_/com.google.android.youtube/http/www.youtube.com/shorts/8uSE7G_Dv7w.253320ce.delayed]
[www.youtube.com/shorts/ios-app_/544007664/vnd.youtube/www.youtube.com/shorts/8uSE7G_Dv7w.253520ce.delayed]
[www.youtube.com/shorts/8uSE7G_Dv7w20ce.html]
[www.youtube.com/shorts/android-app_/com.google.android.youtube/http/www.youtube.com/shorts/8uSE7G_Dv7w.html]
[www.youtube.com/shorts/ios-app_/544007664/vnd.youtube/www.youtube.com/shorts/8uSE7G_Dv7w.html]
[www.youtube.com/android-app_/com.google.android.youtube/http/www.youtube.com/channel/UCJswRv22oiUgmT1FuFeUekw.html]
[www.youtube.com/ios-app_/544007664/vnd.youtube/www.youtube.com/channel/UCJswRv22oiUgmT1FuFeUekw.html]
[www.youtube.com/channel/android-app_/com.google.android.youtube/http/www.youtube.com/channel/UCLCdyRg3u5O-EVP5p46QxcQ.html]
[www.youtube.com/channel/ios-app_/544007664/vnd.youtube/www.youtube.com/channel/UCLCdyRg3u5O-EVP5p46QxcQ.html]
[www.youtube.com/channel/android-app_/com.google.android.youtube/http/www.youtube.com/channel/UCAJ-meoCh1TrPZ7La3UpPrw.html]
[www.youtube.com/channel/ios-app_/544007664/vnd.youtube/www.youtube.com/channel/UCAJ-meoCh1TrPZ7La3UpPrw.html]
[www.youtube.com/channel/android-app_/com.google.android.youtube/http/www.youtube.com/channel/UCpRx8BFSkdVx8MAW8unaJcw.html]
[www.youtube.com/channel/ios-app_/544007664/vnd.youtube/www.youtube.com/channel/UCpRx8BFSkdVx8MAW8unaJcw.html]
[www.youtube.com/channel/android-app_/com.google.android.youtube/http/www.youtube.com/channel/UC-lHJZR3Gqxm24_Vd_AJ5Yw.html]
[www.youtube.com/channel/ios-app_/544007664/vnd.youtube/www.youtube.com/channel/UC-lHJZR3Gqxm24_Vd_AJ5Yw.html]
[www.youtube.com/channel/android-app_/com.google.android.youtube/http/www.youtube.com/channel/UCcjIvuxmWlS5IEQ0JdPV4Ng.html]
[www.youtube.com/channel/ios-app_/544007664/vnd.youtube/www.youtube.com/channel/UCcjIvuxmWlS5IEQ0JdPV4Ng.html]
[www.youtube.com/channel/android-app_/com.google.android.youtube/http/www.youtube.com/channel/UCaY_-ksFSQtTGk0y1HA_3YQ.html]
[www.youtube.com/channel/ios-app_/544007664/vnd.youtube/www.youtube.com/channel/UCaY_-ksFSQtTGk0y1HA_3YQ.html]
[www.youtube.com/channel/android-app_/com.google.android.youtube/http/www.youtube.com/channel/UCFR2oaNj02WnXkOgLH0iqOA.html]
[www.youtube.com/channel/ios-app_/544007664/vnd.youtube/www.youtube.com/channel/UCFR2oaNj02WnXkOgLH0iqOA.html]
[www.youtube.com/channel/android-app_/com.google.android.youtube/http/www.youtube.com/channel/UCpaaQyTQhpZBC1cw3D9Ciog.2539.delayed]
[www.youtube.com/channel/ios-app_/544007664/vnd.youtube/www.youtube.com/channel/UCpaaQyTQhpZBC1cw3D9Ciog.253b.delayed]
[www.youtube.com/channel/UCpaaQyTQhpZBC1cw3D9Ciog.html]
[www.youtube.com/android-app_/com.google.android.youtube/http/www.youtube.com/channel/UCpaaQyTQhpZBC1cw3D9Ciog.html]
[www.youtube.com/ios-app_/544007664/vnd.youtube/www.youtube.com/channel/UCpaaQyTQhpZBC1cw3D9Ciog.html]
[www.youtube.com/shorts/android-app_/com.google.android.youtube/http/www.youtube.com/shorts/N3Lrxk1KBng.253f20ce.delayed]
[www.youtube.com/shorts/ios-app_/544007664/vnd.youtube/www.youtube.com/shorts/N3Lrxk1KBng.254120ce.delayed]
[www.youtube.com/shorts/N3Lrxk1KBng20ce.html]
[www.youtube.com/shorts/android-app_/com.google.android.youtube/http/www.youtube.com/shorts/N3Lrxk1KBng.html]
[www.youtube.com/shorts/ios-app_/544007664/vnd.youtube/www.youtube.com/shorts/N3Lrxk1KBng.html]
[www.youtube.com/android-app_/com.google.android.youtube/http/www.youtube.com/channel/UClFN9LShD_Pv0wnSeUKbUZw.html]
[www.youtube.com/ios-app_/544007664/vnd.youtube/www.youtube.com/channel/UClFN9LShD_Pv0wnSeUKbUZw.html]
[www.youtube.com/channel/android-app_/com.google.android.youtube/http/www.youtube.com/channel/UCxjMQBafG08mvyyVZ484S5g.html]
[www.youtube.com/channel/ios-app_/544007664/vnd.youtube/www.youtube.com/channel/UCxjMQBafG08mvyyVZ484S5g.html]
[www.youtube.com/channel/android-app_/com.google.android.youtube/http/www.youtube.com/channel/UCA4rJTnGwCpi7sTQVXM1GVQ.html]
[www.youtube.com/channel/ios-app_/544007664/vnd.youtube/www.youtube.com/channel/UCA4rJTnGwCpi7sTQVXM1GVQ.html]
[www.youtube.com/channel/android-app_/com.google.android.youtube/http/www.youtube.com/channel/UC9kN-ROrTY81zH856AxXuGQ.html]
[www.youtube.com/channel/ios-app_/544007664/vnd.youtube/www.youtube.com/channel/UC9kN-ROrTY81zH856AxXuGQ.html]
[www.youtube.com/channel/android-app_/com.google.android.youtube/http/www.youtube.com/channel/UCbaOWk9XiTHIitm0YVH5xKg.html]
[www.youtube.com/channel/ios-app_/544007664/vnd.youtube/www.youtube.com/channel/UCbaOWk9XiTHIitm0YVH5xKg.html]
[www.youtube.com/shorts/POST.html]
[www.youtube.com/shorts/android-app_/com.google.android.youtube/http/www.youtube.com/shorts/l6Vg7ybO5Ac.254520ce.delayed]
[www.youtube.com/shorts/ios-app_/544007664/vnd.youtube/www.youtube.com/shorts/l6Vg7ybO5Ac.254720ce.delayed]
[www.youtube.com/shorts/l6Vg7ybO5Ac20ce.html]
[www.youtube.com/shorts/android-app_/com.google.android.youtube/http/www.youtube.com/shorts/l6Vg7ybO5Ac.html]
[www.youtube.com/shorts/ios-app_/544007664/vnd.youtube/www.youtube.com/shorts/l6Vg7ybO5Ac.html]
[www.youtube.com/channel/android-app_/com.google.android.youtube/http/www.youtube.com/channel/UCv5R_Lzpu-4PopdHiDaH7-A.254a.delayed]
[www.youtube.com/channel/ios-app_/544007664/vnd.youtube/www.youtube.com/channel/UCv5R_Lzpu-4PopdHiDaH7-A.254c.delayed]
[www.youtube.com/channel/UCv5R_Lzpu-4PopdHiDaH7-A.html]
[www.youtube.com/android-app_/com.google.android.youtube/http/www.youtube.com/channel/UCv5R_Lzpu-4PopdHiDaH7-A.html]
[www.youtube.com/ios-app_/544007664/vnd.youtube/www.youtube.com/channel/UCv5R_Lzpu-4PopdHiDaH7-A.html]
[www.youtube.com/c/XuanLanYoga/android-app_/com.google.android.youtube/http/www.youtube.com/channel/android-app_/com.google.android.youtube/http/www.youtube.com/channel/android-app_/com.googl/UCKQgiVPqEPU0tImAjFG5lN]
[www.youtube.com/c/XuanLanYoga/android-app_/com.google.android.youtube/http/www.youtube.com/channel/android-app_/com.google.android.youtube/http/www.youtube.com/channel/ios-app_/544007664/vnd/UCKQgiVPqEPU0tImAjFG5lN]
[www.youtube.com/c/XuanLanYoga/android-app_/com.google.android.youtube/http/www.youtube.com/channel/ios-app_/544007664/vnd.youtube/www.youtube.com/channel/android-app_/com.google.android.yout/UCKQgiVPqEPU0tImAjFG5lN]
[www.youtube.com/c/XuanLanYoga/android-app_/com.google.android.youtube/http/www.youtube.com/channel/ios-app_/544007664/vnd.youtube/www.youtube.com/channel/ios-app_/544007664/vnd.youtube/www.y/UCKQgiVPqEPU0tImAjFG5lN]
[www.youtube.com/c/XuanLanYoga/ios-app_/544007664/vnd.youtube/www.youtube.com/channel/android-app_/com.google.android.youtube/http/www.youtube.com/channel/android-app_/com.google.android.yout/UCKQgiVPqEPU0tImAjFG5lN]
[www.youtube.com/c/XuanLanYoga/ios-app_/544007664/vnd.youtube/www.youtube.com/channel/android-app_/com.google.android.youtube/http/www.youtube.com/channel/ios-app_/544007664/vnd.youtube/www.y/UCKQgiVPqEPU0tImAjFG5lN]
[www.youtube.com/c/XuanLanYoga/ios-app_/544007664/vnd.youtube/www.youtube.com/channel/ios-app_/544007664/vnd.youtube/www.youtube.com/channel/android-app_/com.google.android.youtube/http/www.y/UCKQgiVPqEPU0tImAjFG5lN]
[www.youtube.com/c/XuanLanYoga/ios-app_/544007664/vnd.youtube/www.youtube.com/channel/ios-app_/544007664/vnd.youtube/www.youtube.com/channel/ios-app_/544007664/vnd.youtube/www.youtube.com/cha/UCKQgiVPqEPU0tImAjFG5lN]
[www.youtube.com/shorts/android-app_/com.google.android.youtube/http/www.youtube.com/shorts/MG5f7jETiU020ce.html]
[www.youtube.com/shorts/ios-app_/544007664/vnd.youtube/www.youtube.com/shorts/MG5f7jETiU020ce.html]
[www.youtube.com/channel/android-app_/com.google.android.youtube/http/www.youtube.com/channel/UCiXKTdHsvNxKzBFWsWTlsYQ.html]
[www.youtube.com/channel/ios-app_/544007664/vnd.youtube/www.youtube.com/channel/UCiXKTdHsvNxKzBFWsWTlsYQ.html]
[www.youtube.com/channel/android-app_/com.google.android.youtube/http/www.youtube.com/channel/UCxYVPua6HC46HzgT8IIn3vg.html]
[www.youtube.com/channel/ios-app_/544007664/vnd.youtube/www.youtube.com/channel/UCxYVPua6HC46HzgT8IIn3vg.html]
[www.youtube.com/channel/android-app_/com.google.android.youtube/http/www.youtube.com/channel/UC-0CzRZeML8zw4pFTVDq65Q.html]
[www.youtube.com/channel/ios-app_/544007664/vnd.youtube/www.youtube.com/channel/UC-0CzRZeML8zw4pFTVDq65Q.html]
[www.youtube.com/channel/android-app_/com.google.android.youtube/http/www.youtube.com/channel/UCw3_asTSehMF-MbF1cluGCw.html]
[www.youtube.com/channel/ios-app_/544007664/vnd.youtube/www.youtube.com/channel/UCw3_asTSehMF-MbF1cluGCw.html]
[www.youtube.com/channel/android-app_/com.google.android.youtube/http/www.youtube.com/channel/UCciuZl2ydLCvN5txlLW0rIg.html]
[www.youtube.com/channel/ios-app_/544007664/vnd.youtube/www.youtube.com/channel/UCciuZl2ydLCvN5txlLW0rIg.html]
[www.youtube.com/channel/android-app_/com.google.android.youtube/http/www.youtube.com/channel/UCGbxOeCBuGSsKvt4g9lEv3A.html]
[www.youtube.com/channel/ios-app_/544007664/vnd.youtube/www.youtube.com/channel/UCGbxOeCBuGSsKvt4g9lEv3A.html]
[www.youtube.com/channel/android-app_/com.google.android.youtube/http/www.youtube.com/channel/UC6a8lp6vaCMhUVXPyynhjUA.html]
[www.youtube.com/channel/ios-app_/544007664/vnd.youtube/www.youtube.com/channel/UC6a8lp6vaCMhUVXPyynhjUA.html]
[www.youtube.com/channel/android-app_/com.google.android.youtube/http/www.youtube.com/channel/UCqQj8nToSx7Sh_VH_UTIuhw.html]
[www.youtube.com/channel/ios-app_/544007664/vnd.youtube/www.youtube.com/channel/UCqQj8nToSx7Sh_VH_UTIuhw.html]
[www.youtube.com/channel/android-app_/com.google.android.youtube/http/www.youtube.com/channel/UCA-KlAZjhiKL3WmRN_mSmWQ.html]
[www.youtube.com/channel/ios-app_/544007664/vnd.youtube/www.youtube.com/channel/UCA-KlAZjhiKL3WmRN_mSmWQ.html]
[www.youtube.com/channel/android-app_/com.google.android.youtube/http/www.youtube.com/channel/UCoC47do520os_4DBMEFGg4A.2550.delayed]
[www.youtube.com/channel/ios-app_/544007664/vnd.youtube/www.youtube.com/channel/UCoC47do520os_4DBMEFGg4A.2552.delayed]
[www.youtube.com/channel/UCoC47do520os_4DBMEFGg4A.html]
[www.youtube.com/android-app_/com.google.android.youtube/http/www.youtube.com/channel/UCoC47do520os_4DBMEFGg4A.html]
[www.youtube.com/ios-app_/544007664/vnd.youtube/www.youtube.com/channel/UCoC47do520os_4DBMEFGg4A.html]
[www.youtube.com/channel/android-app_/com.google.android.youtube/http/www.youtube.com/channel/UCSQkQjPhnZw12Hj-SfsbX8w.2556.delayed]
[www.youtube.com/channel/ios-app_/544007664/vnd.youtube/www.youtube.com/channel/UCSQkQjPhnZw12Hj-SfsbX8w.2558.delayed]
[www.youtube.com/channel/UCSQkQjPhnZw12Hj-SfsbX8w.html]
[www.youtube.com/android-app_/com.google.android.youtube/http/www.youtube.com/channel/UCSQkQjPhnZw12Hj-SfsbX8w.html]
[www.youtube.com/ios-app_/544007664/vnd.youtube/www.youtube.com/channel/UCSQkQjPhnZw12Hj-SfsbX8w.html]
[www.youtube.com/channel/android-app_/com.google.android.youtube/http/www.youtube.com/channel/UC0M0rxSz3IF0CsSour1iWmw.html]
[www.youtube.com/channel/ios-app_/544007664/vnd.youtube/www.youtube.com/channel/UC0M0rxSz3IF0CsSour1iWmw.html]
[www.youtube.com/channel/android-app_/com.google.android.youtube/http/www.youtube.com/channel/UCZaT_X_mc0BI-djXOlfhqWQ.html]
[www.youtube.com/channel/ios-app_/544007664/vnd.youtube/www.youtube.com/channel/UCZaT_X_mc0BI-djXOlfhqWQ.html]
[www.youtube.com/channel/android-app_/com.google.android.youtube/http/www.youtube.com/channel/UC2lU0xK5HgeNwzFaWKuBt8A.html]
[www.youtube.com/channel/ios-app_/544007664/vnd.youtube/www.youtube.com/channel/UC2lU0xK5HgeNwzFaWKuBt8A.html]
[www.youtube.com/channel/android-app_/com.google.android.youtube/http/www.youtube.com/channel/UC91hwYeQmsqOPsKGwzrt6uw.html]
[www.youtube.com/channel/ios-app_/544007664/vnd.youtube/www.youtube.com/channel/UC91hwYeQmsqOPsKGwzrt6uw.html]
[www.youtube.com/channel/android-app_/com.google.android.youtube/http/www.youtube.com/channel/UC5Isss4zMs5ILLBRtWE0wrw.html]
[www.youtube.com/channel/ios-app_/544007664/vnd.youtube/www.youtube.com/channel/UC5Isss4zMs5ILLBRtWE0wrw.html]
[www.youtube.com/channel/android-app_/com.google.android.youtube/http/www.youtube.com/channel/UCjYO25ZVJT523TD1iYHzcbw.html]
[www.youtube.com/channel/ios-app_/544007664/vnd.youtube/www.youtube.com/channel/UCjYO25ZVJT523TD1iYHzcbw.html]
[www.youtube.com/channel/android-app_/com.google.android.youtube/http/www.youtube.com/channel/UC9HlWVtENbiMQzVRmnbJxtw.html]
[www.youtube.com/channel/ios-app_/544007664/vnd.youtube/www.youtube.com/channel/UC9HlWVtENbiMQzVRmnbJxtw.html]
[www.youtube.com/channel/android-app_/com.google.android.youtube/http/www.youtube.com/channel/UCBfa0oRc7GJv_gYQIzHKsEw.html]
[www.youtube.com/channel/ios-app_/544007664/vnd.youtube/www.youtube.com/channel/UCBfa0oRc7GJv_gYQIzHKsEw.html]
[www.youtube.com/channel/android-app_/com.google.android.youtube/http/www.youtube.com/channel/UCklfVhDsXJCagKWJ1Ru91fg.html]
[www.youtube.com/channel/ios-app_/544007664/vnd.youtube/www.youtube.com/channel/UCklfVhDsXJCagKWJ1Ru91fg.html]
[www.youtube.com/channel/android-app_/com.google.android.youtube/http/www.youtube.com/channel/UCxQrToVDBwHKuyIr47X04yA.html]
[www.youtube.com/channel/ios-app_/544007664/vnd.youtube/www.youtube.com/channel/UCxQrToVDBwHKuyIr47X04yA.html]
[www.youtube.com/shorts/android-app_/com.google.android.youtube/http/www.youtube.com/shorts/8uSE7G_Dv7w20ce.html]
[www.youtube.com/shorts/ios-app_/544007664/vnd.youtube/www.youtube.com/shorts/8uSE7G_Dv7w20ce.html]
[www.youtube.com/channel/android-app_/com.google.android.youtube/http/www.youtube.com/channel/UCpaaQyTQhpZBC1cw3D9Ciog.html]
[www.youtube.com/channel/ios-app_/544007664/vnd.youtube/www.youtube.com/channel/UCpaaQyTQhpZBC1cw3D9Ciog.html]
[www.youtube.com/shorts/android-app_/com.google.android.youtube/http/www.youtube.com/shorts/N3Lrxk1KBng20ce.html]
[www.youtube.com/shorts/ios-app_/544007664/vnd.youtube/www.youtube.com/shorts/N3Lrxk1KBng20ce.html]
[www.youtube.com/shorts/android-app_/com.google.android.youtube/http/www.youtube.com/shorts/l6Vg7ybO5Ac20ce.html]
[www.youtube.com/shorts/ios-app_/544007664/vnd.youtube/www.youtube.com/shorts/l6Vg7ybO5Ac20ce.html]
[www.youtube.com/channel/android-app_/com.google.android.youtube/http/www.youtube.com/channel/UCv5R_Lzpu-4PopdHiDaH7-A.html]
[www.youtube.com/channel/ios-app_/544007664/vnd.youtube/www.youtube.com/channel/UCv5R_Lzpu-4PopdHiDaH7-A.html]
[www.youtube.com/channel/android-app_/com.google.android.youtube/http/www.youtube.com/channel/UCoC47do520os_4DBMEFGg4A.html]
[www.youtube.com/channel/ios-app_/544007664/vnd.youtube/www.youtube.com/channel/UCoC47do520os_4DBMEFGg4A.html]
[www.youtube.com/channel/android-app_/com.google.android.youtube/http/www.youtube.com/channel/UCSQkQjPhnZw12Hj-SfsbX8w.html]
[www.youtube.com/channel/ios-app_/544007664/vnd.youtube/www.youtube.com/channel/UCSQkQjPhnZw12Hj-SfsbX8w.html]
